338
DEA
352
39D
145
F53
02A
2F8
DB1
F97
E8C
0BF
027
EE4
FDF
0CB
371
EAC
0AA
2FC
015
0C0
08A
24F
1A7
07B
088
0C8
EF4
13C
040
E0D
0F2
FAA
01F
E8A
189
EB5
268
DE9
141
F3B
03E
EA3
E52
120
F01
226
CA0
457
2E6
FD4
0B9
07B
EB7
D5D
067
045
E8C
347
0E9
3AE
F61
182
1B5
F0F
16C
228
097
302
0A1
E71
F55
0E4
F91
1BE
234
0AA
F55
127
0C2
06B
00B
EAB
285
062
0E7
E4E
FF1
EDD
0E1
37F
1DF
1B6
24D
16F
0D9
EF7
E78
D44
088
F18
F02
019
08A
F0A
183
E85
01D
4F8
093
154
F13
217
061
D51
FE1
F9C
F86
EBD
F5F
114
C1B
FE1
015
CE5
0A9
FE8
0D9
140
45A
F0D
F05
040
E13
DA3
F63
099
C7F
F1A
102
070
0EF
03E
0FF
1A8
23E
C52
FDA
DB8
DF7
F88
224
0BF
05F
D22
07D
091
11E
0AA
0A3
0CE
125
063
F00
261
E91
F37
09D
CDB
1AC
178
232
269
177
FFE
035
0AF
0C4
F78
03B
477
F6C
0D6
0B6
062
1A9
FE2
F79
E2F
115
0C8
1D5
297
1A3
EAD
F85
F73
3BD
05D
0B7
F8E
01C
003
F7C
FCC
096
006
DF5
E06
D98
E7A
102
F80
D91
1AD
17E
EAE
F83
2C7
1E2
FB2
DE5
F26
2D8
01F
D46
F3D
268
EA2
EB9
1BB
212
D7A
EA5
2F9
303
091
ED5
314
281
CE3
E6A
EE9
1F4
182
E9D
F5B
EEA
0BA
F72
FF4
E7A
2EC
03B
126
16D
095
252
218
221
F3E
F32
2BD
03B
1A1
177
DB7
D94
DA0
E1D
408
224
D53
FDD
137
04D
F3F
F2E
FF1
FFB
492
137
F5D
F5A
12E
044
E06
00B
196
12D
181
CFF
221
058
FF6
EFC
DD3
EF9
292
FD7
2F8
E39
574
E87
091
EB9
151
01D
263
F86
27F
D9E
F2B
2D5
1B1
FE8
D01
180
CA8
0BB
EC5
EFD
008
0BE
F80
E82
228
DE9
07F
B3F
D27
EE1
F66
F3A
0BB
264
FB6
1A6
E32
F9E
014
022
134
EB0
111
0D1
E46
20C
DFA
184
0C6
E88
062
D98
F26
E88
FB1
18F
3BB
E7B
43B
F98
E63
06B
36D
EB6
FBF
160
E04
E04
199
EC4
00D
DB3
E5C
F83
079
ED1
14D
F40
E49
1D4
149
E24
FFE
053
0DD
147
DA1
D60
391
E94
E44
F8B
172
E10
ECD
16C
FF4
EB0
ED4
D78
E6C
E1C
015
3E4
F58
FC7
09E
0B9
1A0
E3B
E58
4CC
E45
F03
37A
DC1
E78
D40
120
F1D
098
1FC
D58
F01
E93
DDF
F49
E97
0AC
F59
19A
28E
0F2
022
0E9
12A
1BB
0B3
ED3
D2A
F20
132
150
EC6
C75
F13
EF7
FE8
F1D
15D
DD7
CD7
D9F
EEF
F95
060
F44
DCB
141
00C
E97
F08
D35
FC3
12C
F76
DF7
14D
037
3F7
06E
F57
E79
00C
F74
11E
D98
F9C
009
1C1
016
F1D
F01
F71
E94
199
25D
F15
EAF
257
FBF
FFD
0E8
C9F
074
FB7
196
0BB
053
193
FE7
19B
2EE
FD0
2C7
F6D
084
DEA
F69
33B
E76
0DA
06D
C2E
F59
EE7
09F
CDD
182
EB8
EC5
241
CE2
FD7
E8D
F9F
EE1
F74
0B3
44A
FCA
2F3
E1D
D70
0FE
C3D
0F2
024
091
140
D8B
1C2
220
F43
F78
0BA
E92
E45
07F
FB7
DAC
FE2
E46
F34
30D
140
04A
FB3
02B
E64
14A
160
168
0E5
DED
071
DBE
06E
0EA
0BE
0A0
DFC
0A0
FFC
073
FB2
DE4
F6F
372
212
FA3
425
18F
0E5
1FD
0D5
02C
E06
D94
117
055
0F7
066
FDA
E39
F18
E43
F20
3D8
117
3DB
244
EE3
068
F96
0F2
030
CEC
EC9
F87
F9B
BAC
0A9
DB7
103
0A7
13D
13B
077
FA2
130
BEC
DFA
E4F
0D2
0C3
1E8
0D0
F00
015
F66
F1D
E56
F07
F27
E6E
FF4
EA7
F2F
123
1F2
0D9
088
F71
1C6
17E
05A
E99
39B
1E0
048
093
138
0C8
C1C
F44
255
056
111
F24
EE6
15C
08F
101
DBF
EF6
FF2
F56
D7A
FF8
0EB
012
F8F
E39
E7A
EA8
DB9
1F3
0B2
DDA
095
0A1
FB5
FEA
013
3CE
300
097
0AE
1F5
FDE
B4D
29E
DEC
152
F9B
171
275
EB6
153
FBB
06B
FFD
E20
260
FF5
E1D
10B
000
D39
F3D
ED4
24E
0F1
FF1
FB5
FEC
BFC
F31
F25
011
CCF
0B6
28B
F1E
F12
EFA
217
260
0E1
14B
DF9
189
02B
F9D
FD8
2A8
05F
1CB
172
03C
0BA
DAA
EFF
F6B
119
F73
428
43B
28F
03A
03E
238
E0D
D0C
C2F
F72
FAA
FF0
DFD
C6E
E75
1DD
0BB
E24
B8E
D27
D79
E76
F0E
F86
005
FB3
E1C
F18
150
FD7
15D
02D
2C4
F7D
D75
E9B
158
FF1
32E
F22
F6B
18A
159
CFC
075
F52
391
E01
E90
EC6
1D3
068
E46
00E
045
E51
F16
101
FF9
F97
E81
F7D
19D
CB8
F1F
10C
E0F
EC6
F1B
F85
0A7
09E
0E4
1CA
1FD
E40
0ED
FFD
2D9
069
12A
FA0
074
FC1
F68
373
DD7
D68
D92
3E7
0BF
E0F
175
F15
294
F45
233
38F
1FB
F0F
EDA
F0C
021
203
0BB
284
E9C
F20
085
0B0
FA8
E68
E69
FBF
0E2
D4D
FA4
EDE
0BF
191
0F7
1FF
F1E
0FD
22F
294
06F
13F
FA0
03B
F91
005
DFB
0C9
311
E90
EF6
E2F
016
05A
221
E62
05A
224
D68
1BE
DFA
EF1
E59
F98
F5B
0CF
E7D
008
072
F52
E6C
E54
245
E2F
F93
E37
16A
0B5
22F
020
0AC
1D8
09F
CB0
EDC
1CF
F17
F85
09A
C7C
30A
1E4
E9F
D81
3C0
09D
254
F41
141
F43
E10
22D
FB6
E2D
E43
DBD
FE4
165
FA4
E29
17D
0C1
071
141
026
1E6
11B
342
10F
053
215
F40
077
E41
0E8
F50
E9A
F92
E7A
267
112
E15
DE3
18A
E71
F30
F65
02D
F2B
124
30E
30B
009
266
F0F
F15
1FB
D96
EA5
0CE
EB7
FA9
17A
1F8
D25
00E
015
FE5
0E6
EF0
1C7
08D
1BB
F8E
F11
0D2
E4D
306
232
FA1
060
105
EEF
1AF
022
387
116
F8A
F69
FEB
FC7
046
0F0
EA6
F56
EAE
08E
114
0AC
0E9
FF3
1ED
FCE
12A
2C2
3E7
A8E
D1B
D89
F2B
F6D
C5C
EF1
008
D92
0E2
FBA
030
D73
F3E
1F8
E57
F74
354
DFE
0F4
10D
D6E
DE0
1F5
127
0E2
17D
E93
EBE
007
140
1C8
22E
129
E0D
0D2
FAA
06F
1FB
205
0BD
29B
0BE
1C4
DFE
FBE
0B9
E4C
D5E
1F3
E39
D67
4BE
113
F9A
EE6
F44
F6E
17E
EF9
E45
1C4
012
106
196
FC8
CD8
E48
EC8
0E5
E3C
051
FC2
010
0F0
189
EC1
F23
027
DF9
3D2
15D
E15
1B7
1EE
218
04A
14D
F01
E90
DC1
1E6
0ED
FED
DEB
215
124
11E
032
136
2F6
277
D04
3B5
073
FF5
F6C
D1E
1A7
C75
09D
ED1
EED
29E
D4A
FDE
D46
BA0
F48
13C
15D
DFC
028
1FD
BD0
23B
1BA
DD6
007
0F6
0CD
E87
0CC
04D
E83
ED8
EBA
0A6
E7A
F8C
DC0
18D
F19
05E
FFA
EE0
116
CED
039
06B
EBD
1E4
D17
05C
F6C
F48
F1E
E52
F58
E57
FBA
06A
06E
101
0E1
D9E
F5E
EE0
FE1
F90
1E3
F4D
E7C
09B
EC0
EBC
F10
F43
F10
DD0
FC7
1CF
275
DC2
DB3
00A
257
062
062
293
FD4
E9A
F38
FA7
28B
34C
062
DCC
EAD
019
0DB
E46
F6A
0C5
0EE
D1B
E5A
09F
1CD
EA1
0F6
F1D
060
240
01E
0F9
1F2
2C9
149
411
32B
FA5
DAE
2CD
076
CA6
065
DE3
259
E00
EA6
0B6
E02
2A4
1F2
086
FCA
CDC
EDB
1AB
F9A
0B0
EFF
2ED
FEF
E37
24D
DBA
0A8
F94
04E
F66
EB3
EB8
E74
09B
C36
0EC
0A2
F5D
DFE
184
EF8
FA2
12C
1F1
E1E
4B9
EEE
FF6
239
DF4
09E
F3E
29B
F1C
42E
160
E06
0CD
030
1E4
012
1EC
003
F80
120
05A
F28
F44
2D1
BEC
E9B
07A
EC1
0FE
FAC
DCD
C3F
D0F
EDB
09E
30F
F16
DD8
013
13A
09B
F27
ED5
F8E
0F9
DC3
010
0CC
F53
D72
19C
F01
16F
EAA
2EA
FD1
DF4
D1F
263
00C
F6A
F5F
0EF
CBF
DB9
190
11B
EEF
DF3
D5C
33D
F16
DA6
135
F01
FF0
F72
1CF
0DB
C0F
E71
E04
D9E
0BF
0D0
124
EA1
BF8
E98
F43
E1C
F44
E4E
08D
F26
D08
0F2
E56
0F3
F3A
DDE
104
F82
E5F
263
08F
CE5
213
F15
E9C
291
083
37A
11A
F90
FF8
073
11B
00F
04B
F45
E38
04F
EA7
F2A
EE3
DF1
F1F
F3E
FC2
D2F
F5E
0D0
246
219
0B7
017
F7B
1F5
3BA
F96
E35
C9A
CDD
0A9
207
086
05D
FFF
E67
1C3
C8B
D80
DD3
0B9
0D3
144
003
E08
E6F
F7B
12E
1E9
D8A
1B7
3A5
F85
15A
286
EF0
16F
EFB
E49
030
2F9
DCA
0A1
148
DCA
002
26D
DB9
EAE
093
0CF
FCA
E32
093
E95
11B
E6B
BE1
E55
163
1FE
FDA
0C7
219
06E
E1A
D6B
E7F
2CA
F0B
EBE
35A
27C
E9A
050
F13
051
07D
236
077
EE5
F21
195
EEB
D50
FA3
EB8
07B
15B
F4A
37C
D09
EAA
216
DAD
FAA
1F0
EE4
083
039
FCA
1C4
207
063
CF5
22C
050
CC1
FAF
043
F1A
125
0F3
193
026
06A
EF5
366
ED1
183
F78
DBD
035
E96
094
DFA
0DD
DFA
1BD
D33
225
351
0C2
12B
48E
E8A
0A9
E92
F42
FFB
032
0BA
EEA
196
E9A
FA9
DBD
138
0B2
1E8
035
08C
C85
C21
F6F
F8F
F4D
154
02D
02F
D41
151
187
C32
F69
13E
1A8
ED1
E9D
FDB
C7D
D77
F40
DFE
4C9
0DD
E2C
062
E55
F34
0E4
F6E
E91
BE2
D9A
154
196
E25
E47
080
EA7
2AC
F11
0C3
207
065
FA2
D6F
E5C
110
0FD
FD2
301
D09
B9B
12C
EFD
2FE
0B6
D3F
F2E
072
15E
0FE
F58
F02
262
29C
152
0B8
079
EE9
E57
0EC
11B
1DB
085
15F
C9B
11D
15E
180
0E7
6C9
F93
DFC
111
1B8
F9E
1C1
EC2
F74
F6F
FE0
E86
E0D
085
F53
01B
22B
375
EC4
182
EA7
F9D
0CB
EA4
181
054
004
E12
F83
1F9
F06
ED6
F32
EF0
FC9
0F5
E3F
FD1
14A
02E
FB0
0BD
1AC
EA4
018
0B0
E49
035
C81
209
E44
E7D
FFC
007
BA2
0D1
CDB
124
099
0A6
E38
BAF
DAC
CB9
F48
04B
F3A
012
C8E
0F2
2FC
E4B
F01
098
09D
266
E13
DE4
C89
D62
11D
FF4
158
302
FED
254
EB2
FAA
DA7
0B6
05F
DA9
FD8
146
18F
DC0
0CE
087
0D6
1FF
056
2AC
F63
DA3
FB4
DA0
E8B
267
001
0EF
F3C
E26
04A
140
134
221
DD2
123
E5C
006
C60
FBD
146
00D
0DC
130
FD0
01D
264
3D5
EA1
E9B
17B
D00
18A
E99
E78
F1D
F43
F8E
E04
ED6
F8E
021
015
098
F0A
1D6
DA0
D28
E7C
032
026
39F
FB5
E65
E90
E72
F27
F10
190
EB4
E26
FF4
C71
137
DE4
FE2
238
3BA
173
E72
ED6
1EF
F02
12C
24D
F55
D39
22A
12E
D6E
DDB
F6D
E8E
18A
F4A
F68
018
ED2
CCC
096
00F
F73
015
030
222
0D1
34B
143
FF3
070
F92
EE3
EE5
D69
E5A
0C7
F61
EC9
FA2
0D0
E84
070
118
F14
F11
01A
088
F74
ED7
E84
FE4
1D6
EF0
E66
E1C
020
164
159
FA6
13F
E2D
F5C
23B
E46
FF1
054
F9D
068
06C
054
081
FC6
1AE
04C
F35
259
0C3
0D4
DBA
22D
DD3
DA7
F03
849
800
F43
5C1
717
6BB
0B3
9FF
93A
B04
314
6B0
426
F84
8B9
832
C63
1F3
7FF
59E
EDA
800
800
B16
504
63E
7CD
18D
ACF
800
8F9
024
6A2
7FF
FB4
CF0
8FE
85E
21F
76F
72A
422
BCC
800
805
ECD
450
7FF
2AD
EFD
8AB
947
E86
7FF
5EC
036
CAB
944
800
D2D
64D
78C
6E8
E33
800
A34
CD0
405
7FF
7FF
D62
A65
800
F1A
5DA
688
6C3
D27
BE9
800
CED
4C4
7FF
7FF
217
944
800
A66
FC7
7E6
7B6
47A
D1D
800
A9A
E6A
490
5FD
45E
C65
8F3
967
E7E
36E
67F
3CE
B41
A1B
83E
134
602
7FF
2EA
ECF
977
B6B
F4C
63A
796
536
0D0
800
8AB
ED0
4FE
7FF
522
D13
800
800
DA4
17B
7FF
7FF
DA8
A4C
AAD
B6D
4E8
5A8
602
032
CB1
800
BAF
21A
67F
586
25E
B10
928
919
E71
5D7
7FF
F7F
8A5
800
B28
0D7
726
7FF
01E
A3E
A6D
C63
E27
62B
7FF
6C2
CFB
800
8E4
DE6
6A2
7FF
472
D2A
944
800
030
227
561
32B
FF1
AD8
800
F20
5A4
7FF
54E
D35
800
953
E2E
5B1
7AB
631
19E
800
800
DAF
5FF
7FF
417
163
994
800
95A
FA6
7FF
46C
061
84C
800
A13
0BD
714
644
121
D05
800
A15
1C9
7FF
6C6
028
B12
8CD
800
1B9
67A
7FF
300
CD8
9A0
9C6
05E
6CB
621
668
BE3
800
BA9
EC4
57A
67A
785
8CE
800
848
EE4
582
719
279
EEF
800
9D9
D7B
1FB
7FF
5A9
DD6
B71
85A
FD7
2A7
7FF
784
1EE
99C
9F6
A47
1B7
7FA
5F4
0F4
A16
B58
C63
3FB
7FF
7FF
F81
93D
800
C2D
F87
70E
42D
4D9
BAB
800
B85
D84
7FF
7FF
FDD
CCD
95E
9CA
06A
7A6
7FF
262
DCC
8AB
A51
F69
5A9
6A4
292
B9A
8A9
800
CA9
487
649
2B9
B0C
83E
8FA
D9F
55E
7FF
67A
E47
800
800
E01
3E6
7C1
609
BE1
800
800
F03
390
5F3
409
224
87A
BA4
C5E
3C8
6EB
68A
F41
A1C
800
C14
03B
7EE
6A2
0C8
CC9
C81
C19
368
62B
7FF
20E
C9D
800
9E8
1DA
7FF
7FF
100
B05
800
ADC
FCB
7FF
7FF
540
AFB
A08
800
1FF
4D4
6B1
485
DF4
AFE
9C0
FEA
4B1
77D
22C
D1C
859
9CA
05D
42A
4FD
32F
DDD
964
A31
D90
5A2
7FF
3E1
0CF
800
800
CE9
342
793
58F
22D
884
800
83D
183
5FC
7FF
1FB
800
800
D91
27E
717
7FF
097
800
848
C20
47A
66D
68E
44F
BD3
800
906
064
64C
605
1D3
D4B
A49
96B
FEC
527
65E
28F
D99
800
97A
D95
519
53E
7FF
E15
800
800
DEA
3FA
6C4
0E6
DE7
800
800
D10
731
511
3E5
B8E
8BB
906
D1B
161
7FF
501
F08
800
800
CED
420
682
6ED
036
A4B
A2F
D37
10F
7FF
7FF
EDA
800
9B5
D95
010
7FF
7FD
FB3
DAC
9A0
AF9
FE3
4AB
43C
232
D67
800
967
F7C
7FE
7FF
1D7
96D
A01
BB1
FC6
3BB
7FF
F9A
BFC
800
B23
0D4
649
7FF
51B
92B
8C5
A05
E08
4D3
6A2
7FF
C14
800
B7C
D45
51F
7FF
423
E3D
800
914
E9C
4BD
7FF
55E
06E
A7A
99A
E3D
452
710
3AE
F25
84E
995
E00
3CA
781
7FF
18E
AC0
800
CE2
09A
79E
680
F3D
8C1
850
B2F
FC1
50F
7FF
FD2
800
B1C
A43
2D7
6BC
566
3A1
C76
86D
827
265
6D2
5A7
2E4
AAB
800
A12
024
732
5AD
626
949
922
A3D
F4C
736
7FF
288
BAE
9ED
B6D
EC6
7B9
7FF
42D
B9F
92E
A80
D22
20F
63C
6A2
EA3
A35
800
D2B
48D
7FF
7FF
DBF
BC7
800
F69
340
7FF
526
1EA
A28
869
D76
568
77A
507
E32
AF4
800
C5B
3E7
625
6E0
E7C
B90
800
C3A
32D
4A3
7FF
116
A5B
800
AF8
278
7FF
7FF
187
DD8
800
800
FF2
7FF
7FF
5DA
AFD
909
810
EF1
764
52C
05C
CBF
800
9C5
FFE
691
7CA
5C4
FB2
800
840
CA2
5D5
7FF
545
C43
800
AA3
ECD
50D
7FF
57F
F37
800
800
CD3
40B
7FF
274
F2D
A0E
911
C53
292
7FF
73F
1B3
C4D
824
A10
098
725
6D6
1B7
A35
800
C54
069
7FF
67F
487
C44
800
B19
327
601
682
1A4
F11
893
9F4
022
3A1
7FF
302
8C0
899
800
FC5
47E
7FF
2A5
9C8
800
888
CE0
5C9
748
789
B57
8C8
A10
DBD
240
56C
220
E19
800
82E
E62
52E
7FF
7FF
BA3
95E
C23
F5F
45C
582
799
C7E
A54
844
96F
19B
573
5B9
F0E
B26
800
983
482
780
61D
3AF
800
800
BA5
447
653
7BF
163
BF0
800
800
3AA
7FF
540
008
821
800
C61
EB9
790
7FF
E8B
901
800
A8E
028
79F
766
28F
AB5
864
B56
DE9
7F7
78F
1B4
EAA
800
A88
1A9
4AC
5C3
7F8
CA0
875
800
0AF
614
7FF
438
D72
8CE
AE2
05C
3E8
7FF
4BA
DED
800
82F
E48
4AA
723
72A
FC6
873
8DB
F6B
408
7D5
278
BC4
9BE
8C1
E3F
3E1
6A5
6B4
191
AB0
81D
BE0
38F
7AD
6AE
34D
965
8B6
B2B
39B
7FF
7FF
044
A76
800
954
229
7FF
631
0CA
D65
85A
B79
33B
6A5
7FF
56D
DFE
865
B8B
278
6A1
727
2AF
BC7
916
941
FE2
7FF
5E1
1F4
800
800
962
F21
502
7FF
68B
E87
8CC
A57
E07
688
7FF
1E1
006
881
C16
DEC
424
7FF
596
221
B2A
AE6
C00
44B
7FA
7FF
0A5
8B1
95B
E54
296
7FF
5D2
346
8E1
900
9E6
403
7CC
215
0C8
BE6
800
FD2
EC3
7FF
763
34C
8FE
9A3
E40
29D
62B
7FF
0AB
AF0
800
AEA
2B1
5D4
730
441
CF9
BC0
AF5
242
7FF
5E5
154
9E8
8D0
800
1B8
7FF
788
5B4
EA6
8AA
AF0
E84
503
7FF
1F4
E37
800
9AB
F77
7FF
6BC
7A9
D42
800
800
DBA
3D8
7FF
1F0
CE9
800
9BA
135
7D2
667
38A
DE7
8F2
BA8
CCB
4AF
7FF
3FF
C35
823
B11
C7E
0C1
7FF
620
1F2
839
800
95D
18A
694
3E7
229
9E4
8B1
B47
35B
7FF
7FF
32E
A85
800
A2C
F9A
68E
7FF
160
AC3
800
BED
154
7FF
607
01E
B35
A4A
8D7
237
7EE
7FF
437
DB0
800
8F4
1A8
373
7FF
2CC
EB4
82C
9DF
0AD
7C2
55A
FD5
AE5
800
9CA
FFB
3ED
5C0
40E
9E3
8EA
87C
276
3FE
7FF
3E8
BF7
8AB
A61
FB3
789
7FF
2B8
F53
981
A95
2F0
4B2
7FF
6FE
F59
800
9BA
FC3
4F1
75A
699
0A3
800
800
C10
359
7FF
4E1
2FD
805
800
E6C
0DD
5C8
703
066
A91
830
D14
1FD
63B
472
E00
B27
856
A66
0AC
739
7FF
2BB
A20
800
A7C
072
7FF
7FF
52A
B88
A0A
BC1
2A6
390
754
179
EA4
B32
955
1F1
574
6B4
273
C8E
914
8A2
FCA
594
7FF
2A1
B26
800
9B4
002
6AC
7FF
2CD
EB4
A69
800
ECA
2FF
7FF
648
16E
A14
800
DDD
534
781
743
E4F
81D
800
EC4
3F2
6FA
5E1
EA6
9FD
A43
BD1
3AE
7A2
781
0CF
960
800
C96
306
7A9
067
090
9B9
800
ACD
18C
7FF
440
164
91F
800
962
EEB
658
7FF
33F
800
8AF
BF8
44A
539
490
478
A0E
991
B9A
034
67A
798
2B6
C88
800
800
EF1
589
75C
46F
E15
B10
98E
DB5
449
653
30B
BAB
800
A53
077
7FF
7FF
5FF
CA7
829
96F
DE0
582
7A4
3B3
057
C70
800
F92
29C
7FF
5E5
EDA
980
941
CE3
511
7FF
525
F82
9E9
800
BFB
FEC
66B
3C0
D46
AAD
800
E77
388
7AE
530
142
A7B
89E
B4E
65D
658
7FF
EF3
AD0
9C4
E6B
2A7
7FF
7A0
241
ABE
800
ECB
215
481
696
1A8
EF2
800
878
074
7FF
7FF
193
AE2
800
9B2
124
6C7
6CE
5A5
C7F
800
C3B
206
5CB
7FF
1E9
C14
800
C45
EF9
7FF
6A6
3B0
D1E
800
800
F5F
5A0
6BC
23A
CF2
A4D
800
154
7FF
7FF
23E
05C
800
8E1
EC5
50C
7FF
599
FB5
800
976
FDF
5D6
53F
6A9
F8F
977
88C
C96
4A3
7FF
4E2
0B6
B7E
87A
8CA
473
7FF
6C1
E38
988
800
B50
2BC
7FF
56C
0D5
D05
800
CF0
173
753
7FF
EDE
B24
A35
ED0
38A
7EF
534
192
A43
8CA
C22
2C5
7CF
749
195
D9D
945
B64
116
6FE
6D4
0F7
D4C
800
966
EFB
621
7FF
378
BE6
800
8DB
035
1CE
597
382
F65
800
8EB
173
548
725
585
AFF
87F
8F9
C27
63F
7C6
48E
FF3
CBE
9DB
02C
401
7FF
407
CAC
800
83D
0A2
5D7
7FF
5BE
094
800
B15
F5E
6E9
72C
7FF
DE7
9A1
814
B60
644
7FF
290
1C3
946
800
ACB
4B2
4DD
453
14A
AA5
9E9
E15
475
7FF
7FF
2E3
955
800
C41
36E
7FF
7FF
FEC
800
800
B80
3C8
7FF
79C
160
DC0
800
AB6
414
7FF
61B
49F
B7F
800
A3F
171
7FF
7FF
334
A3A
800
C68
0FB
7FF
5CA
7AE
C60
800
A39
388
5A0
7FF
45A
F50
800
800
E9A
6F1
7FF
2ED
DDE
ACC
847
FD9
7FF
7FF
435
17F
800
A64
41B
7FF
7FF
244
DF3
800
800
B17
34D
7FF
4A3
DEB
905
94F
0E8
26C
7BA
4D3
D35
8BF
800
B49
49F
7FF
7FF
EB4
9E7
800
01B
45B
7FF
713
F05
86B
8C1
CED
350
711
7FF
28F
800
800
B3D
3B4
60A
7FF
008
A45
800
A58
31D
7FF
6E1
C32
AF5
9F1
BC0
321
728
745
3B6
A6B
8BF
AD3
0B4
509
392
26C
9C8
8AD
AA6
2BF
708
71F
17B
A6F
954
989
474
7FF
7FF
3BA
D51
89A
BBA
FBE
7FF
7A3
3DB
B10
800
87E
F09
72D
754
3DB
D94
9E7
9C3
F7C
6EA
7FF
415
E8D
800
950
D6B
318
7FF
69A
E34
800
9EC
F22
487
7FF
497
A9B
905
800
E6B
33B
5E6
36D
DFA
914
A93
DC4
3B0
7FF
621
EEB
9D5
8CF
DEE
214
671
711
EB1
C2D
95D
A3B
FF4
7FF
628
EE9
B2B
8F5
C01
443
7FF
669
28B
9B7
ABE
B5A
20A
50E
4EC
3AD
AF6
800
F49
340
600
7D2
019
A9C
800
9FD
034
7FF
6B5
188
A2A
800
AC1
F85
664
7C1
DDE
A03
800
9C3
38F
6EE
7B1
33D
A7C
8CF
A92
152
4EB
7FF
17B
DDF
840
A1B
0A0
758
7C3
4C7
B3D
9A4
90B
008
4C5
7FF
608
C68
800
A83
FF8
594
7FF
1B7
98F
A67
83D
F30
3BE
6A8
6BB
047
A0D
A74
DBD
559
6E8
41D
E65
90D
800
D89
5F0
7FD
5FF
E0F
800
907
14C
158
665
5E7
F23
A06
800
C40
2DE
6E7
559
0D7
AEA
82C
BF2
5E3
6F5
7FF
F86
BBA
800
A9B
3AD
7FF
4EE
26B
96B
800
CE0
0B2
6AD
7E4
17C
BA2
84C
AD1
09E
6DC
727
035
A4D
800
D46
2A6
6A4
79B
33C
B80
9B3
B9E
085
7FF
78A
2F0
CA3
925
9C2
FA6
5A5
7FF
38C
DC4
800
9BC
DA9
495
68E
629
BA4
800
9E4
300
754
75B
5C2
E40
9DD
800
063
662
7FF
394
D74
800
800
EE9
66C
7FF
2C7
F73
800
899
050
1AF
782
4DA
FDC
9E5
A4E
FC0
4A9
70C
7E6
10C
A91
96A
DA8
25C
6E1
7FF
E46
800
800
E99
480
7A1
58E
079
89D
AA7
AE4
4D9
766
508
E5A
AFF
959
C6E
2C0
549
7FD
EA8
A2F
852
BFE
41D
6A4
799
190
B9E
800
B22
31D
7EE
690
EE5
949
800
CE9
278
75E
7D4
FDE
909
A74
9E1
43E
7FF
5C9
1D8
C86
9F5
BE6
137
7FF
51C
231
D58
800
AF6
F64
7FF
7FF
23B
E71
800
85F
327
7FF
50E
3CD
950
800
C38
F0C
49C
619
6C1
C5D
88B
A7F
2A6
38F
7FF
27D
9AC
9DA
800
F57
4ED
4BE
2BF
D7C
800
B8F
023
5D4
66C
3D5
D0A
800
9E1
D5C
5A6
7FF
7FF
DB1
800
B81
CD0
2D8
776
2E4
046
800
867
BCB
24C
76C
5F7
206
800
90F
D9F
6F3
7FF
2EB
128
800
800
E31
2A4
6E4
43F
E01
A4B
944
BAB
0D8
6FF
46D
260
B06
885
BA9
29A
7FF
63A
E04
89C
8A5
A65
282
7FF
6C3
08F
EAE
800
BB6
1D3
784
6B6
E80
800
800
981
21B
769
7FF
FF9
824
878
97B
42A
7FF
7BC
F5E
AD3
92F
909
310
7C2
7B0
2B9
C7E
800
9CF
30E
32B
7FF
4D6
AF2
800
A6D
EC6
7FF
7FF
1F8
C43
8EE
AF0
ED9
494
550
38F
D13
8DD
955
2BF
66E
6A7
414
E09
800
9FB
D9D
482
737
3E4
B6C
DB6
8A4
ECA
6BF
7FF
31A
E6B
915
800
FAB
2E7
7FF
43F
CEA
AAF
AFD
F78
55E
7FF
790
EA5
951
9B3
37C
410
7FF
4F0
EEA
CED
800
DA3
4C1
7FF
7FF
1C0
B44
800
A6A
41D
628
6C0
10A
959
800
AFE
397
7FF
5D0
E36
8C6
8AC
9FD
07F
575
66E
FC3
9BD
849
C02
11F
7FF
7C0
E4B
899
800
AAF
2F6
7FF
576
149
A3B
800
B3C
3E1
7D8
7FF
12A
B1F
800
B05
34A
7FF
7FF
E1B
8F5
8F4
B73
334
6E6
7FF
18F
A9B
8E0
AA8
10E
562
755
33A
A4E
A55
C21
E49
7FF
7FF
24D
CCA
9D4
B86
081
571
7FF
159
ECD
A34
B42
07D
501
72B
3BD
A5E
800
873
D37
71F
7FF
631
F7E
829
838
046
6AB
7FF
2A7
D15
800
A63
16D
7D0
7FF
46F
DFD
800
97B
019
5C9
7E5
46E
D4E
918
BC3
DEC
3BF
7FF
6B6
C7F
8F4
83A
C31
2D8
463
569
3FF
833
A0C
FD4
2A7
6A7
545
0D2
A48
804
F26
42B
7FF
7FC
0D8
A91
800
CD1
FB1
7FF
64D
D2D
800
982
BF6
3C5
7FF
4BA
128
800
800
B76
2C6
6B7
7FF
1A0
C66
800
0B4
41B
6C0
7FF
149
C07
94C
BFD
40C
78E
674
F89
B84
938
B54
5E0
38F
689
245
900
800
ACA
0B1
60E
7FF
2A6
C74
8B0
AB9
13E
777
7FF
1D9
855
814
91A
3D7
684
7FF
389
D03
800
925
E0E
6B9
7FF
33E
BF7
8F0
C96
424
7FF
55B
217
AAE
A66
9CD
0DC
561
710
381
975
A83
B59
CD9
5BB
7FF
5CB
E0E
800
C77
19A
7FF
7E3
4C5
C4F
800
990
FD4
48D
56A
15C
B1C
800
A2B
C94
7FF
50E
6EA
BFA
95F
9F9
F0D
3B9
7FF
622
B30
B89
91C
0B5
522
7D1
666
D4B
800
800
E21
4F6
746
5BF
311
800
8BC
C27
6F1
7FF
590
D2A
800
89A
F68
4C5
586
697
EDF
8C1
B96
DE8
171
7FF
5E0
E23
85D
928
DFF
205
614
6F4
FE7
8D9
800
9C9
3C9
74C
4FA
EC8
928
800
A69
30E
55D
7FF
248
C7C
864
AFE
378
7FF
7FF
E6E
A67
96D
0F7
1B9
6DD
709
E47
AC6
800
94A
340
7FF
672
243
869
86D
921
3D7
533
7FF
19E
B52
889
DB6
04D
4B3
649
383
94E
800
C40
FF4
51E
7FF
1F1
8B6
9A2
895
118
4C2
7F3
20C
B1C
95F
A03
F0B
4BA
6CE
294
A70
85F
9E4
28B
338
6AF
15F
DB1
800
8C2
165
51D
544
41A
BD4
800
AE2
FAB
438
7AF
34E
E01
908
BF9
EB3
43C
7FF
350
F48
B6B
CF5
060
749
7FF
1DC
C59
C39
883
0B9
543
7E0
31A
E47
81E
941
00D
7AD
7FF
49B
E21
800
C50
DA7
6C5
7FF
717
E23
852
8F9
B3B
417
7FF
2B8
F47
9E2
800
E21
43A
7FF
741
F9B
800
8CB
DB1
398
5E9
7BD
217
958
800
C37
19E
7FF
566
F1D
800
8B7
F1B
566
478
7FF
181
9E5
91C
DBD
47A
7FF
5DD
FF7
AEF
8BA
D2B
456
7FF
7FF
332
800
948
B8C
36D
70D
7FF
08D
958
8C2
9E2
264
762
721
0DB
C7D
8A2
B04
081
7FF
6EF
215
BC5
984
CB5
0DD
527
677
1E6
9E9
800
B31
312
660
783
0CC
C2C
B81
E4A
11B
4C6
5A7
264
A8F
88C
8B6
052
796
7C3
0E5
C58
800
B09
1FA
7FF
7BB
219
9B3
8EB
9D7
F9C
7FF
7FF
421
D68
800
BC5
DC8
4C8
679
503
D3F
800
AD6
E0E
7FF
7FF
448
D68
8CC
9B3
F55
636
7FF
34E
E68
AD7
C79
FD9
64B
7A8
30A
B5D
866
AD5
E86
7FF
7FF
255
D76
948
8B9
F3A
765
7FF
496
C7E
8B1
B97
0BC
638
764
641
F28
AB5
9F9
0E4
5D5
7AF
341
FB6
800
ABA
E5D
514
6DF
4B7
FF1
800
818
089
62C
4FC
7FF
C56
800
800
C52
50A
7FF
557
047
879
800
120
594
6C3
60B
061
800
800
E0C
1A4
7FF
7FF
23A
A57
910
C0F
347
6E4
57A
1BD
C2D
800
C97
1F2
78A
414
08D
A73
800
D7E
2C6
5E8
262
080
800
800
9D0
2D6
7FF
66D
006
B24
9B3
BAE
3A2
7FF
7FF
1FC
BCE
9DC
915
1D2
7FF
7FF
E61
A38
800
DCA
418
763
7FF
27B
B08
82C
AF5
1E6
689
6E1
EAE
8A4
800
B8A
036
5A6
614
0DE
C23
A67
BD0
F6A
7FF
67C
193
964
800
803
4D6
4C1
6D6
326
B25
93F
ABA
097
564
7B4
194
976
800
800
135
550
6C1
45E
800
800
B1D
486
699
53F
3F5
A68
84C
C4A
0D8
6D6
7C1
380
9DC
800
B57
01B
7FF
6D2
443
C0F
800
8DF
152
7FF
5CE
143
CF6
AF3
9CD
212
7FF
7A5
39E
C3F
800
8E0
023
751
7AF
36F
B93
800
CAE
13C
7FF
5FF
389
D12
998
9BB
2A4
4C3
716
3AA
094
800
90F
DFA
7FF
7FF
396
E60
800
AB9
0AA
59E
7FF
500
D7F
800
800
FBF
52D
7FF
56A
ED6
9A5
B6A
D19
60E
7FF
5AB
DE1
A29
8F7
F53
495
73C
4A9
C42
800
9B0
DD2
5B4
650
5B1
261
891
800
F4E
567
62C
6DE
E29
A45
8F0
E72
52A
74C
4AB
318
9EA
822
08D
45A
7A9
502
DB7
96D
A0B
C93
50E
7FF
345
EF9
A56
800
D20
376
7FF
646
F7F
8E8
800
E93
557
641
6E3
E4A
800
891
CB7
5B3
7FF
770
133
863
800
EEE
47F
7FF
3FA
2C7
800
800
D50
321
782
500
27C
D07
800
D31
3EC
7F2
5F0
EFE
C6B
804
AD1
3A3
77C
7FF
F35
993
806
ED6
1EB
414
39C
081
A87
A3E
DCB
24E
615
5B4
F2E
BD5
9DE
A9E
0C3
7FF
7FF
518
C00
8CD
B7A
44A
7FF
6FB
F69
CA7
800
C96
599
7FF
472
334
B47
800
B2F
1C8
7FF
556
40D
C14
800
D24
E63
6CD
7FF
2E4
BF5
89F
B75
FAC
752
7FF
375
C82
800
8BD
FFE
7A9
54B
1CC
B9F
8F7
CB1
2B8
6A1
7FF
17E
B72
821
CC2
289
5CD
369
1FD
A4F
A68
9A0
3AB
60C
6C0
1FC
C6B
BFD
800
2E4
7FF
767
237
FCD
800
800
F23
35B
6FC
4F7
A5B
800
831
14D
7FF
5B6
272
D14
B87
BE6
F5F
759
7FF
7FF
E45
800
A48
EFD
503
7FF
27E
DB5
8FB
A3A
120
7FF
3AD
3BD
F67
800
800
F8A
587
7FF
4E9
E0D
92D
879
DA4
622
794
60A
C6F
800
CE8
00B
3A5
7FF
28A
DB5
B77
A9C
BD8
657
7D5
424
C2E
966
8C0
E3F
4C4
7C6
4CA
B0E
9D0
9BE
FAF
1DB
6B5
404
EE2
8BB
82C
0CD
4E5
7FF
2A9
E8E
91B
800
D23
679
7FF
64E
CD3
A9E
920
DBD
37A
7FF
30D
1F1
8F7
800
DE5
25F
793
552
E47
A7D
800
E21
6AE
7FF
499
F3F
800
9A1
D85
1E6
44F
443
119
9F6
A23
CE1
74C
7B9
52A
112
8F2
800
DCB
517
6B2
583
DFF
B76
96D
98E
36C
7FF
5BF
D9B
998
800
FA1
76F
7FF
40D
044
9FE
A5A
A43
3EE
7FF
345
E45
B3D
800
BD9
2A4
78C
541
09B
A52
800
D7F
49E
7FF
69E
15F
AB0
B0C
BE4
3A1
301
6BB
FD3
BAD
800
AE5
FD7
7F8
7FF
256
80E
800
CE3
1B9
7FF
7D4
EF5
B4C
800
C77
35B
794
6BB
179
968
800
BFC
222
717
677
306
9BF
800
C4A
16C
667
394
0EA
931
800
D84
EEA
7A4
756
160
960
800
C2D
4E2
722
38E
E1A
AB3
800
B42
02B
5F8
790
20F
CE3
800
B4C
1AE
7ED
751
362
8CF
893
DBC
0AD
73E
7C6
046
AAB
800
D15
0DA
7BC
7FF
20C
A32
8F7
9C2
2B6
7FF
6F8
4F8
B0C
800
BB8
210
7FF
720
39A
9C8
8EA
B13
FDC
7FF
72E
278
E25
9A4
984
1BC
78B
580
377
B7A
A78
991
1F7
78F
681
1CE
87B
800
941
F63
4D2
7FF
39E
BA4
825
9C2
1D0
797
7FF
570
BDA
924
800
F40
200
753
082
C8F
800
C35
1A4
668
7FF
338
CBB
9FD
ADF
215
7FF
6A6
4CA
C35
800
8B0
2A1
49B
7FF
2CF
D40
800
97C
F09
676
66F
45D
DE7
800
91C
02A
662
7FF
3CD
D51
800
800
258
420
7CE
1E7
DB7
BED
AF2
DC9
616
7FF
4AA
C5D
800
A34
259
51B
7FF
3B3
BE9
A2A
88A
156
484
7FF
F6D
B80
8D7
800
DAE
7FF
7FF
4AF
DED
800
8CF
F20
7E2
5D2
4A9
A30
A08
800
F6E
55E
7FF
2F5
884
8D3
800
F16
4F5
79F
600
179
A05
800
CA9
5F2
3ED
407
B14
800
8C0
D01
4BF
7F7
504
C96
BC0
849
FE2
40D
7FF
240
F9E
B23
A37
E04
50B
7DD
784
C9B
839
800
064
3AB
7FF
4A5
DD9
CC1
800
D9A
36D
7FF
79F
E5C
800
AE1
E9C
7D7
7FF
51F
FB2
9F6
8C3
11E
410
76B
58A
A38
8FA
8AD
ECC
31E
767
579
F99
800
9AC
D25
7F5
496
51A
06B
853
800
E01
7FF
7FF
7DE
F4D
9C2
AB1
E6E
466
7FF
525
E9B
836
88D
C4C
596
6E1
458
F68
800
B74
F37
6E4
75C
173
E88
914
800
DA3
657
7FF
7FF
04A
BD0
892
D55
5FE
690
4C3
FA8
807
800
D59
3F3
73D
2A2
C21
9AC
856
FA5
359
7FF
7D2
012
800
800
DC5
401
5C0
334
C81
B79
A74
DF1
4FF
534
5A5
E82
E59
801
0B1
372
69D
7FF
F13
9C2
935
E6F
46A
6A9
6DC
D3D
B2C
800
F36
2AA
7FF
5C9
FC9
800
AD5
C49
1E1
5C4
7FF
F22
800
9E1
BED
071
4C9
68F
EE8
B20
800
D44
62B
735
7FF
15F
8EE
9ED
075
26D
7FF
66A
29D
8C0
800
BE1
39C
7FF
370
E40
800
8C5
C83
1E5
7DE
79E
E7B
A2B
800
E32
31D
7FF
7FF
F47
892
94C
060
3B3
63B
704
0B8
E4F
800
F4A
2A0
7FF
7FF
F0A
B96
800
B67
E29
5E2
78E
1CE
960
800
D34
4C8
7FF
685
F85
B7D
943
AFE
207
6CC
70E
06F
B1F
800
D59
E99
633
459
226
D6C
821
A80
25E
7CC
585
04E
800
982
EE1
67D
7FF
5DE
0DA
B66
922
B7D
F99
661
71B
DA2
9AB
800
C68
1AF
7FF
7FF
0F5
C18
800
B83
28C
6B4
689
01C
BC5
82F
AE9
162
7FF
742
2BC
A11
A70
DBE
187
7FF
5DC
23A
9EB
954
BE0
2F4
7FF
694
286
9E0
95B
800
2BF
519
678
02A
A74
880
C38
279
791
2FF
17A
A3D
800
C71
345
6C2
574
25C
84C
800
AE9
0C1
6B7
66D
064
86F
B59
C68
43B
7FF
7FF
1FB
90F
800
A77
31F
5C8
762
092
800
800
C47
F08
584
75D
4E7
C15
9AB
C2A
1FE
7FF
41C
081
800
800
93C
3F5
4E2
66B
FE5
A0D
800
D02
F84
5DA
781
303
A3C
9B5
A6E
F3C
65C
569
EE1
9D2
800
A3B
596
6D1
692
2BC
B5A
8DF
C3F
01E
7FF
7FF
10F
B21
865
A73
327
511
60D
13B
B6B
800
BBE
149
7FF
7FF
FD0
852
800
A7F
17C
5CB
7FF
34D
A05
B90
A58
3F5
7FF
5DB
48C
B10
800
A54
206
611
50B
2EA
B83
800
A0B
FA1
755
72D
171
B1F
800
C32
051
5BF
7D4
356
AF4
8F6
D07
07A
7FF
608
068
BB6
800
D51
F49
79B
7FF
1C7
ACA
86F
81F
069
61A
7FF
1DC
C21
800
800
301
6A5
738
0B8
E37
800
C4E
10C
607
76A
284
9B9
A67
A5A
266
73F
7FF
21A
B93
B97
A88
08C
787
607
2F2
B7F
834
A2A
EDC
55C
4AA
1CF
AC6
800
D18
127
774
7FF
186
A0A
800
FB0
1AC
4A1
727
FBB
BCC
897
898
0A5
3E0
651
FA8
BE3
800
DB2
094
704
7FF
15D
8D5
800
B59
FC0
7FF
4AD
0F9
910
800
E0C
26F
47B
7AA
371
937
81A
AF4
FA5
795
603
375
C1C
804
9C9
1C4
7C5
43B
3A6
BCF
800
905
29C
7FF
6DA
09C
E18
B16
E4D
261
7B2
494
0E2
A83
800
C69
138
7FF
47D
1F0
CAB
800
DAD
E88
3E7
695
F7F
800
8AC
B1F
10A
758
60E
32B
C03
800
94A
FC2
6A3
666
11C
B2E
800
A75
05A
64A
7FF
090
B74
903
BB2
25D
78A
788
F62
8DB
800
B64
057
7FF
7FF
FA7
DF6
800
800
328
7FF
7FF
2A1
85B
829
EE1
1B6
529
407
3CE
CC1
874
980
FB5
7F5
6CD
218
C5A
800
8B8
10F
77B
7FF
19F
ABE
800
A55
394
516
768
0A6
9A6
8B3
A5D
397
75E
7FF
1E1
E9A
8E3
957
3A1
71D
7FF
2EB
B04
800
918
3C3
774
7FF
E39
C62
800
C64
29F
62F
7FF
4B5
9E6
9A0
C4D
FE7
6F4
63F
038
AC9
822
AF8
201
53B
302
547
A5B
800
E82
2E6
682
6EF
0AA
AC1
800
949
E25
7FF
7FF
F8C
AE2
886
A59
DFB
5C4
71C
0BC
87A
9FA
B0F
31D
68E
585
EEF
BD9
800
D06
586
686
65A
1F4
A6B
914
9DC
200
7FF
6FC
239
B91
800
A37
0BB
7FF
798
30C
AFD
B3C
9A7
1E0
7FF
581
21E
889
81D
9C2
33D
453
7FF
01A
B6A
800
800
FD8
722
7FF
2F2
96D
99C
851
EDE
6E9
59D
22B
A37
800
B23
272
5E2
7FF
097
B78
800
A75
12F
67B
7FF
269
BCD
BB1
B7F
2B4
7FF
7FF
316
9C4
8D4
C3E
F5A
7FF
355
E6A
8B5
800
800
5DE
678
7FF
F5B
A81
800
8FB
3EE
7FF
618
074
CED
871
B50
266
7FF
7FF
FD8
B75
800
B37
379
6CD
7FF
20B
BAB
808
ACB
1B7
7FF
7FF
F38
C76
A05
A97
233
52E
708
FC0
C63
82D
AC9
25C
4DC
774
ECC
E0A
800
D3F
043
7FF
68D
2A3
A1B
886
A75
350
6CE
7FF
170
AB3
800
AB9
473
7FF
79C
DE9
B63
800
E32
201
7FF
53D
0D6
D09
817
DFE
038
5A3
69B
271
9EE
800
B82
529
7FF
5CE
01C
800
853
D90
317
7FF
7FF
FD9
92D
83E
BC4
32C
77D
5A0
236
800
800
E3C
2F3
7FF
68F
F40
867
86E
E48
48D
7FF
255
0E9
C6A
800
970
314
57C
723
FB5
A96
918
900
0E9
56D
678
007
B1B
B78
F1F
48A
620
7D1
DB5
9FE
B45
DB9
38E
7FC
444
051
9B9
800
B00
3BB
7FF
58B
F61
B14
A22
D49
346
7FF
64B
016
800
800
EAF
5BC
781
54C
09D
9CB
BAB
E2A
4CC
61E
4EB
21E
8F2
800
B23
1C8
7FF
543
FC8
800
B63
B5C
293
7FF
3B9
F38
800
800
B09
476
7FF
342
D78
9F3
907
BEF
4D7
650
6F2
278
8AB
800
BC2
45A
610
5EF
E8B
AA1
9AB
E01
2EB
7FF
7EC
DB7
9B8
800
C31
362
635
495
038
87C
800
B2E
387
7FF
5FE
024
85B
97A
0BC
5F3
7FF
62B
D79
80F
800
8EC
577
7FF
5A8
FE2
941
A06
9C2
52F
7FF
502
D61
D1F
813
D0F
147
6D8
2AC
F90
800
800
DDC
308
5BD
3E0
044
ABD
8A2
21C
450
7FF
615
CD4
8BD
9B7
922
7FF
7FF
404
CFC
800
942
EDC
697
7FF
4BA
FC8
8D4
8C3
CA4
502
7FF
6E3
F3D
8AF
ADD
CD5
5BA
7FF
4E0
CA8
91D
800
DD7
567
7FF
1E1
F19
8BC
9FC
DEF
6DC
615
715
B62
800
800
FD0
568
705
70E
D63
84D
A93
F10
550
6DA
61D
F04
800
800
E2F
4A0
7FF
137
EF3
800
AD5
EF0
4FE
587
192
9AB
800
800
180
4E2
7FF
650
BEF
865
AB3
C5F
7C9
7FF
6CB
CFC
800
9FF
D48
4F9
7EB
487
C0B
B0D
98F
D5D
57B
7FF
5D7
E4C
95B
8E4
043
7FF
7FF
435
D52
B6F
9E2
F0C
5CC
700
2CF
DB4
800
B0A
EF7
726
4DD
0AF
B53
800
8B0
06F
562
7FF
1B3
122
AA1
800
F42
650
7FF
127
E15
800
8DD
E67
638
7FF
22F
DB5
B56
8BD
136
7A1
531
4DF
AC4
83F
B50
E67
7FF
7FF
E73
CC9
800
895
3BA
5F7
7FF
588
D96
973
BC3
091
7FF
6FC
31F
A9F
8D2
924
16E
7FF
7FF
520
B12
9B4
83C
1C6
4AE
6FD
317
BBB
800
BB1
2A8
75F
7FF
17C
961
A5E
A16
E79
7FF
601
332
BF5
91E
A93
2AC
6E1
7FF
2CE
A37
800
963
092
5A9
7FF
28F
968
801
C7A
FF9
74A
679
1E2
8DE
870
BA9
0BB
7C0
7FF
13F
A3C
80B
C91
2EF
7FF
53B
E66
ABF
8DD
A5D
57F
7FF
7FF
E9D
C76
800
C42
378
7F3
70E
071
D5D
800
DCE
FDC
6EF
7FF
1EF
9D0
800
B68
4E0
7FF
469
FA4
C7B
800
AA1
3EA
7FF
7FF
00C
8D9
800
A3F
07A
61E
5DB
F96
9A0
800
B93
42A
770
675
0BB
84D
8EF
BC8
360
7FF
55D
F9A
A6A
AE6
FD2
305
728
7FF
E64
939
939
E97
5A8
65A
4BD
FFF
AB7
800
E98
202
7FF
42A
15C
8B6
983
B7D
588
788
37C
46F
A37
800
E94
140
7B8
62F
F88
800
B45
D7E
57A
791
4BC
D95
B23
800
B87
540
7FF
6AA
207
AD4
800
BD9
500
7FF
7F4
F21
C20
800
E1A
4EA
7FF
7F9
DD7
8BD
A9B
BCC
2EB
7FF
5D3
D1E
800
800
C2B
4A2
6D8
7FF
F2A
9B2
82C
AB6
3CB
7FF
2C6
CB4
931
B0E
D16
783
6D8
50C
E87
806
863
E54
517
7FF
520
CDF
979
9D2
DA0
348
7FF
567
11E
927
800
F1C
6A1
660
530
D03
8D5
98B
ED7
5EC
754
7C3
E7F
800
908
F54
7CE
740
713
DCD
96C
9D4
FB3
66B
7FF
633
F39
987
B7B
FCA
40E
7FF
2E6
BEC
AE4
96E
DC6
690
7FF
446
D00
A4B
800
127
60A
67B
5D7
C85
9DF
8D4
0F9
6C7
6B5
43A
C1D
800
AA3
0F2
7FF
5AD
2F1
AF4
8C5
978
F37
52E
7FF
619
D16
912
C7D
092
5DD
7FF
2B0
BCB
8CE
9D1
3AA
7DA
7FF
424
F3F
99B
C80
240
637
78B
F16
C3F
86D
C39
010
6AC
4DA
EB4
E07
800
B8A
19F
621
657
261
A4C
800
CEB
0CC
7FF
6DC
162
B1A
86F
ADA
181
64D
2D6
1D2
D5C
800
B35
26C
7FF
6E0
161
B28
898
A36
00F
6C7
7FF
048
839
800
DB8
48A
7FF
44D
0D6
A9C
800
A3B
0B0
7BD
5BF
061
9FF
800
DEC
1D9
7FF
5A5
31A
9CB
800
94E
4EE
5F7
697
3AE
B60
95E
A2E
49D
677
690
EA9
B36
800
A3D
FA0
7D7
565
FC6
A5A
800
B3F
2C5
715
6D5
F77
B58
9F9
C36
2B3
617
4BB
F95
BFE
8A9
B5A
43E
4E5
489
E38
800
800
C78
2F9
696
7FD
CAF
9B9
800
E7E
5BF
7FF
4E8
FED
9A2
800
E09
590
6E3
4BF
DB3
800
C1B
078
3FD
690
617
E52
800
B49
E76
322
5A7
6A1
FE3
86B
8D8
C86
5D8
7FF
77C
DAD
800
901
222
6ED
7C7
332
DD1
800
9CB
CAA
52E
7FF
43F
C98
828
800
F92
453
612
4D8
EB4
970
800
0AF
369
696
4BE
CE0
800
B66
FB4
57F
7FF
343
DD2
C0C
AAE
386
54B
505
0FD
BF5
800
A6B
D7F
48B
6EC
548
D7C
86E
C43
F26
584
742
38E
D8F
800
A1A
FC6
651
511
435
C36
800
84C
2B1
3C2
788
2D9
C9E
818
969
22C
66E
656
36C
921
800
AB9
F7E
713
29F
45A
A3A
C16
E50
E3F
458
7FF
5E0
D94
A07
804
048
7FF
781
4A4
E02
96D
A34
F94
6ED
7FF
2D5
B74
800
BDF
EDC
697
74E
10A
AE2
8C3
C8A
EB8
704
791
429
B3B
800
B9B
20B
6FD
5FC
33F
C0D
9E5
C4C
294
7BC
753
061
800
800
B99
50A
485
50A
D95
BCC
800
E69
336
6A3
7FF
15C
997
960
B92
269
7A7
6BC
163
AF3
922
EAF
4A3
5B4
7CE
0D4
896
800
C28
18B
7FF
7FF
F94
915
800
D95
24A
7FF
7E3
BCD
AA0
8B8
C34
215
7FF
7FF
FA2
A05
8D2
CA5
765
5FD
655
E87
BE9
9B2
E7A
0ED
7FF
7FF
D03
9D2
800
B65
159
691
5EC
E1F
ADC
935
05D
3E7
7FF
54A
E49
A64
800
C93
65B
7FF
46D
283
8F2
90F
E19
506
7FF
1ED
F44
831
A4C
E6C
7B6
7FF
4D4
FDB
9DE
894
E0E
6F8
7FF
309
CD3
90E
902
100
693
768
5D3
192
840
888
FB1
5C1
7FF
2A6
CB0
800
99A
DFB
42B
721
609
EB9
8DA
975
087
686
7FF
40E
994
90D
C0B
FA7
41B
7FF
558
AD5
800
A45
FC8
51F
641
366
9D4
C0C
9B9
3E7
7FF
7FF
1CB
9A2
800
C3D
2A3
5C9
55E
17B
AF7
987
CCA
F2A
4D9
754
0D3
B11
932
B63
2AC
7FF
7FF
368
A5B
800
CFB
26F
55A
58E
FC0
CAF
800
800
37B
7FF
7FF
08B
B51
800
BEC
10F
7FF
6E4
11F
C26
800
AD1
558
6F3
669
15D
A07
800
B97
234
608
739
26E
B0D
8CD
C18
1C8
67D
4FF
167
BA4
800
B69
34A
7FF
251
DD1
815
8E8
D22
7D5
7FF
3FC
F75
800
820
BC4
471
7FF
48E
F64
888
859
DA1
46F
7FF
6F8
07F
808
800
E34
63D
7FF
5DD
B25
800
901
E31
7FF
7FF
592
FBD
81F
9B1
C78
3A9
7FF
65B
F44
9F3
8B4
D85
6DA
61F
3FF
E98
800
B53
CDA
708
7FF
303
CFB
B36
AEF
DAA
318
7BD
46B
C07
99E
8DE
FA2
534
744
413
E9D
800
978
E90
44A
637
2E2
CEE
8B5
AD1
E76
78F
7FF
403
B8A
8AE
800
138
7D3
649
4B9
B97
811
9E8
1B2
46E
65E
1FD
A23
8AA
B36
259
7FF
7FF
2E6
C8B
800
B45
0FC
7F9
6AE
214
A26
800
C45
FFF
7FF
7FF
309
925
800
D3B
207
6A0
7FF
219
A8C
800
AE8
27C
7E5
7FF
342
BA0
800
AD8
382
7FF
531
1BC
92C
800
9DE
1A3
7EA
3E9
030
8C1
800
D4D
1EF
680
7CA
423
904
B13
D86
35C
7FF
7FF
E67
826
818
E28
50F
7FF
3CD
FFF
93D
96D
F08
698
7ED
47A
E35
906
98F
DF6
5D5
7FF
6A1
093
812
B9B
E86
3B8
646
5FC
E6E
919
800
DF3
28A
5D8
72C
C97
BB6
800
DAB
56D
736
550
A30
800
800
CA8
62F
7B7
662
A57
800
A8B
145
458
7FF
5A0
E06
AD0
800
0E6
3B9
733
4FB
C82
93F
8D7
DDE
753
576
63C
F24
800
983
EA2
658
6E0
3B1
B61
8B0
909
055
4AD
765
1B4
CBC
889
B01
FB8
7E2
7AD
45C
A37
933
A7C
121
36A
4EB
338
C7E
9CC
968
11B
530
68D
430
9D6
800
BC8
396
560
54F
120
A71
919
83C
0D0
7FF
3F8
041
C23
9F3
D0D
3B8
6CE
7E0
117
854
800
BA9
539
7A0
704
E8E
800
C64
AEA
275
7FF
7FF
17D
B97
800
A61
F73
644
74C
D2A
A51
800
D24
186
71F
763
EC2
990
82E
BCE
182
72D
7FF
DD9
B47
91F
0C7
113
6AC
4B6
00B
800
856
E13
5F6
64B
7FF
DA6
D1E
B14
B4F
590
6B4
4A2
FB2
B10
8DB
CC9
5C9
7EE
4E8
C64
800
800
0B6
49D
7FF
378
0B6
800
AAB
062
267
7FF
465
E62
B66
A6C
D94
421
7FF
4D8
E58
896
BA1
111
72B
76B
75C
FF6
800
800
E1C
3AA
7B8
4A0
E18
805
8EA
EB2
4BA
7FF
32B
D03
800
805
082
79C
625
0BC
BCF
800
C4A
EF4
7FF
5AC
44D
B8E
800
800
3BE
5F0
7FF
0FB
DD6
A99
D70
3A6
6FC
615
1A8
DB9
800
D93
165
7FF
4DD
193
928
800
9B4
1A3
7FF
6E2
129
B74
800
D5A
044
620
7FF
28C
800
9DC
B24
3A7
681
536
195
C73
800
CBC
661
643
642
04F
AF0
864
C49
1E2
6BA
7FF
F94
CD2
800
141
11D
6AD
38A
D8A
800
92A
B4B
3E6
656
430
BFE
A5A
800
BDD
39C
7FF
4EC
E61
800
992
DF7
5FE
7FF
57D
1BC
800
910
030
3E0
6CE
207
F45
AE8
A89
E33
603
7FF
580
D89
A04
A8E
0A0
7C1
7FF
30A
E8B
800
9C9
D90
270
7E5
4F3
CA3
8E4
CA0
F7B
588
792
525
C5E
800
9B8
191
6C1
64E
38E
DC9
863
9CF
00A
677
7AF
34F
BB4
800
BD6
366
5B9
72C
0A8
ABB
800
CC3
0D2
3FC
7FF
01D
D0B
B47
90C
38F
767
7FF
134
C9F
881
C6C
2D6
510
78B
FD4
DD8
96F
E2F
523
500
697
EAE
8DD
8A7
C88
638
327
4D9
0B3
A4E
80E
D3F
534
7FF
338
1C8
9C2
AFD
BCA
1EE
7FF
518
EFD
B67
800
DD8
23B
4B6
6E6
1D9
80F
C27
F3F
461
23B
565
E56
9CF
800
C83
4CF
7FF
531
ABE
9EA
B51
0FB
56B
7AE
448
CF1
82F
AE2
43A
686
69F
2E2
C4D
800
9DC
BF7
679
7EF
332
DA3
800
800
E6B
7FF
79D
147
EBE
8B8
BCE
E2B
50E
6DD
17D
BB9
800
A09
231
690
7FF
F97
C89
80C
ADC
37A
79F
7F9
409
AD3
88D
CB3
13B
62D
7FF
198
DB9
800
C01
2B2
6C1
652
0DD
DAD
800
C56
09E
52F
73E
438
B85
8E5
AE2
1C6
781
675
200
800
800
DA4
1FE
7FF
7FF
14C
A0E
800
AB8
27D
7FF
38A
E81
955
966
124
1B2
7FF
605
CFF
95E
977
A67
500
7FF
6B3
F90
800
A71
F18
233
7FF
4D6
E2F
800
B06
F8E
2A1
7FF
33C
C0B
800
841
F0D
4DC
654
336
A01
8DF
96E
090
699
797
499
D77
D15
8FE
16E
7FF
7FF
156
A48
CB8
9CC
145
72D
7FF
400
B1D
A73
99D
0AE
7FF
47F
4B8
D56
800
800
F97
5D2
7FF
15C
B8D
800
C79
521
4D0
686
4C4
ACC
800
9B7
2EF
51D
5B3
05E
AB0
800
B74
5F2
7FF
45E
53F
909
800
800
11C
57A
1DA
F5C
9F9
B31
D9D
061
7CD
6FC
25A
AA3
800
C4A
43C
7FF
548
EA4
B15
800
C83
519
748
7FF
DC6
AC7
800
AE6
305
71B
7FF
D36
8E5
8C4
EAA
76A
7FF
43D
182
961
B06
F27
51B
71F
403
C0D
872
A87
F78
463
76A
5A1
E9C
800
9D0
F99
625
6DD
36D
F37
800
C2A
F60
7FF
6F1
24B
CC6
800
8CC
E74
49A
7FF
575
D90
800
84F
018
675
7FF
1AF
D75
903
84E
EC8
6E8
75F
1C5
BC4
800
ADA
E57
675
7FF
2D1
8FC
86F
BFF
2D4
667
7FF
1A0
B60
800
A02
34C
7FF
7FF
0BC
A5E
8DC
A28
205
7FF
56F
F79
B00
BCA
AD9
1DE
7D8
49E
07F
BC7
8D3
E1E
530
76A
459
E9C
9B3
82C
CD2
401
7E5
4A3
0F0
C60
995
0E4
2D6
5C5
429
AA3
800
926
CC3
727
7FF
1CE
D94
9CC
9B5
F8D
4B3
7FF
424
D6E
800
A3A
E48
5B3
7FF
4BD
FCF
800
B79
E53
5ED
61B
580
B15
800
BFD
DF8
3F0
7D4
491
EF7
A4A
909
316
717
78A
2EF
A31
84B
97C
08C
7FF
7FF
418
BD5
800
981
20D
340
700
0CC
C71
81A
B5B
0A0
7FF
529
021
BA9
8F9
A01
3DE
489
7E5
E3E
B22
800
968
004
533
2D4
112
AC6
800
E22
24B
6E3
7CC
040
8FF
98E
DAF
51D
7FF
591
D27
800
800
ED3
295
6D7
569
CF2
837
9A9
DF7
2E7
737
4D7
D2C
B09
800
0B1
3AC
737
474
0FD
9D6
C50
D07
4D0
64D
41B
E85
B14
A52
FC6
51A
7FF
449
D5B
A17
ABB
FC5
564
7B0
44B
F1D
B51
BCE
E63
699
7FF
171
BE5
800
965
015
7D7
7FF
280
E0A
800
AB0
E13
733
6F5
2EA
F6B
926
C86
131
633
49F
383
C6F
82F
C54
4D3
52C
7FF
273
B32
85D
AFB
477
618
5BC
184
800
87C
AE8
2AF
7FF
7FF
EF4
D32
92C
EA1
560
5F1
531
FE8
C7F
800
D43
3FF
792
4FA
0A9
800
800
BA4
185
7FF
4A0
00D
800
A43
A79
320
7FF
48B
05F
800
9E0
053
2E5
627
718
F6A
8F7
800
DCA
5BF
7FF
386
D99
87E
B62
C9F
7FF
7FF
40B
D21
889
800
F2A
404
526
118
EB4
8A0
9E5
3AE
779
7FF
437
EF1
84A
800
FE6
63F
508
242
0D2
A67
8DD
05B
6AB
71E
1DC
C8F
934
91D
13B
78E
7FF
F0C
A32
944
84D
FBD
7FF
6E2
1C4
B06
816
C70
07D
727
7FF
1AA
ACE
800
E9A
329
7F3
5C9
05A
8AC
800
C37
140
74B
63F
D1F
B15
800
009
392
607
7FF
E91
88F
800
E45
5C9
7FF
516
FDB
800
937
E7F
54D
7FF
76F
022
946
9C7
E1A
302
6B2
651
CF7
800
A56
0B8
1D9
7FF
365
D22
882
B2C
05D
663
733
395
A53
8CA
D32
E37
686
64F
44F
C43
8FF
C07
EF7
5B8
670
1D5
D79
828
A5D
321
3C4
7FF
2BA
96C
800
C66
123
56D
473
3CA
92C
800
9C9
197
7FF
7FF
2CE
BD3
DE5
C50
279
666
7FF
212
8CD
800
B85
0FA
5A1
7FA
D7A
A74
800
C9A
34D
66B
613
C5A
A45
832
0EF
48D
7FF
608
F52
814
8D6
A5B
6AD
7FF
435
07B
97B
867
EDF
62A
59F
634
ABD
99B
842
19C
62C
7FF
79E
DA8
800
C91
1D8
7BF
7FF
16D
E1D
800
956
025
4AA
465
232
B89
82E
977
13D
7FF
6CC
041
B28
A17
A3E
34F
457
747
2EF
91F
800
A29
428
741
5B6
F85
B8D
800
DEA
1A7
637
5C3
364
C24
9BD
C5F
414
7FF
7A4
169
A9B
A29
8B4
4E7
7FF
7FF
222
980
949
EF0
2B9
7FF
72F
02D
800
800
D9D
5B1
7FF
586
CC4
BF8
8CF
D9C
69E
7CF
462
0D6
81D
8E4
F7A
3CC
7FF
4D3
DC4
A92
9CC
0BC
385
7FF
3F8
EE4
AFC
B4D
D09
74E
7FF
5CA
BAB
800
B07
DE3
783
7FF
246
A25
933
885
2AC
7FF
7FF
11C
B35
800
A9E
0DA
7FF
7FF
33B
FB2
800
B14
003
54E
4F5
2D8
800
800
A36
257
710
6F3
F66
90A
800
E0F
477
7FF
518
0CE
9DA
9A1
CFF
56C
7FF
6F1
E9D
8DE
93D
0FF
4B1
63B
75F
0CE
A6D
800
DE0
577
52F
3DE
DD4
9D6
800
DE0
51F
7FF
3DF
C1D
80A
95A
F62
3F6
7FF
380
B7B
800
9E5
F47
47D
753
24F
DB4
800
800
016
2CA
4C6
FF2
EB6
800
9DB
D30
46F
57D
3F1
9ED
9A4
B58
0B6
5D2
73D
EC8
DF4
800
966
0E9
611
7FF
0EC
927
800
CF2
37F
7FF
39A
440
A42
93A
C97
403
7FF
7FF
2AB
B1A
800
8DD
4C3
6EA
467
064
800
800
E4C
221
7FF
63D
268
800
A34
C97
322
7FF
2FE
D95
A91
991
F61
690
66F
57A
A5A
958
8A2
D50
280
7FF
341
EE5
800
A9F
FDC
1BD
7FF
34B
C61
90A
856
196
790
7E7
440
BC9
838
89E
F34
64C
7FF
1F3
A76
800
94A
08C
7FF
59D
3AF
BAE
800
B81
395
7FF
6DD
021
B58
872
970
23B
5FB
7FF
09F
C5B
800
B63
26F
7FF
754
DE0
9EF
B47
CB1
369
7FF
729
C49
AF0
942
DE4
525
7FF
4BB
CE9
800
800
FB1
3E3
7FF
51B
C1C
9CB
933
F5D
4DA
7FF
619
C4B
AC9
A52
354
5B7
67D
552
C52
ACC
807
EEE
46D
589
151
B1E
9AC
B90
F4F
5C0
7FF
38D
A2C
940
8BC
205
77B
7A2
2BC
CAF
800
998
21C
75E
7FB
314
953
86A
A1E
16B
6B2
73A
406
A86
8CB
E40
3A1
7FF
629
F41
918
BE7
CB6
472
6AB
421
CCB
800
800
D6A
25D
6FD
741
1C7
A41
800
C38
46D
7FD
463
059
8F9
800
D53
5F1
7FF
403
FC9
800
800
CCC
414
79B
342
C14
800
887
F30
346
7FF
60E
E43
88E
952
DDA
529
7FF
4C9
CEA
A66
9C3
EE8
6AC
7FF
D4E
CFB
800
C10
16E
43E
7FF
4D5
DDC
82F
800
085
6C8
6B9
433
B44
8B7
B37
087
673
7FF
12F
8B7
800
A9B
137
663
7FF
079
B16
A22
ACF
19E
7FF
7FF
F34
AF9
800
BDC
0E8
7FF
4EA
EA8
B33
800
D9C
6F1
706
423
09E
A9C
A6B
F28
7FF
6D3
5CB
E8C
800
800
DB6
7FF
7FF
5BE
BF7
829
800
DAB
7FF
7FF
3C5
02D
800
83D
ECA
4B7
7FF
0A0
9DE
800
800
FF9
64F
7FF
1E3
A78
800
873
011
488
64D
FDF
A89
BEF
E28
EFC
673
728
1B6
99F
800
D34
5D9
653
4FB
1DB
A85
800
B8B
52D
6DA
7FF
FD5
A41
DA7
C6E
469
455
7FF
F77
9F4
800
E38
55D
7FF
711
ECE
83E
800
E5F
394
671
311
A22
802
800
F81
2CA
61C
FB3
B30
800
9B1
AFF
5D9
64B
04E
AB3
9BF
800
F7A
38B
7AE
55D
895
800
9CB
3A3
634
53D
436
CF7
8F3
BD5
F46
53F
7FF
FAD
B22
800
9D3
285
72A
7E8
25B
800
800
C25
47C
7FF
5AE
013
ABB
990
D96
6AD
7FF
500
FA9
A67
800
C6B
38F
7FF
4F7
021
A8F
8E1
CA3
1F0
6E4
564
ED4
800
800
0FC
3F2
7FF
3C0
C88
800
82F
E19
421
7FF
356
F36
886
9BF
319
5A0
68A
7DC
E97
800
B79
BCF
318
7FF
F8F
9ED
A84
DB0
E95
540
719
03B
C3D
800
C13
214
350
7FF
30F
800
800
DFC
3DA
5A0
7FF
0BD
989
800
C1C
255
7FF
63B
F20
800
800
9EA
511
7ED
7FF
2F6
C7E
800
E35
537
7FF
673
EE7
CC6
88D
C16
5F2
523
334
F04
844
92E
B4F
607
7FF
278
D2F
8A9
938
D6D
5FA
5D1
119
2E7
800
A08
0FF
7FF
648
0F1
BD2
800
998
07C
207
633
437
AA8
800
A8B
1AB
485
7FF
FB9
A7F
800
C49
123
6B2
59A
DCD
94C
800
B17
0BE
7FF
5A2
106
D4A
800
E6E
20D
5C8
7FF
EF1
804
800
9FB
3FD
7FF
412
264
8A9
AB4
E47
7A7
7FF
4E6
F63
991
97F
D61
394
7FF
3D6
F86
92D
962
10C
3D1
75F
2CF
C67
800
C5E
F45
40E
71B
588
E81
8F9
99A
114
468
7FF
133
DBA
913
83C
1ED
7FF
53B
3D7
C7E
922
9CE
164
746
6C8
19B
DCE
802
B20
37E
7B1
7FF
CF0
B79
894
CC9
3AD
706
5DB
1E6
BC0
800
C81
39D
7FF
73B
053
954
800
C15
3D4
7FF
683
D2B
985
800
D01
592
71B
50D
1AC
824
800
E25
3A7
7FF
424
0B5
885
C1F
C93
43F
6F2
21E
B1B
8B9
A88
1A0
74D
607
F28
8F3
875
C30
43C
7FF
6E2
1F3
A7A
84E
AE6
0B9
7FF
419
21A
988
8AB
B69
3E8
75A
6C9
146
E44
800
C1E
213
5DE
631
029
95F
A80
D94
4CF
6C0
78C
EDD
800
811
00D
5CD
6D1
5E4
CCD
800
B2A
E7F
3FA
7FF
4B1
F1B
800
8D4
F37
7BE
7FF
0FA
9F2
B28
BCD
0C5
7FF
7FF
2F9
DF7
800
A4E
125
40D
715
216
BD8
800
BAB
FC4
7FF
7FF
120
D05
936
CEF
2BB
503
7FF
22D
881
800
AEA
2B7
7FF
458
E1F
A7B
921
A05
329
7FF
7FF
D9C
BBA
800
A9A
67F
7FF
624
F3D
A38
85C
AA0
41A
717
567
ABC
8BC
800
1C3
441
7FF
48B
AF1
AD7
8AD
C72
5A4
7FF
021
A40
800
8D9
EF6
4DF
7CE
168
933
8DD
9E6
05F
7FF
6C9
4CE
9AD
800
CAB
281
682
773
111
B75
800
853
4BE
7FF
7FF
3A5
B97
9ED
B5F
2DB
7FF
749
EFB
800
827
CAF
299
569
29C
02C
800
90B
F3E
07D
7FF
7FF
D79
800
9DA
F6B
3C9
7FF
3E4
CE8
A09
A0F
F39
7FF
7FF
321
E9D
8D9
A83
1CE
483
7FF
3A5
B7F
800
A1B
ECC
36F
6BD
31A
AFC
800
8DD
09E
77A
785
270
A07
95E
8DB
FEE
591
463
096
BB8
800
D8A
052
620
5B2
135
BCC
800
B29
6B0
7FB
30D
D2E
800
8B0
DD6
691
7FF
6C8
F18
81D
B14
D60
4E7
7FF
478
E4C
958
99F
F6A
7C9
7FF
38D
EE0
800
9E4
0A2
4A6
7FF
31F
D1D
800
800
09A
5A4
5AB
40B
EAB
800
926
F78
6B4
7FF
2DF
C04
911
C4A
040
670
5B1
2D0
918
800
A89
1CA
702
7FF
F12
9EF
800
BCD
3EF
6B7
558
02B
BD5
800
DA2
4F2
7FF
3C1
D53
977
8BA
D47
3FC
7FF
36D
E15
9B7
95B
DC1
39D
7FF
335
EA9
C1F
D51
ECA
5A4
7FF
4EF
B58
85D
AC7
ED3
63F
745
644
D1A
938
99A
E83
3CA
6F8
2B0
A53
800
81F
309
7D1
79F
1D9
ACB
879
997
27F
790
50B
247
BDC
800
A29
3D8
5FC
73A
E28
9FD
800
C47
27F
7FF
5E1
153
9FB
9C5
FA0
502
7FF
300
B86
810
87B
E11
643
78E
332
EE4
899
C24
E18
4A1
7FF
49C
C8A
9BF
B50
F55
4FC
77C
63E
C0D
A46
AB4
FD1
76B
4A9
55D
D38
95E
A1E
F9E
621
7FF
3A0
C92
C5B
A91
020
7FF
70F
FF6
B12
A02
CE3
045
7FF
4C3
343
8D3
8ED
C65
2E4
44A
419
E78
B81
A22
EFE
384
7FF
7FF
18B
800
875
B15
6E5
625
4E9
E7C
B0B
972
02C
4CA
7EA
325
E0C
800
8AB
061
3D6
7FF
431
DE3
800
987
0CA
557
5FC
2A0
C61
800
D7A
400
7FF
661
3F3
B62
800
C86
6B8
7FF
54B
273
8FC
8FD
C28
3C7
6D5
6C0
1A8
800
8BC
D50
0E9
7B5
7FF
F43
800
994
CC7
29C
7FF
633
E71
800
843
EEE
2A1
7D0
66D
BD4
83C
806
F2B
6DF
5AD
3E1
EED
98B
D19
027
560
782
5BD
D74
800
AB8
F69
75E
79E
351
A2A
800
BCC
1BC
7FF
56A
2AB
B1F
BDD
CD2
611
7FF
7FF
267
9BE
800
C72
405
7FF
7FF
F23
A2A
91B
BC9
63B
7FF
3E4
C3B
800
800
CB8
7BE
7FF
7C9
F1D
91D
821
C69
539
625
6AE
E0A
96D
AE4
E43
51D
78B
763
DB0
800
9B1
F20
321
7FF
233
D53
902
B90
FA1
485
542
354
9F1
A58
A4C
2BD
713
6A0
39A
B7D
800
BB5
319
569
469
E57
C27
95F
C3C
705
5ED
763
027
B45
8CD
D45
3E6
6F9
441
E4C
A13
8E1
CE4
31D
550
640
E72
8B7
8A0
FF1
5BA
615
661
907
9A2
973
006
6B8
6C2
620
BC4
800
886
F1A
5EE
7FA
11E
96C
800
A6A
11B
7FF
7FF
24D
AFA
800
C44
201
7FF
7B0
193
C25
831
C82
363
7FF
3A5
CC4
A89
9C9
D04
273
7FF
23F
DE4
B55
800
F01
336
7FF
58A
C93
9FF
800
D28
63B
7FF
4FB
E87
800
BD8
F91
657
7FF
4AE
D4A
A03
800
EE8
7FF
721
2EC
D63
AB5
C78
335
39B
6EC
16B
B56
84A
93C
2BF
67D
7FF
2A8
B05
800
911
331
7FF
6EC
09E
AEE
800
D56
302
620
314
C65
A3E
800
D9E
600
421
7FF
D4F
8DD
91F
E32
573
778
3BB
F8B
800
800
BFC
493
7FF
37A
BF4
800
A12
FD7
6A9
737
3BA
C4F
800
ACF
EA9
439
752
350
E91
87E
9F6
FF0
7FF
7FF
0C4
D1E
948
B43
555
5AD
5AF
0B5
8E7
800
C78
3B3
683
61C
131
800
829
BA8
5E3
5B5
61A
EC8
9B4
912
BE4
7BE
7FF
585
185
800
98F
EC4
637
7FF
5B2
BFE
A32
932
CAC
746
7CD
2F5
B42
A7A
96C
F2C
60B
74B
289
CBB
885
B26
263
75C
7FF
2E5
B2D
80C
8E0
F9A
73B
5AF
47B
CA7
800
D5C
00E
7FF
4A3
194
800
800
CDD
4DE
62B
5E8
E3A
C60
800
018
425
7FF
20F
EBE
A76
800
F8B
36C
7FF
279
EF9
81D
9B5
0E5
4D3
7FF
25A
F19
800
800
D3F
7B5
7FF
4E3
C5C
800
A81
278
35E
577
2D4
C94
800
BE9
1FB
7FF
7FF
FEA
8FF
A0F
87C
24F
46C
4CB
119
85B
DAC
D87
357
590
530
097
D47
938
F43
415
7FF
2EA
D72
800
800
FF8
66B
7FF
29D
D71
B36
800
F73
6C0
7FF
314
C6D
9EF
800
089
729
7FF
121
B09
84E
AB0
0A5
7FF
505
235
B41
800
D28
157
4C9
433
EF1
B13
800
D1F
345
611
6E5
EE8
B2D
A07
E93
209
7FF
7FF
FB5
800
817
06E
617
5A9
5B0
C6D
A68
9BB
DF2
424
60C
17F
B12
800
901
1E9
461
7FF
2E8
BDC
800
81F
181
73F
76E
1AC
CE7
800
B25
0CC
7E0
6C5
1B9
DA3
A21
F26
407
608
787
292
B43
8CD
A7F
2C0
7FE
4E1
F52
800
800
D69
1A3
628
53B
02D
9F0
B28
06F
617
7FF
61B
00D
800
800
F34
4E0
7C8
158
BC6
86F
976
FAD
628
740
446
CAA
8D4
800
F8E
7FF
794
299
999
940
BC8
26E
6D0
7FF
372
E85
970
822
48A
591
634
35A
9F4
800
F00
51C
49D
6EE
00F
A70
827
044
43F
7B9
59B
07B
800
A30
A7B
4E2
528
7FF
CD4
921
D91
E3F
70A
73A
2F6
F90
800
8D6
0C3
3EE
5F8
447
E92
800
A7A
09D
641
755
208
AF2
9E1
C20
0B7
7FF
6B6
560
EF3
85A
DD0
145
7FF
5E5
E83
AAC
82A
AA5
2E3
7FF
329
1A0
800
9F5
F82
57C
7ED
7FF
D84
C91
BA3
FC7
3F2
7FF
4CE
E32
800
AC4
E2A
7FF
7FF
520
D7D
800
A6F
211
329
7FF
27A
D92
800
800
F8C
7FF
69B
027
E79
811
8D5
0D6
7CE
378
FE6
A70
930
C5C
434
7FF
6D6
085
AD5
800
C53
22C
51A
7FF
14D
C38
A4E
D4D
275
5DB
615
FC9
800
883
EAA
53B
78E
5FF
F2D
BF2
B28
0DE
69E
7FF
178
EED
9DF
921
085
42F
614
1F4
A1D
800
ACC
10A
7B8
71C
536
B82
800
CE7
18D
7FF
669
FB9
ADE
800
D45
2DF
54F
6A9
EA0
A0F
88B
CE3
3DD
642
675
D7B
A6C
999
DA6
525
6AB
21F
F0F
85A
87E
BA7
413
7FF
64D
F6F
800
88D
E7D
7DF
6B8
374
A72
800
800
0C0
7C6
7FF
417
BAF
800
96C
230
7FF
7FF
07B
D64
9D5
C1E
45C
69A
5C6
FE5
815
8D3
C35
141
57C
7FF
CCE
8A8
816
DCD
422
7FF
70A
F09
8F2
879
03A
30A
7FF
5C0
E6B
A7F
AD3
086
64A
7B2
2CC
BF2
800
984
E75
4B2
58E
17A
D86
800
B32
0FA
7FF
7FF
04A
A93
800
BEF
2A6
7FF
7C4
077
C07
86A
B01
509
7FF
2A3
DC8
800
800
A85
282
7FF
403
071
864
81A
FDC
377
63C
628
BA8
800
CC4
F20
655
7FF
520
DBA
800
B98
212
5BD
7FF
3F4
D2F
981
91E
014
574
656
1FB
B6D
800
EAE
303
7FF
624
1E8
C48
851
A2E
180
730
645
F36
800
939
EDF
31E
4D6
712
FEC
A5C
800
BB8
7A8
7FF
7FF
E36
8B3
A75
DA1
7FF
7FF
3A1
C21
800
A94
DF5
5F2
7FF
2EA
D4C
800
B3D
1FA
66C
79C
1F5
C4C
A67
BAB
3D4
7FF
620
431
8B9
800
974
2C6
6C9
59E
FC8
88D
800
A3B
396
658
393
DFD
A91
9CB
C54
443
7FF
7FF
F17
823
A68
EF4
546
672
451
FB9
800
915
DC9
7FF
64C
388
D89
AC9
A1C
EA2
542
7FF
F59
DA6
800
A1D
093
44E
7FF
F0E
BD7
800
A35
30A
7FF
2C5
1CC
BF6
80A
943
3F8
7A2
490
06B
820
846
D62
2A1
7FF
5A7
D99
ABE
C45
1BF
397
7FF
482
A9B
800
800
200
53F
7FF
382
C79
937
949
FFA
7D9
7FF
1D3
F55
81D
9AD
146
7FF
2CF
15C
933
800
D26
240
62D
595
EE9
871
800
CE7
297
6F6
6EC
F7E
B16
81F
E0E
435
7FF
5BA
BE6
8D1
800
FAE
669
6A7
30F
CA2
800
812
F69
2F2
7FF
215
C4F
A1A
DC4
0D3
29F
7FF
3F3
AAC
800
8CA
FF5
2F1
7CB
FAE
C40
9E2
BC5
48B
79A
7FF
2AF
ABE
800
D83
4D0
798
5C3
0DA
A37
800
E03
49B
5AA
425
E63
9E9
8D5
FB9
49B
7FF
318
EA1
B9E
800
FF6
5A5
691
529
D3A
84C
921
179
727
7FF
267
DA4
A92
9E8
1BC
7F8
74E
5E4
8FC
800
9AF
10D
6C6
7FF
FF7
9C6
800
C37
3B1
7DF
689
1E2
A75
800
CF7
55C
71A
5E9
FC1
96E
8B1
EC9
60C
7FF
462
FFE
AF0
9C1
EDC
76B
4BF
501
EFA
800
8C9
088
6F7
4AC
309
BC7
83B
A1F
28C
697
7FF
1F5
C5F
800
AF1
20E
727
7FF
009
800
8A5
EA1
339
7FF
5FB
EE8
A2F
800
C1E
25B
7FF
4B7
D82
85F
983
CE8
6AB
750
6E7
EF8
9AD
CA3
F05
44C
7FF
5B4
B16
800
90E
00F
7FF
6CB
4A4
A0E
800
888
0D4
753
74C
E13
B54
9C2
CA3
34C
7FF
725
131
A87
ABE
E5D
4ED
7FF
7FF
F5D
911
A77
BBD
565
57E
5B7
F0C
800
9C2
C4E
3F5
77D
65E
C82
B54
800
0C0
676
7D5
382
BBC
A0E
990
07B
7FF
737
1FB
CAE
883
A0F
16E
772
57D
463
CAE
832
BBA
1CC
471
5B3
0CA
A75
800
D42
4E3
7FF
642
EF7
8D0
800
C78
332
70D
5FF
D1E
800
800
04F
35C
7FF
54A
D72
A56
A45
F24
63E
7FF
069
CB8
85B
AD2
16D
59E
39F
25C
C2F
800
B42
1D7
7FF
671
2AE
AA9
800
AD0
62C
7EC
7FF
185
8A6
873
C31
50D
7CC
7AD
A7E
A19
A27
D6A
299
7FF
336
083
B86
800
E14
7B0
7FF
455
075
8BC
C92
C48
7DB
7FF
47B
BB3
800
C33
02C
743
694
59A
CF9
867
9DD
DDB
7FF
7FF
1B5
B2C
800
A31
431
7FF
362
387
9AC
800
068
5D2
7A1
45B
BDD
800
800
D9A
66F
7FF
4A7
ED1
ADE
800
CEF
570
7FF
200
E14
9CE
B61
214
57F
727
482
D4F
800
A4F
047
64F
608
07E
C8A
800
C26
232
7F1
749
3DB
A8B
9E6
B7B
459
7FF
70B
CEE
8A4
944
CBD
524
712
5A7
0AE
9E1
800
07E
7FF
773
2FF
BB5
80A
837
F28
6E0
7FF
726
B7B
8F3
8FB
DAA
7FF
713
330
CE6
800
B01
2B0
7FF
605
5FD
B33
928
986
3ED
7FF
7FF
123
A9E
800
CBB
260
2A0
7B4
CBF
9D9
955
AD3
423
7FF
4BF
CB6
800
9B7
F7F
557
7FF
3BE
E39
8DB
C22
E16
7FF
5F2
2A0
0A9
800
BB1
223
5F2
592
245
C06
81A
AEE
D83
728
7FF
122
A0D
905
EAB
300
7FF
7E1
03D
9BB
A45
B0B
232
7F9
5E9
FFA
952
983
135
337
6F6
4DD
E3F
AE4
826
0AB
651
58D
2BA
D09
85B
A15
065
634
73B
57F
BB5
957
96D
274
504
6D0
214
8FD
800
BB7
2DB
6E6
620
04B
933
800
C22
1EB
618
5D4
EF3
9EE
AAC
C52
7FF
7B3
439
B43
B54
B28
165
48D
7FF
2F7
E1F
89D
9FF
14A
68F
7FF
322
C9A
866
800
BBF
7FF
2EF
6B8
B38
9FD
98C
F4D
7A6
7FF
FC9
9FD
800
CA2
5D8
7FF
617
0A6
847
800
DCA
534
6E0
55D
E67
800
93D
E17
2F1
7FF
53F
DE6
800
8B3
243
37F
7FF
5B1
AB3
800
899
E5F
300
6A0
203
C5D
A8C
915
43D
7FF
5A4
04E
933
960
96E
56A
4CB
69A
EB1
97C
83C
CBA
252
7FF
687
128
C04
800
D95
30B
7FF
44D
C6C
A13
A41
E6D
401
7C7
3D0
ED1
800
940
D77
746
7FF
128
AC5
800
BCE
0D5
74B
75F
46A
A35
800
F37
02A
7FF
7FF
06D
B64
800
C7E
2C6
7FF
406
2A4
A71
A22
DE8
479
7FF
426
D60
800
9A0
CD5
6C5
7FF
420
EF1
800
807
D9E
69A
7DF
5B9
CB1
800
92E
372
6F5
7FF
2E7
A82
8EF
C32
035
6E4
6AA
0C6
800
8EE
CB3
1A5
7CC
749
286
AE9
844
B7C
08B
460
152
BBE
B3C
869
DBC
7FF
7FF
441
BF5
800
9E4
09C
6DF
7FF
309
F9E
800
A44
000
72E
704
2FE
B77
B01
996
DF9
703
721
23E
BF8
800
F96
4B7
6A8
585
F81
B8D
800
C64
3E5
597
69F
171
A2C
910
103
380
7FF
78F
EC1
A6F
800
E15
606
685
37C
E67
AC4
973
FBA
7D1
7FF
367
A9C
976
9BB
324
7FF
670
150
ADF
A21
A11
6BC
6F4
49C
F89
BE0
800
A2B
445
75F
538
208
800
9FB
F85
49E
646
4D8
FC5
800
800
EFD
6D9
7E0
354
C9E
948
97C
14C
3B9
6C3
026
9BA
800
89E
1C1
4C3
72C
1EC
80C
800
C82
132
598
45E
C6E
B3D
879
B8D
3E7
7FF
70B
F96
800
800
E5B
5D2
6E4
528
EC7
990
B2D
1CF
592
7FF
432
E3E
800
9C9
DF5
73C
7FF
21A
A95
832
AF3
4CC
7FF
7FF
F66
A48
800
BE6
3EE
7FF
496
18D
800
9F1
B7C
602
7FF
5CA
227
841
800
E8D
3F8
568
454
C85
AAB
9BF
15E
7FF
7FF
413
C63
800
A6C
015
516
775
30A
E5E
800
BC7
1A5
39B
7FF
00C
910
8C8
C3D
1E1
45B
658
12A
A49
806
D40
2E1
7D5
7FF
FBC
A12
890
ADD
46A
7FF
3F9
049
800
939
099
445
462
3A7
F83
800
8CA
D83
713
7EF
233
BC3
800
B09
142
7FF
7FF
114
A3A
800
965
0D3
714
78E
160
949
97D
B62
475
7FF
5E3
153
8FE
A5B
DD5
2EC
78D
21F
F03
908
A19
D0F
4BA
4EC
48C
021
800
90E
F8D
46D
7FF
19F
EBB
800
96C
CFC
7FF
7FF
205
A8C
8A6
BA0
083
7FF
4B0
0C9
D18
8F5
E34
263
740
792
03F
944
800
A75
597
7FF
7FF
E11
AC0
D06
E97
457
407
155
F53
800
800
06F
696
7FF
2F7
AA4
83F
B6E
001
565
666
351
887
88A
A9E
FD9
7A1
7FF
17B
D50
960
C1E
48A
5DF
3F8
E84
BAC
BED
F4B
515
779
541
EEE
AB5
919
ECE
77E
7FF
725
E90
800
905
EFF
3DC
7FF
362
EFE
800
BBF
FE2
7FF
598
2BC
D46
800
AD1
286
77C
7FF
021
89D
865
E7A
165
6F0
7FF
CFB
A3B
BB3
CE4
7D4
7FF
5EC
E9F
838
A92
E85
7EE
7E8
510
B5F
800
A20
198
6B6
71F
184
9DD
800
A2F
0FC
692
67E
19F
AAA
9EB
0DD
FB7
7FF
653
F9C
871
963
CD2
3D9
7FF
651
FF6
9CC
800
E07
239
7FF
61B
DA2
8CC
956
076
567
6EF
46F
B9C
800
AA2
161
7FF
531
095
DC2
970
BCF
1F3
70A
545
480
800
92F
DA7
523
796
798
241
A5F
9E7
A82
28C
7FF
772
02F
959
800
F88
3C7
56F
672
C76
953
9AF
E3B
38C
7FF
493
C9B
91D
980
1D5
488
744
59D
A77
94C
CD7
37B
7FF
502
168
800
800
BD7
248
7FF
625
22F
AB8
800
CB2
4D7
7FF
662
FF6
9E5
800
D75
457
7FF
6B5
E07
800
800
F7A
2BC
7FF
497
C65
800
B16
0B1
7FF
556
201
C28
943
B97
EF6
736
5AB
188
97B
800
AE2
271
7FF
618
E1A
B5C
800
FC7
371
7FF
3A8
EE4
800
800
EA8
24E
676
792
EA4
800
BC6
FE2
365
76F
03F
B38
854
800
06A
7FF
710
0E7
9DA
800
A5F
4B8
7FF
3E2
26F
E60
800
B18
3F6
7FF
462
E79
800
800
077
4F2
670
757
EFC
800
800
04A
585
7FF
2DB
CD7
AA6
90A
DE9
65F
5BC
3A0
C14
85E
800
40B
5DA
58C
135
C34
802
AF0
110
74E
6E3
FF9
8EC
9A9
D60
0EA
45F
7FC
FDC
8F3
9E9
A05
40A
7FF
438
E8C
AC6
928
D2E
693
7FF
2E2
BBB
800
973
135
7FF
65B
470
C89
800
920
56E
7FF
7FF
094
CEB
A7A
B0A
352
4E6
580
100
A71
800
E41
1FE
7FF
641
E3A
861
800
D24
671
7FF
70E
DCC
800
800
DDF
439
73F
36F
A94
800
B73
153
7FF
70F
267
B71
C1C
914
02A
7FF
78B
050
821
848
F36
11A
645
767
DB3
870
8E9
DAC
3A3
7FF
3E7
C43
AB3
90E
E0A
7FF
7FF
673
CAD
800
A7B
140
6FB
7FF
1EC
C95
800
A2B
DC5
7FF
6FE
12E
AD4
800
851
287
7FF
6AF
175
AF8
800
C83
307
7FF
5FE
F5C
800
92D
000
5D8
7FF
74B
ED1
800
837
D6E
461
7FF
319
CAD
841
A47
E9C
71F
7FF
1A9
E78
800
A86
173
7FF
429
2F8
B91
800
D28
315
7FF
6A4
DFA
800
C01
D25
2B8
6E5
759
C21
800
800
F14
526
6E2
4BA
F58
920
970
E17
4E7
7FF
31C
EDC
8FC
BEA
F27
739
7FF
1F2
A8F
805
AEB
0F0
7D1
7FF
186
834
A87
E37
337
7FF
58B
EBF
92A
9C9
CCA
73D
6B6
7B4
D3F
A07
800
1BD
646
7D2
500
DE6
800
92F
E89
6F0
6C1
182
DEB
847
AFD
F70
7D7
62B
45E
B78
8B3
EE5
030
76A
7FF
EB1
854
800
DDB
390
7FF
6C4
FB2
800
CDF
056
7FF
7FF
629
F46
800
A5E
C8B
654
6BD
3D1
BA5
800
859
D35
66B
6F6
17A
8D7
800
CEC
EF3
650
1B5
3BC
800
800
CCF
565
7FF
7FF
F2C
AB6
81B
C08
265
7C8
544
CAA
800
80A
C30
3F5
631
1D3
B86
800
AF4
184
753
66B
3F3
CA1
8AC
800
3A5
4B8
6DF
1A3
E07
800
D7A
10E
7C1
621
F95
974
800
E21
2F9
7FF
10E
E25
B22
800
E6B
45F
7FF
3D6
98B
800
800
F5B
77E
788
14B
8F7
B1F
98A
25A
7A1
537
1FD
CB2
934
C9E
161
752
413
FDA
849
82D
D08
34D
7FF
5C4
F6C
904
842
001
45F
7A4
3EE
DB9
800
9C4
018
652
5FE
105
CC6
800
8E2
153
7FF
4D9
234
E5E
943
D15
090
7A5
568
122
B36
D29
9B5
1BB
66F
668
248
C0F
A9E
EDC
3CE
7FF
417
D00
88F
B6E
160
5F6
7FF
484
D93
91A
903
1DB
7FF
5D8
225
8DB
800
9C2
2C5
4D0
7FF
09B
98B
A05
B91
37F
7FF
7FF
079
800
972
E74
5CB
58E
49A
E2A
9AE
800
F7D
48E
7FF
445
D15
800
800
E4C
48A
4C1
6B1
C91
800
800
14B
7C8
7A3
269
948
800
C7C
347
5AE
479
452
D2F
893
AEE
0CC
7FF
7FF
BE7
CD3
800
D5A
416
7B8
530
CE0
800
C8E
FE9
647
7FF
455
DB9
A16
A8A
21D
4D9
7FF
2D3
BEA
800
AF9
227
7FA
769
304
D79
800
ACC
1AA
662
48B
085
8D9
800
CFB
1C3
7D2
37E
F16
A1B
89C
ECC
5FA
63B
0C8
87D
9A6
800
01B
649
4C5
52F
C59
9E8
B84
202
6B4
74C
D39
800
B68
A53
455
77E
67F
084
A50
C02
E4A
5F2
77B
480
D64
800
B07
F6C
5B3
7FF
41E
DB4
B6B
800
0BE
7FF
4D4
042
DC0
800
AE7
1B6
7FF
6A4
24A
D08
800
BB4
61C
7CC
613
F41
A32
800
E9C
593
7FF
6FC
094
8CE
864
E45
45C
7FF
61E
E06
85F
AB9
FEC
6B9
4D7
499
BA1
84D
800
24D
6D1
7FF
279
B68
8CE
AE2
55E
665
659
392
800
80D
EEC
4F1
699
5BB
251
800
800
D84
333
7FF
78C
EAA
A19
800
051
576
7FF
3A4
B91
800
B33
117
38F
724
316
D22
80E
A30
526
691
77E
019
9C7
800
EDD
0D3
7BD
668
FA7
92E
988
C05
44C
61B
299
D58
9F0
882
BE5
7DD
7FF
388
B67
8D8
AA4
10F
7FF
790
131
A25
833
A63
EC9
7FF
759
05B
911
800
DAA
51F
792
2BC
ED7
924
884
CF9
4B7
687
7FF
F16
800
8D0
FAB
425
7ED
62D
BC8
A38
8F7
005
38C
3B7
642
A31
800
CD7
0F6
7FF
6B4
183
9E7
800
C16
13F
5F6
7D9
0AB
800
800
E59
553
62F
5EA
F2F
B29
800
011
544
7FF
60B
BAF
800
800
F63
5A9
7FF
35B
9F7
92F
DE3
100
5FF
4D1
2DE
CFC
C68
8F6
37D
6D9
7B4
1BD
9F6
92C
CD4
5F4
7FF
4DF
E62
B6D
800
B4F
57C
6AB
26C
CED
AFD
CC4
0D5
576
57E
0E2
BDF
916
A8E
2E2
7FF
772
158
AC8
800
DB7
138
7FF
7FF
EE9
B34
800
BC7
32A
7FF
4E9
EF2
800
854
D53
62D
398
40B
9CF
800
A32
F8B
475
61B
277
0A5
800
CB8
225
5AA
7EC
1C6
D49
864
BFC
139
7FF
7A2
0A2
983
800
B76
41F
377
6A9
E9F
A21
A7E
B3F
7FF
5E9
3B8
998
9B5
800
F92
77D
641
3CC
AAF
800
AA5
D34
387
7FF
51D
D3D
800
C16
FEB
7DD
754
3D8
986
931
EF4
544
6A6
347
DFB
800
9C6
E57
659
5EB
281
D04
800
896
F52
716
7FF
213
E3B
A56
98D
E1F
7FC
7C9
41E
9DF
B10
D03
150
7FF
574
E6B
800
9CC
B82
515
644
5D4
E3E
BC5
957
0FB
6A5
7FF
1FB
F28
922
8B9
058
7FF
7FF
6B9
CD5
800
800
2C0
5FC
7FF
140
BDE
800
A58
55A
7E4
61A
0E0
A47
965
B7D
2F8
72F
607
09B
800
800
BD3
4F6
7FF
2CD
DEA
AEE
A4C
B9E
4E2
7FF
29C
C1E
B4A
832
115
37A
54A
3BC
9F4
88E
B2B
1AA
7FF
7FF
FA8
977
8B2
BAB
296
7D8
1FC
FE5
B80
983
F00
46B
7FF
558
C3B
800
AEE
127
7B7
7E3
3E0
DEC
800
990
FF3
4A5
3E6
F6F
B35
A2F
BF6
12A
3AA
7FF
08D
993
967
D76
31C
716
5EF
E8C
ADA
800
B25
38F
7FF
544
E12
800
A54
E79
67B
493
33F
E88
8CC
9B3
028
5B9
51B
01E
947
869
E05
22F
7FF
7FF
F76
89F
800
BF4
28C
710
62B
FAC
CD9
AB7
F7E
4D7
7FF
466
C7C
92F
805
D01
3C9
54D
54F
D6B
9E7
99F
2AA
7FF
579
16C
C4A
88F
C49
58E
582
53C
EBF
800
9B2
F2C
44B
7FF
703
FB8
96B
960
CF7
43A
7FF
380
CC9
85B
B11
FED
4BA
7FF
3B6
E30
800
BDB
0C4
7FF
7FF
338
BCD
800
B09
203
558
7CA
E32
A1E
97C
F9A
3C0
741
69C
E8D
89C
C66
B55
4B7
72D
21E
B8E
91D
98E
F58
55A
494
40F
C72
924
A22
F92
7FF
67E
2A4
800
8B8
CB7
403
7FF
7FF
E2C
8BC
9AD
D70
36F
727
0C8
F8F
800
84B
F48
4E5
708
49C
D3D
87F
937
F06
721
749
1F9
BE1
810
BA6
1C3
532
6BD
0E1
BB4
925
BA4
0FE
74A
7FF
FF1
800
800
EF2
3CE
782
6E5
EBB
8D4
800
084
600
5D3
551
ED6
800
AAC
092
6BE
7FF
201
CC9
98B
B75
12E
47D
7FF
020
A0D
800
DDB
345
6EE
6B7
EB3
973
800
C47
5B7
5BE
65E
07B
800
88D
0B3
44D
7FF
1DC
010
9A9
957
0D9
3A6
7FF
1FD
BCC
800
D7F
3DE
7FF
6F5
E6A
9F0
977
CB5
691
7EE
4AF
004
C3B
8B6
E25
5CC
692
388
D36
800
9BB
FE0
403
5F8
076
DEF
820
A77
03F
555
7FF
0E5
8A2
800
944
3AC
77E
3B8
221
910
800
C48
344
7FF
6A8
084
9A7
A1C
A2A
2AA
5D2
286
156
B13
CE8
0E1
449
7FF
211
DC8
800
BE6
0C2
7FF
47E
3F2
B0E
800
A4F
14E
7FF
6E5
027
91A
800
C69
660
7FF
3A5
C22
800
ACE
DCE
613
7FF
3CF
D82
800
D55
18B
70E
6F5
2A3
87C
800
A17
2D6
7FF
4DD
FF8
800
9ED
D90
471
5E0
709
EF1
800
AFF
CEC
272
7FF
447
D23
AA7
913
000
615
7E3
28E
E99
800
86F
09A
721
557
174
AB0
8F7
BA4
215
606
7FF
17C
ABD
C21
CB1
368
7D5
1E4
016
800
A41
C7B
552
7FF
366
EB8
B81
94F
ECC
563
7FF
501
D1E
8C0
B9F
2CA
6C3
4AD
47D
8DD
800
B64
39E
7FF
4D0
20A
800
84F
C72
3E3
7FF
332
C72
8DD
B15
D0C
20E
7FF
3A2
C4B
9F2
B51
24B
7EE
654
1C0
9A0
886
B64
314
775
72F
128
ABD
800
C96
34F
6D8
5C2
0B5
A40
800
ABB
7D0
7FF
3B9
F3D
800
96D
10C
7FF
76A
5D0
AB4
A0C
ACB
06D
46C
60F
3ED
85F
972
800
172
7FF
7FF
4E2
A78
809
9D6
363
5A6
46B
EAE
868
8D3
CD9
485
6C6
481
EB8
800
8ED
F04
6AF
7FF
3CD
C47
800
9CA
33A
7C3
7FF
235
B60
800
9A7
27E
6BC
470
07D
988
800
CA1
66E
7FF
66A
FC7
B90
800
E84
3D7
5ED
783
D16
800
8C5
F4E
629
7FF
0AC
B61
8EB
BC8
ECC
757
760
EAB
B47
800
C16
1AD
686
753
20C
94A
836
CB0
55C
7FF
7C2
FD4
800
800
C46
590
7FF
6E5
CC7
800
B4C
13F
7FF
6BD
06A
C7C
A1D
884
315
45B
72C
F37
ABB
90E
B88
685
7FF
573
187
A43
C97
BC7
44A
7FF
6DC
AD8
8F0
94E
E11
7FF
720
4B4
CE7
800
B23
223
5ED
7B8
0D8
AFC
800
C52
3AB
754
7AD
FF0
8DC
C7F
E0C
120
7FF
62F
FDD
A33
996
E1A
460
74C
189
CB1
800
C4E
FE1
5A6
7FF
098
DC9
999
C25
045
7FF
7FF
002
B39
955
E0E
302
586
5E6
F3A
945
800
C9B
7B5
77B
22A
F2B
8E3
800
DB2
6C0
5DE
4B1
B21
800
9CF
E36
642
574
320
800
800
C62
3DD
574
7B2
E8F
800
800
A0A
7FF
7FF
6FC
0A6
8B2
A97
EE2
151
7E5
6F4
D6E
86C
8A4
24E
321
6F6
1AF
800
950
8E4
3B5
544
7FF
FB7
823
BE5
C8D
2B8
76D
64A
F96
800
800
CB1
67D
4B3
56D
F13
A88
8DF
18C
52E
7FF
509
D4E
8DD
93D
E68
62B
5BB
441
A80
961
AA7
011
76F
712
F44
A3F
800
D60
2C3
7FF
7FF
0A6
800
99C
FD7
7DC
7FF
67E
D27
800
9D5
F43
5A6
787
49E
800
800
800
0AA
7FF
622
09C
A5A
A2A
E09
66F
7FF
4EB
F92
800
800
F33
13D
690
53F
EB4
927
8B0
B65
546
7FF
76C
F93
800
9FC
26B
785
55E
4D2
B20
8AE
C49
010
7FF
56C
001
FB3
842
F2A
6DC
4CF
785
B97
A64
AB4
1AD
4EA
703
63D
B10
841
800
ED6
686
581
48C
9CC
800
CBD
0E6
5C8
6CD
1DE
D79
800
BC8
4EC
77F
7FF
11A
97F
800
E2A
28C
70B
626
D2E
800
9F5
D74
617
7FF
321
9EF
800
800
F05
611
6A9
31C
AB7
963
AF1
36D
78B
72B
EF1
BB2
9B7
F6F
08B
74D
439
FAB
8DE
AF3
FDA
2F9
6AF
5F6
CCF
99B
B6E
188
7E8
7FF
229
B52
A80
A5B
24F
7FF
786
233
CED
9D4
B99
47F
776
6D7
187
A49
9D4
BC7
3C2
7FF
37F
ECA
9CA
9EB
E21
727
445
44A
D42
800
8A0
0B9
750
7F3
FC8
84D
A5F
947
307
68C
685
0C3
CD4
800
B88
683
7F9
19B
F12
88D
8F2
E7C
6EB
671
5B3
E0E
800
800
EDB
760
59F
0B1
A36
A23
B09
F81
768
6F1
153
800
90F
C0D
393
7FF
490
EF6
B1C
ACF
086
60A
7FF
6D0
FC7
911
8FA
E6C
7AF
5F5
5CB
D12
800
800
08C
7FF
7D2
179
B68
800
A4C
027
698
7FF
E68
9BE
A98
D55
258
7FF
713
E8D
CBB
91B
AB0
792
546
641
9B6
9B5
925
015
7FF
754
28A
E8C
85B
CBA
46A
6E7
743
E89
AC4
A09
B96
2C9
6F6
6E8
DF8
B46
800
DCF
619
7FF
5EE
FAE
8A5
800
DC6
7FF
734
49D
BD7
800
AB8
1BC
7FF
7FF
363
E05
800
B2F
493
7FF
4BF
DB5
B84
8B6
BDF
577
47E
3D8
E96
AFB
886
D11
447
7FF
438
C76
800
800
0E3
793
4C7
29A
8A1
800
86D
153
70D
775
E29
A94
800
9CC
F89
7B8
364
DB0
800
800
01E
408
655
2CE
E00
800
88E
096
7FF
708
294
D82
A32
B98
F89
532
265
12B
BFB
8EE
E0C
2DE
7FF
7A1
062
800
9B8
D6C
3D4
583
338
DE4
800
800
E5A
29E
7FF
4AA
D36
800
800
DD7
553
71E
1B0
A32
951
D25
FD5
648
7C9
F0A
C59
800
800
511
5D0
182
AF3
800
8F7
F9E
3E1
45E
3D0
C86
800
A3A
105
7FF
7FF
2F5
C61
952
B4A
FD1
760
7B3
F08
B7F
814
D55
339
785
3B3
C6A
8C5
96D
F17
63C
7FF
5E2
C95
800
C96
DF4
62D
5A2
17D
99B
800
88B
1C9
21B
799
208
969
800
AA3
287
7FF
64B
014
890
800
CF0
49B
7FF
636
F17
88F
A37
160
400
717
247
9B0
9E3
BAD
E69
7FF
699
183
8B5
955
DDC
383
7FF
4E6
C66
86C
800
D16
45C
7FF
2A6
D44
800
864
E45
2DD
7FF
0F5
C3C
800
8F0
263
7FF
7FF
E61
9AB
800
AF7
45C
7A7
7B6
36F
800
9C1
DBE
346
739
710
EE3
800
C10
F5E
3EB
5CD
167
B51
927
800
248
512
5E5
F84
D7B
800
800
464
7FF
639
23E
AA2
939
A7F
2E4
742
59B
16C
909
90B
F31
487
7FF
2AF
E39
907
800
21A
7BF
7FF
509
AF7
800
AA7
124
53D
7FF
21D
BF4
800
9B6
F81
786
666
D9A
984
800
BFF
5E3
774
474
CC8
800
A1A
F2F
449
7FF
390
E56
97F
D76
256
7FF
5D6
002
C33
800
A9D
18E
7FF
43D
FB3
B08
862
D33
4C1
449
530
EC8
AC1
B32
052
2A7
684
23B
F44
800
BD9
124
74A
477
1F5
D1E
902
B9E
FD3
67E
650
DB9
B79
800
BAB
3C3
7FF
69C
D6D
800
800
24E
7CE
7FF
28D
BB3
800
9CD
103
5F2
669
51E
9B7
800
BBB
111
7FF
72C
163
800
800
AE8
515
542
487
0DC
9EE
800
E9A
75A
7FF
398
E65
85F
9BD
133
7FF
7F5
278
C07
800
D07
ED6
2FA
7FF
08A
A21
800
EAF
42B
5CE
7FF
DE8
8F7
8B9
E22
6B7
650
4E3
D25
B02
800
E6C
7FF
7C0
341
C31
817
D16
289
7FF
7FF
0BB
919
856
A03
1F6
7FF
7DE
0FB
874
A1B
D49
329
64D
415
F47
800
800
FCF
6D9
7E1
170
AFE
800
941
088
501
7FF
0B3
9A7
931
93F
058
7FF
5F5
01E
B63
BE0
D85
670
471
59D
CC6
A71
917
00A
7D3
766
135
BBC
800
A3F
094
66D
62E
3F0
BEC
A7C
BA7
409
6D8
3B1
F74
800
800
F12
432
7FF
5A8
FB1
B0D
97C
2B2
7FF
58E
08A
D17
9E2
BA0
140
3D5
6F6
331
D21
8C0
800
E77
7FF
7FF
D00
C5F
800
CB8
25F
529
7A5
D5F
940
A9C
DA2
44E
634
4C3
B1D
8C0
CA7
F02
79B
4DE
ECF
800
A7B
C92
140
5C9
5F3
EA0
B45
ADA
C5A
180
667
57D
ED7
957
800
01F
608
6A7
305
DF2
94E
800
EB0
63C
673
2D7
9A6
800
A74
2B7
7BC
7CF
CA2
800
B37
01D
480
7EC
7FF
D01
A52
800
B67
622
7FF
2A1
B86
800
8E0
F78
679
7FF
186
C6D
800
B99
F8F
537
6E7
09E
989
97D
D93
267
7CF
6FB
C7B
846
800
F31
247
7FF
2B9
D70
800
AB6
01A
509
56F
F44
A3D
800
800
E57
7FF
76A
1A3
A59
800
BD9
24A
66C
230
091
88E
ACB
DC9
269
7FF
313
B87
800
9FE
FA6
733
7FF
22C
FA3
A61
EC2
389
78E
55D
1DF
815
800
D12
609
7FF
798
EAF
9A9
B0A
CB9
704
7FF
527
01A
859
A41
DF9
589
7FF
107
905
800
9B9
294
7FF
3FE
0B4
8CE
87B
B85
104
7FF
793
E40
986
8F6
D79
371
7FF
643
C9D
800
9B3
E56
7FF
61C
0D6
A8D
A91
B90
5AE
7FF
6CE
273
B68
800
BFA
2E2
7FF
7FF
0DC
945
963
CD9
56E
5A3
426
BA6
92E
AC2
145
7FF
7FF
04E
95C
899
DCE
0AF
774
506
4DA
800
B41
DFA
2EC
7FF
7FF
DCD
800
800
D7C
5DB
7FA
4B1
A77
800
800
F9C
551
7FF
388
9F6
800
C1A
240
539
6C7
2F0
C97
8B0
CCD
161
5FC
06A
E3D
A61
976
D05
575
7FF
4F1
F75
866
800
F45
660
7FF
3BC
CB8
800
B88
F90
7FF
70D
090
8AD
8BD
C72
FD0
7FF
5EC
FB9
95E
800
D1F
48F
7D1
6FA
E21
9AB
800
E90
478
7FF
4D1
A28
800
8F3
091
617
5CD
FC1
800
800
ACE
0F0
7FF
7FF
FD8
97A
A48
C7A
64E
7FF
7FF
C13
800
918
C57
310
7FF
2E0
A5D
BE7
800
0A2
5A9
4D4
FCB
BD7
800
A4A
3C7
7FF
7FF
F5F
813
800
D1A
732
66D
337
BAF
800
800
DAD
7FF
7FF
FA0
AFD
800
B73
01A
7FF
491
ADC
873
800
BA2
39D
7FF
4B7
087
810
800
B92
5A2
7BF
395
D6A
A06
9AD
F8B
7E5
7FF
440
A82
800
8BC
FED
66F
7FF
0B7
D7B
800
A8A
3E2
7FF
503
3D2
A73
892
E2F
367
7FF
368
E76
800
95C
ED2
69D
554
0B5
C83
800
857
024
673
661
1DD
AEC
886
AFE
2B6
7FF
7FF
2BB
893
8FE
FAE
4D2
7C4
1AB
F4D
867
8F6
EE4
5D5
7FF
240
BE3
800
A98
11A
5D9
604
105
8A4
805
9A2
496
49E
7FF
E2C
BA0
C26
B0F
61D
788
3C1
EB5
800
8CE
ECE
7FF
7DC
5A9
C02
905
A0F
2F8
7FF
35A
FA6
90D
C4A
C01
1CC
7FF
746
C32
800
800
DC3
33C
7FF
2D4
C44
87C
A35
12F
7FF
68C
452
D32
800
AE2
E83
728
79A
097
A06
C66
DA1
3F3
7FF
4DC
E21
800
800
E65
39B
7FF
15F
B97
A1C
84F
059
7FF
67C
151
B09
B27
C8F
3FE
68E
7FF
0F8
BEC
800
BD4
56B
7F0
311
E7B
89F
800
09D
5D0
7FF
57D
B19
893
9A1
DD5
7FF
7FF
2A3
C77
A13
B7B
053
7FF
7FF
1A1
9E1
894
C4D
5BC
7FF
6EF
18B
9E1
996
F70
3D1
665
37D
B01
8EE
99C
3C8
7F8
6A3
C94
B8C
B78
C12
20A
7FA
502
F7B
B8E
800
D1A
6B2
76E
6FC
124
9CD
8E8
0E9
5CD
6F8
2FE
E98
834
800
FE3
62C
55D
331
81B
800
B16
175
788
6A3
E0B
800
A4C
D80
3C6
67F
480
BCE
915
8C1
D60
567
7FF
2F1
E0A
9BE
94C
0A2
6C4
797
0E2
99D
9D5
C19
0E5
7D3
5C2
EC7
93C
9B3
D17
6E7
5C1
735
CDB
800
800
AF1
7FD
7FF
2FC
B69
800
8C8
186
7FF
5BA
2B2
E1F
856
BB0
329
620
612
F3D
965
9B8
E80
4A5
570
785
DFA
800
821
19E
4F4
5B9
337
B75
921
B1F
072
42F
7FF
F89
800
890
C00
6CD
7DE
635
DF5
800
9D3
D50
677
7FF
284
000
800
DED
28C
711
7FF
401
B57
B65
A84
1CD
748
5CE
1C8
A07
931
C16
5A6
674
7FF
EBA
C6F
8EB
F30
2F4
7FF
3BC
E30
A7C
800
EC7
59E
7FF
414
A40
877
D0A
150
7FF
579
FD9
8BA
825
DB4
596
7FF
5CE
D9D
800
878
01F
667
7FF
1CE
B01
800
C11
086
6FE
7FF
F4E
C4A
BEE
AF6
076
7FF
67E
11B
A4E
800
03E
647
7E4
49F
D16
A28
B33
096
60C
79C
4AF
DB8
800
AFB
14B
717
7FF
133
8FF
800
C85
275
7FF
534
12D
9A6
9B3
CF3
442
7FF
61F
BAA
9ED
92A
01C
4C2
642
459
B7F
800
C2F
3D4
6EC
6A4
277
91C
831
B2C
424
591
584
D96
846
800
DAF
315
7FF
410
9A2
800
800
EB6
4F6
6CA
1EA
ADC
800
9EC
0A0
699
30E
44F
F2F
800
D35
533
6A7
78A
F2B
97F
87D
DA5
609
7FF
2C1
C95
9F3
800
365
7C8
72A
0CE
BAB
9E8
E33
0F1
7FF
5E9
287
800
9A1
CCA
499
65F
3C3
D27
941
9DF
F01
2C2
7FF
602
A76
9EA
B3D
2D9
7FF
5C2
0F3
BF2
A5B
8EA
122
6F3
759
162
8DA
8C3
E01
411
7FF
7FF
FC5
B4D
8B1
04E
49A
7CB
4A5
AB6
92F
86C
DFE
7FF
74C
308
8BC
800
C5E
1F7
7F7
3F2
FF6
9F5
94A
F98
412
7DA
3F2
DDA
8FC
AD5
122
6AE
67B
315
CA6
9B7
BDB
3E1
574
7B5
0BC
AA4
800
C1A
3CF
7FF
26B
C77
929
800
DB7
2EA
7FF
45C
D3F
863
B77
EAD
484
796
107
CB1
800
ABE
0DC
7FF
6FF
163
AA2
A23
D94
353
7A4
46B
C8B
800
997
FA1
766
7FF
366
D36
800
884
153
69B
771
EE5
C04
8BD
AA0
115
470
7FF
19F
800
800
E77
4FA
71D
646
F60
B84
8F9
0F6
4FA
7FF
29E
EA7
800
8AE
22B
7FF
335
288
C81
88F
800
492
7FF
582
0C8
C0E
944
DF2
5BB
7FF
485
D9E
8CC
A12
F94
638
5B7
34D
B17
872
9DA
192
7FF
7FF
38F
C39
800
DA2
5BA
4C6
494
0A8
A21
800
F07
63F
7FF
28D
CEC
830
9CB
290
6D6
662
0E9
CB0
800
EDF
3E0
7FF
725
32D
800
9FE
ECD
4AB
7D2
547
C33
827
A71
DE9
1E0
7FF
231
EF4
800
9DF
09B
72A
7D1
0E2
808
800
FC3
018
78C
369
081
800
800
E05
3F6
7FF
4C5
E35
800
AEE
1C5
4B6
700
3A0
B76
800
A03
2F1
7FF
514
172
B87
800
D71
451
719
61A
F97
9BB
A5E
D2A
4E7
7B5
18C
E32
800
D72
264
446
7FF
FCC
A55
800
A80
11B
7B0
590
DD1
AD6
800
CB8
69F
7FF
383
CEA
B76
800
E8C
725
694
132
F00
800
AB2
0BE
7FF
7FF
FDE
800
8BD
D19
647
783
4B6
F32
819
8E8
DCC
675
7FF
559
227
87D
800
F6A
674
699
31A
BC0
800
D51
299
4FB
7BC
FD2
AF2
BDF
BDA
36F
668
507
FE5
A94
B9B
01A
73C
797
700
C7D
800
BA1
12B
6A6
520
170
972
86D
8D9
507
56E
7FF
301
80C
971
CF9
4CB
734
5E3
C31
8F9
D4C
282
5CF
7D6
464
8A5
800
96F
0E1
7FF
7FF
156
BB0
800
A7E
3AC
7A3
649
C2D
800
94B
D53
444
701
183
CF3
800
A35
0D8
572
6C2
293
D3A
800
9C4
145
6BA
6EC
1A9
9C8
9DE
DDA
289
7FF
7E0
072
800
8D8
BEB
674
6B5
300
B6D
A90
EB5
209
412
60A
2B0
BB8
9AD
E5D
24C
7FF
57A
1D4
820
800
D23
732
601
4AA
119
939
800
E69
4A0
7FF
356
986
800
8FE
2C1
661
7FF
EF2
B32
800
E04
2A7
7F6
4BF
E04
800
800
CC8
1B3
7FF
2A7
ECE
8B0
CED
E53
7FF
7FF
FF9
044
931
820
21F
7FF
7FF
F4A
9B1
8F0
F50
5CE
7FF
5BB
D81
855
B93
DAC
55C
7FF
29E
CE1
800
C0C
1C9
5E0
511
213
9C2
BB7
AF4
15F
74A
794
E4C
800
800
0B0
557
6B7
7FF
F31
85E
AB9
FAB
7FF
76A
116
B1D
800
C81
FE8
6F6
7FF
F1E
D18
800
D18
22D
791
75A
E9C
BDD
94F
227
347
7FF
609
BD7
81A
D22
21B
2DC
721
3B0
E32
9E5
B84
196
717
352
0A4
800
8AE
D40
2A4
7FF
614
DD7
800
800
D29
511
7FF
46E
C1F
805
CF7
042
7FF
7FF
219
898
878
DFE
5E5
7FF
454
F5B
B07
831
D17
48F
7A4
682
C02
800
800
EE7
6A6
7F8
318
A4A
AAD
C2B
347
7FF
61E
F72
A12
8F5
EE1
528
7FF
2D9
F47
800
9BA
FEE
1C1
653
070
F36
800
BE5
2C2
746
769
0B9
A8C
800
C8E
2B0
724
7FF
B74
800
800
FF6
5CE
7FF
1FF
A61
A20
800
F5D
564
568
2B7
B03
96A
C25
0CB
619
797
0A6
B9A
800
AFC
370
7FF
41B
228
8D4
800
175
4A6
7F8
24B
CC5
A00
ADA
4C2
7FF
63B
127
92B
8B6
E45
377
7FF
43A
082
C67
A29
CC7
6D8
71A
21A
BF1
AC0
898
EBE
55F
7FF
3CF
BF6
87B
A6E
602
7FF
61A
16D
A8C
84C
F43
4E8
7FF
7EC
F60
AF6
8A7
C7F
691
7FF
52A
B66
800
9FF
094
5E9
6E3
027
D29
800
C4F
377
7FF
646
CFB
BB2
855
FD7
6C2
7FF
75E
C8C
800
927
124
43B
719
1D5
D53
8F1
AB3
092
46D
7FF
04B
8DA
963
E3C
6A6
701
728
DB7
800
800
043
364
5B8
633
B40
800
92B
215
6FE
66A
24A
CAF
800
C3A
404
70D
711
DE1
800
800
CBF
46F
657
267
13B
818
850
177
585
7FF
17D
CEE
970
AE9
4E5
7F8
66B
08F
B76
9A6
DB0
490
7D8
765
EBC
860
985
C24
779
643
3A9
AAF
99A
C63
01D
7FF
7FF
FFC
C78
800
EAE
23D
7FF
663
DD9
A58
9CC
EFF
349
7FF
542
D90
940
8C4
161
681
55D
F28
AC7
800
922
326
7FF
6D2
F32
AD7
9D7
8FA
3AF
7FF
2A9
D9D
800
A9E
CDF
438
750
33B
965
800
B3A
0F1
647
6E4
2DE
A5F
99E
86A
48C
7B2
24E
E93
923
821
DC7
5FE
7FF
39D
F57
800
BCB
24B
7FF
7FF
F36
95F
800
ADF
209
7FF
6B8
057
B20
800
B29
395
6F6
583
F7B
800
8BC
F4B
725
7AB
341
E08
82D
9DF
3F5
7FF
703
33A
BD2
963
A40
258
7FF
5F6
1C8
800
800
F13
1FE
7B6
5C6
EDA
A88
9BA
D36
7FF
6C1
19A
F32
AA9
DA6
19B
712
662
D91
8CA
800
DA1
4E4
776
2B5
B7D
A9E
A38
D98
512
795
5E9
EE7
800
ADE
45E
61F
329
D02
A9A
87F
C4F
344
5DB
608
DE8
958
800
C8E
2CD
5B4
55D
E86
B17
8B4
FF7
68F
7FF
2A4
B86
891
A4E
2E6
7FF
524
098
A2D
9C4
FD3
347
750
5E9
E87
800
800
F08
5DA
7FF
33F
C59
800
DE2
3FF
7FF
615
F37
B34
960
CB8
1EA
7FF
663
D9D
9DC
800
DC8
52D
7FF
4AF
CF8
800
9CB
0BE
63F
58A
055
CA8
8DF
A5F
744
7FF
4D9
16A
B41
8B9
EC5
49F
76A
5A1
DB6
893
AF7
009
7FF
76F
0D1
B39
800
8F2
FCB
76B
67E
F14
81C
9FD
A85
2C9
68D
5FE
208
A3F
800
E5A
471
5C9
498
A14
887
A85
124
7FF
7FF
287
9BA
A16
D57
320
6C0
3AF
F29
AD8
9CF
F39
7FF
78E
6CA
F02
870
B4E
F0D
4AA
7FF
20A
AA2
800
BAC
2BE
6CB
70D
1DC
BC2
9E4
AD0
565
6ED
3BA
EA4
800
BD7
F63
5B8
590
31F
96D
9F9
BE7
235
7FF
7FF
123
939
9DB
D00
448
7FF
324
E79
A3C
800
17D
3DD
7FF
36B
A2D
800
800
F54
4AB
7E9
21D
C6E
8A1
CC2
EE2
7FF
581
145
9E3
800
DF1
7FF
73B
3BD
D20
800
B57
4AD
575
7CF
1E9
82A
845
EFD
184
7FF
599
B61
800
A18
E52
4F9
7FF
6BF
EB3
848
B20
DC1
280
7FF
620
B84
800
AE6
13A
727
7FF
F59
8AE
800
BB1
52E
7FF
695
F1B
926
A1D
EC2
57A
77F
0F1
B5E
88C
800
0AD
7FF
769
458
9F2
800
F06
318
7FF
7FF
FA2
800
9B5
E1C
3DA
7FF
350
DF3
800
8DA
E79
704
5C2
57A
DC6
8EB
95F
F65
7FF
67D
25F
A2D
8DA
9D1
345
7FF
511
D43
819
88F
EEE
442
7FF
4DD
CE5
800
B8F
3A0
7FF
7FF
08A
D42
800
B20
086
7F4
364
B8B
B03
894
03A
34E
7FF
51F
C60
8AA
9D3
0AA
55A
64D
53B
8FD
800
8EE
1E5
426
711
F98
A0B
842
D23
6A0
7FF
472
EF6
800
C02
0DE
668
60B
39A
A99
800
B1D
305
7FF
5FD
074
9B7
800
C7D
4F0
7CB
40D
163
8D8
800
F42
7BB
7FF
11E
FF6
899
809
4F1
7FF
6D7
201
D02
824
AE8
185
792
537
E05
8CA
800
018
3F8
797
1FA
A7A
80B
D69
016
580
7FF
314
B9B
800
AAD
220
7FF
442
D4C
88A
876
B06
766
769
245
1A8
800
800
FCB
416
742
5A8
DDE
800
8C6
F7B
5F8
7FF
0C5
916
912
E06
434
7FF
5E9
F78
843
96D
DF3
463
7C8
1E9
BC5
933
A55
F89
7FF
7FF
329
AC9
800
E24
7FF
7FF
5F2
FF8
800
8B0
C52
593
615
4E7
D04
800
B3B
1AE
4D2
7FF
221
A01
800
B75
6DC
7FF
6C6
DFA
800
9A9
FE7
0D0
6A3
3A0
DA0
B08
A09
091
7FF
7FF
23B
C70
8D4
C1F
306
7AB
63D
1CE
968
ABE
DDF
47C
746
72A
200
800
9B9
D6C
252
7FF
38C
C74
800
AA0
2B5
442
7FF
54D
C00
90E
CB3
245
6BE
60E
FC7
AED
975
F6D
3C3
7FF
525
DAB
800
800
E6C
6DC
7FF
11F
9C1
AE3
B51
571
6E6
52A
04D
963
98E
D0B
663
7FF
30B
D12
82F
9AD
07D
7FF
7FF
190
BF7
800
AA0
225
60D
7FF
C02
8F5
89B
DDC
615
738
5C8
DD8
9C8
800
0E2
4F2
7FF
459
CD9
A6E
BD5
23F
7FF
3DD
FCB
A23
886
994
3DB
621
55F
C8C
858
8DD
0A7
60F
7FF
336
A88
800
B41
DF2
7FF
6E1
349
8AE
AC5
D8D
52C
6AF
663
E90
9B6
800
D86
5D6
7FF
482
B8C
AC6
B33
F3C
3BC
7FF
DA0
9E2
800
A09
11F
628
7FF
C46
CA6
80F
F13
553
7FF
263
C6E
8C7
B9F
E89
503
6EB
2A8
84F
926
95D
F83
7FF
4F4
014
C57
800
CE6
0E7
7FF
495
C93
800
800
FD6
7FF
7FF
431
CDE
83F
BBE
438
7AA
2C0
2A0
AAC
800
EC3
61E
758
543
EEA
960
800
E07
522
7FF
41A
D00
800
B57
303
681
55B
3D8
A88
ACA
9F8
1DE
655
5AD
0B8
800
800
06E
13E
76C
204
BD0
800
99C
0A9
5E0
7CC
1CB
B6B
800
989
491
7D5
523
E33
89B
B29
E70
44F
7FA
2A8
AD5
89B
800
D1D
70B
7FF
252
F86
81A
B61
460
7FF
523
EEB
9F3
A1D
AF1
75B
7FF
4B4
F74
870
A29
364
550
574
FC8
CC3
800
E72
1F0
7D7
7FF
F8E
9E6
82E
D30
435
7FF
65D
E03
800
AA3
2EB
1DF
4DC
488
CF9
800
800
01D
6DF
67D
65D
800
800
AA2
573
652
5AA
F3C
800
800
DEA
63D
7FF
7FF
EF1
86A
831
21C
7FF
57C
F9D
B16
800
D0C
35A
498
534
E9F
B61
865
F1F
0EC
76D
069
C7F
800
A12
0E7
68F
558
025
D63
8BD
B5E
26E
746
7FF
E25
9FB
844
04E
61D
460
726
FD9
800
A24
C57
5F4
7FF
2C4
AE5
83B
AA1
304
6E2
721
DF4
9CB
922
E8E
45E
7FF
430
04E
A0B
B11
E64
7FF
7FF
2F8
AFA
800
934
1D9
7FF
7FF
060
987
800
F0D
387
7AD
7FF
C99
800
855
052
3B8
7FF
1D8
E45
AE8
95A
0B7
7FF
784
0C4
AD3
8DC
A10
32D
64B
53D
D7E
800
89F
DC0
6EB
7FF
621
C0B
A10
D7A
0B1
38A
67A
0D2
AF9
800
DFB
456
777
5B6
03C
A1A
800
E5A
482
722
74E
D3A
814
C5D
F3D
7FF
7FF
E98
8F1
C56
D33
40B
7FF
778
1F2
800
800
E6D
542
7A9
592
F8F
921
A6C
F42
57E
5C7
327
944
800
DF9
10F
6B0
56D
215
800
A85
C13
7F3
639
4A7
CF4
800
800
E8D
701
6D7
403
E37
800
9B7
224
516
6D4
182
963
940
C36
649
7FF
7A9
03B
A0F
969
E5E
6C6
7FF
1CE
AEE
8A0
800
F3D
7D3
728
066
9E5
8EB
D06
321
585
4A0
FB9
82E
800
F8F
4B4
7FF
405
CB0
800
999
053
783
5CD
0E3
825
800
CAB
2ED
70C
73B
EE2
A26
800
FAE
5AB
7FF
3B5
CE1
818
8A1
FFD
6F0
7AA
1A5
986
94A
B91
05C
71F
67E
D29
9AF
A20
D7B
3E0
7FF
4DC
E40
800
9B3
1FC
7FF
7FF
4C9
D11
800
C16
24C
7FF
5BE
0F0
82F
800
22C
765
7FF
5B2
9D3
A36
A89
DFB
7FF
7FF
082
93C
800
C70
157
4C7
68B
E26
800
814
E17
444
7FF
3DC
DB8
835
800
EB7
65E
7FF
643
FB4
800
C2A
46B
611
494
1E8
9BC
800
E2F
3C1
7FF
56E
E4E
81B
80D
FCD
5F7
7FF
1AE
972
800
976
078
7FF
507
F97
9CA
806
CEF
535
7FF
751
CFB
800
9C1
CE4
560
63F
34E
CA4
80C
915
1B7
7CE
748
25B
9D8
8DE
99D
04C
7FF
5D6
E67
800
B81
E6D
42A
68D
2EE
E19
800
800
0FF
690
6A6
21B
A09
8ED
B48
4EA
727
767
C8F
8A0
962
CF8
6DF
784
414
8D1
800
AC6
E67
7FF
4F7
3B5
92A
800
CF5
558
7FF
7FF
00A
800
9A2
E0C
308
7FF
2DB
E77
800
9C3
EBB
781
7BF
569
AE2
8EF
BF3
298
6A6
689
208
8F2
800
D0C
361
7FF
6DA
A82
853
800
F89
6F9
7F0
2FF
BB6
800
BC4
41E
696
7FF
DD7
ADE
8C1
F57
61A
7FF
4E2
E9F
9FA
964
DF9
643
7FF
10E
A5E
800
BA1
664
7FF
650
D9E
A34
84F
C56
228
7FF
561
DD8
800
866
E97
65D
6CA
18F
B21
800
BFF
38A
7C5
6E3
13D
800
9BB
FE9
7DF
748
55C
E9D
D0A
800
F6F
7FF
3EC
186
9BE
800
9FD
316
7FF
7FF
EC4
A02
800
CB2
35C
7FF
415
CA6
81B
A00
FB9
73D
7CB
0F8
D79
984
C48
28C
771
7FF
F50
800
84C
001
2C5
7FF
563
EAE
93D
800
FD9
68D
548
242
A52
902
A40
202
7FF
7D8
22C
8F0
800
DD8
2A6
769
7CA
C41
800
800
FFF
5B9
7FF
392
92B
C0D
BB4
0B7
6C8
7FF
23D
D71
922
C53
229
603
7FA
C32
E1F
800
DC2
5BC
7FF
072
CF9
800
8A5
3D3
7FF
70F
08A
B22
84B
A9C
4A6
62F
5D3
B0F
B33
8D3
DD9
656
5C1
2FF
D53
800
BEC
31F
7FF
673
502
923
9A7
E7A
546
7FF
55F
B6E
95A
825
F1B
71E
7FF
574
E65
800
AB9
07C
71D
528
164
D20
B56
AC4
671
635
634
F60
B9C
88B
105
6A1
6C3
60A
B14
8F7
A82
19A
55A
7FF
28F
A6B
82C
972
47A
7FF
754
D94
822
800
DD8
7D3
7FF
3D7
E88
800
939
215
7FF
7FF
FDC
BB5
92E
D6F
2D2
785
7FF
03A
AC1
99A
E4C
5E3
7FF
2E4
CF3
8AD
D4C
D34
4B4
774
4B8
A71
875
D5B
579
7FF
7FF
EA9
A29
9BA
E3D
306
615
1C2
AF2
B2F
E17
0C2
7CE
5B8
0CA
A97
800
E0F
22E
7FF
6D9
EAE
800
9B5
BDD
42B
6C2
19A
ED9
852
8F6
18A
45D
6F6
1C1
85A
8DC
F9D
20E
7FF
421
DE5
AAF
943
C5A
6E2
7FF
725
F0E
982
BEC
09D
67E
7E1
ECB
C54
800
A1B
3A4
7FF
667
C92
B38
851
D0D
292
74D
62F
D13
93C
A7C
042
6A5
403
013
B55
800
CA7
303
7A0
52A
D90
912
BB2
D14
7FF
7FF
1BD
A9E
800
A11
F65
44E
7FF
3E7
E3C
92B
B9A
1F4
7FF
7FF
BF1
9A1
866
F77
2E4
74C
487
9B0
873
87B
205
7FF
7FF
173
9FC
82C
C7D
40B
71F
44E
FBF
AE6
B1E
0A5
434
79F
45E
D91
800
977
086
7FF
638
23A
A68
800
AD9
FD7
7FF
42B
E82
800
AF3
DD8
6CB
7FF
374
C36
A12
893
200
7FF
7FF
058
AF9
800
BBA
3A8
7FF
6B6
E38
BA4
A9C
D11
507
7FF
784
BE1
800
9EE
EF6
645
7FF
03F
9ED
856
FBC
42B
7FF
7A9
F6C
96B
903
E66
7FF
72D
15C
ED9
800
8D7
285
61E
6BA
583
C70
800
BF2
346
7FF
57F
D7F
800
800
08C
7DB
7ED
3C0
D8D
800
967
F09
7FF
7FF
37B
B7E
833
CC2
313
7FF
7DB
F50
88E
BEB
0F8
456
780
59A
D0A
800
B41
D07
5A1
6D9
101
A32
843
BA8
337
764
42D
FDE
897
800
B7E
670
79C
536
E36
990
9C6
FAF
7FF
629
DB8
CC1
92E
A26
3FD
7FF
65E
DD7
AD9
AE0
FDF
10C
706
34B
AE6
8D4
B11
FC3
779
4FA
25C
8DA
800
D32
573
6E4
60E
EAE
88C
B69
EEF
4E1
763
6AA
272
96C
8D1
F02
7F4
7FF
188
800
92C
C21
1CB
4C4
7FF
ABF
958
8F3
086
723
6E7
613
AEE
800
9F8
16A
6F3
75A
226
800
A1E
840
204
7FF
536
DD9
936
85C
FFC
79E
7FF
28D
B24
800
B1F
386
41D
7FF
19E
B4C
B72
BCB
252
7FF
7F6
FA4
B46
82C
D8D
700
64F
2FB
B1C
A91
90A
249
660
5AD
5FF
800
915
CA4
35B
66D
6F8
F0F
800
8D9
D69
651
76E
157
CFE
800
9A9
0B0
5E1
695
36B
A8D
800
EFE
1DB
64A
65A
08B
96D
800
0BC
70A
39C
36A
BE7
800
B8D
27E
53C
7FF
12A
856
800
F3D
276
7FF
6EB
A29
893
B3C
C97
49E
7FF
61E
C4A
AA9
885
10B
7FF
638
307
9FA
800
BB9
478
7FF
451
F4E
8FA
800
BFE
61A
768
28C
D99
929
B54
297
617
7B2
33E
C6E
AE0
C3F
4D6
6EA
593
E64
800
800
F7C
787
7FF
414
8F7
A13
8B4
0EF
7FF
7C3
EF7
831
800
BD4
561
7FF
6DC
E25
800
936
E3E
7FF
61E
0C3
BEE
800
800
2BC
48E
41E
410
A4C
8B3
E19
2DE
6F2
42B
B12
800
800
1EC
407
7FF
4A6
B2A
800
B48
25A
594
7F3
FA3
85F
800
C49
4FC
63C
645
DE9
800
A0D
FB4
4DE
592
4FA
AF8
A8F
D09
3F9
76D
7FF
05A
9A8
899
D66
347
7FF
236
AB8
983
920
C76
71C
758
1BB
E23
975
A88
09C
7FF
3B8
C80
8A4
800
B9F
4F9
73E
587
D7F
800
B11
DEA
7FF
7FF
084
B87
800
D3E
32C
735
669
E91
800
934
BAD
676
7FF
490
CB0
800
8BB
3C3
575
757
FB7
95B
83E
AB5
47B
7FF
7E6
F99
823
800
DF0
611
64F
602
DDC
800
942
4B7
7FF
5A2
16D
9FD
A77
B98
221
7FF
60D
FD8
A21
800
FF1
5D6
7FF
307
BAF
88F
B30
0CB
524
7FF
284
957
800
CAF
524
6D8
65D
EDB
800
871
EE4
742
74F
275
BF9
868
B79
37C
687
6B2
2E0
B35
84A
A8D
4A4
7FF
656
E04
800
B14
DD4
76E
7FF
39C
9CF
800
9AA
42D
7FF
52E
F86
931
916
B31
614
7FF
3B9
BA8
800
834
FCE
778
419
2B2
B64
9EB
BA4
3B2
5AD
5BF
23F
B39
9B3
034
595
5CB
4A2
CDC
CBC
9F5
0E2
75C
747
0E8
C99
800
874
F8E
7F1
499
EDF
933
BA9
C21
3C3
7FF
37A
ED7
A5D
A68
0D6
7FF
7FF
32C
928
800
8E2
2B1
557
4BC
053
C3E
8AD
D4C
352
7FF
3D3
E88
800
B30
21C
7D5
749
C7F
9F7
800
B04
43E
7FF
498
079
8E4
85F
B6C
51C
6A2
3CD
F27
BDB
924
FFF
4C0
3B0
340
8D3
877
D89
59C
7FF
749
C8F
800
90E
EBD
789
7FF
673
D71
800
BD1
1FD
492
5D6
2E6
BAA
800
BEE
41F
7FF
1FF
BB2
ADF
800
FD3
685
7FF
27B
BA1
800
CCC
F03
6CA
7FF
194
A9C
8AD
A4E
63A
7AE
6BF
2A8
800
9F9
F28
3DC
7FF
111
D90
851
CAD
115
5E9
7FF
D42
8C7
907
E23
38C
7FF
530
171
A77
BA2
058
60A
7FF
277
971
82E
AF8
386
7D4
764
0B1
955
9D3
F11
617
5CE
457
E4D
800
800
18C
59C
7FF
356
DFC
800
DF4
29C
7FF
411
EB0
B3B
800
F6A
413
7FF
082
C3E
811
942
262
62E
7FF
698
A42
91D
AA6
3D3
7FF
488
E7D
800
87E
D10
52D
7FF
48C
9BC
800
977
259
648
57A
E16
A0B
9E3
C8A
368
75E
45C
08B
957
8C0
E82
4C5
7FF
28B
CBA
800
917
00F
335
54A
F80
B00
9FA
C35
5D4
779
489
021
89B
995
DD6
7FF
7FF
329
A5F
800
B9F
EF5
7FF
7FF
FF0
8FB
800
10D
7B3
7FF
593
E22
9FB
A89
EAF
50C
770
1A6
CCF
800
D96
3FF
7FF
724
FD5
914
AE2
EA9
403
7FF
0D6
AE9
A4F
BFA
236
577
5DD
0DA
A44
800
CC1
278
7FF
7FF
D48
97A
86B
EE3
476
7E0
3FC
E3F
A3D
98B
2FA
7FF
613
3D6
9CA
AE0
C38
4B1
605
631
F7B
A70
C1D
05D
4C8
7FF
135
B47
854
882
1DE
67C
415
F24
B43
800
B88
71F
7FF
5E6
059
800
AAD
E9B
5DA
692
3E7
D9A
800
A7E
28C
4C6
7FF
16B
800
89A
C63
3DD
7FF
6E3
D9B
A17
A08
058
7FF
7FF
1B2
A9A
931
BA8
22B
7FF
55F
E3B
90F
862
80A
690
6A0
290
DDC
800
9B9
213
4EB
780
302
BE6
800
A91
1C5
5FC
769
E72
AF8
800
1B4
6A6
7E1
217
D88
800
800
155
545
7FF
FF6
AE6
800
B11
48D
716
6B8
F6F
8EE
9F2
F6D
6CB
7FF
425
C35
800
927
2EC
736
750
D8C
800
A00
BDD
25E
71C
321
0BC
8B7
A33
DEC
72D
6FA
273
ECF
800
8E4
294
753
658
0AC
C3E
800
DBB
2A9
7FF
6A3
DC8
8C9
C80
16A
56E
7FF
431
B8E
8E2
BC0
E52
5BE
49D
1C9
8ED
826
E95
3E5
7FF
161
9E1
800
993
1BF
7FF
7FF
2B8
800
800
CAA
20D
76D
78A
E6D
9DA
800
E0F
1EB
7FF
602
D3E
AB2
C47
128
7FF
7C4
0D5
A8D
800
ACB
3F9
7FF
6B7
FBD
9F6
AC9
145
553
748
15A
C75
91E
CE6
255
635
779
D31
AA5
A8B
C8D
743
7FF
578
15A
800
A08
F31
3B6
7D6
118
D32
800
A00
FF1
7FF
6DF
15A
93D
AAA
EFB
4CC
7FF
2C2
143
A68
913
052
3D7
7FF
4B5
A63
800
AF0
44B
7FF
4DD
F4C
86F
844
CF6
7FF
58D
477
C44
8FA
9F4
2B0
5E2
7FF
057
822
800
F91
0D2
7FF
7BA
F0C
800
800
EDA
418
7FF
3B4
AEF
800
A7B
128
7FF
695
035
B59
800
A4B
3FD
679
467
F91
8F0
BCB
022
7FF
6E4
0AF
A7D
800
B0E
4ED
7FF
453
14C
9BD
800
D49
45C
606
4DB
B7B
800
800
0DE
61F
7FF
188
83A
8D4
800
36D
7FF
614
F0F
BE9
96D
FE0
5EE
654
472
FE6
C52
BBD
211
7FF
7FF
ED1
B53
A8C
C0B
038
778
7A7
E44
C84
800
BA0
619
685
032
A42
800
98D
2AA
675
36F
F77
BAE
800
8E3
5D2
64D
3E4
E01
9D3
892
C7E
7FF
7C6
2EE
9FE
800
A48
213
795
525
FCD
889
8F3
EF3
3BF
7FF
4D5
C3E
85F
800
E34
431
7FF
136
978
82D
958
2C1
7FF
69B
006
800
C41
C95
428
7FF
2B9
EDB
A76
A9D
432
7FF
7FF
3F0
9F3
800
E44
562
65A
71E
F3F
A36
BB1
040
6CC
60D
123
CF5
897
BE4
0D6
7FF
3A4
326
89E
800
D8E
5B2
7FF
399
DAD
AA6
BC3
F53
2F9
752
2B4
DF7
800
CA3
1DA
64D
7FF
16D
800
800
ECD
507
7FF
41B
CEF
800
C51
34A
798
7FF
023
9F7
AFD
A47
53E
6BF
536
F5F
800
800
C16
56C
755
023
C9C
800
856
2F0
722
568
08A
9EE
800
C92
2C1
7FF
7FF
E43
800
8E8
BE3
6D7
65A
2AC
BA8
C03
BC0
F35
5DB
7FF
184
AEC
800
CFC
3FE
7FF
51B
E37
800
800
E07
6D7
76B
3CE
A00
800
800
4DE
7FF
7FF
197
9AD
A85
F79
472
7C6
281
D5E
8DB
AA0
4DB
7DC
694
072
8FA
800
B5E
4F9
7FF
5E3
17E
AEF
800
C78
5B9
7FF
40D
BC3
A39
B1A
1D9
7FF
582
F5C
B1B
800
DC5
20E
71B
35D
FDE
C8F
AC5
D83
6F4
7FF
F88
C0F
800
B1E
127
7FF
7E0
06A
98D
800
B77
42C
6DA
6F8
CAB
800
AB7
189
7FF
56F
549
BD7
800
C62
5AF
724
7FF
F8A
9AC
A7A
FFC
654
6E6
1CD
E04
800
9D1
EC5
4B8
5DA
131
A00
800
A88
09C
5BE
2B1
C06
974
9A3
F69
5E7
77E
41C
C67
800
AC4
1DE
7CE
58E
064
998
81D
D76
451
7FF
4CF
AEE
955
800
EC7
7FF
695
0F3
8DC
800
DA8
58A
6C8
563
EA7
800
800
21D
447
71A
441
B75
800
A1C
2FB
67C
6B4
0EE
8B3
800
DC4
6F4
6F4
626
F4B
B7B
8B1
003
603
7EA
119
C16
899
BE5
270
4B4
797
318
A56
892
CCE
6E5
6F8
3C3
E75
937
800
1AE
7FF
7FF
EC9
A52
8C5
EFE
501
7FF
700
0F0
92D
979
FF2
664
7FF
44E
C47
A6C
A2D
38F
6BB
683
D50
C10
842
EAF
3A1
71B
600
E62
95F
064
F9A
5AB
7FF
4A1
B58
800
AFE
24D
7FF
7FF
095
86C
A0C
E63
44C
7FF
22E
AE8
957
BA8
FB9
4EF
7FF
26D
9A0
94A
C6F
187
759
4AC
FF8
A93
93F
D84
664
7FF
312
DFE
800
A58
11D
7FF
445
141
AB5
8EE
D4E
29E
64B
34D
E39
800
867
19C
314
7C4
277
C42
800
C4F
161
7FF
4A3
FE3
800
8DE
C43
7E3
778
50F
C41
A66
831
364
5BB
5D0
147
921
800
A6D
441
7FF
61E
E47
AC6
8F1
0A5
65D
5E5
273
9E0
9B5
9C1
FE7
61F
7FF
FB0
AC8
81D
CF5
538
5DB
494
FE6
8B5
A02
FF0
53A
7E4
224
A3D
91E
882
32F
7FF
7AE
0B9
82C
800
C2A
393
7FF
400
BE4
860
A46
08F
5A1
530
11B
A91
921
BBC
41C
71C
7FF
F45
87A
800
14F
6A9
7FF
339
C64
800
909
1BD
627
76D
B98
8BE
800
A6E
357
7FF
45B
B8A
AAB
800
E34
6D7
7FF
3E1
D52
8C1
B50
332
789
57D
FCB
B4D
823
E93
57F
6A3
5E7
B86
A2B
A60
FA6
6BD
4FA
2A9
800
800
AE1
3A2
7FF
7D3
0C7
800
800
185
5DE
7FF
1BB
E54
800
9EA
E39
44F
776
1B5
B99
939
E98
472
7CF
44F
C55
8ED
800
43B
510
7FF
0AA
9C3
800
B90
3B3
5C4
734
E75
A7A
9E3
DA2
5E9
7C8
445
800
923
B0B
FEB
75A
699
266
B80
AC0
A5D
463
7EA
563
E07
8B3
A09
E73
654
7FF
1FE
9F2
800
D60
E2A
77D
462
F8E
D15
8E4
F8E
7FF
7FF
086
EE9
9AF
CBE
F4F
363
539
109
C9E
800
800
532
7FF
7FF
FC3
845
A68
EB1
3CD
7FF
498
DC2
800
8E0
164
53F
7FF
FD4
C73
A8F
DAD
2FE
7FF
576
E38
A74
82A
1B1
61E
7FF
08A
CE8
978
DC6
3B9
73D
7FF
FF9
C64
800
DBB
577
5FA
5B6
EFC
800
A1D
0D1
487
7FF
2E8
A33
A96
B01
310
7FF
4D0
0EC
800
800
108
7FF
7FF
3F4
C90
800
8AE
141
2C8
713
104
A5A
829
FF7
353
7FF
489
CCB
800
800
048
693
5C5
01F
C28
800
D13
3A1
7FF
4B3
EA6
AC2
800
D30
697
4D8
157
D2D
83E
C9B
491
6D3
646
3AE
BAF
970
D4B
681
72D
60A
EA3
800
A00
198
6D9
772
43F
CFB
800
98E
FC8
7A7
790
FFE
940
8AF
F11
673
7F9
16A
C16
A80
8DF
F61
26E
79D
3BD
88B
948
C6F
155
6EF
4D1
0CE
86B
CBD
F9D
25E
7FF
521
D7D
800
BA3
141
770
46A
1EC
A3B
800
B1E
551
7FF
54C
E8A
8A1
800
1CE
561
7FF
07C
B07
800
DBC
4D1
7FF
45C
11C
895
A87
ED5
70E
7FF
432
BBC
990
B27
17B
7F9
7FF
285
9F8
800
E62
74E
4FD
432
E07
97F
973
1F2
5C5
7FF
094
800
800
EB8
4C9
627
7FF
1EC
96D
87A
D9B
35A
7FF
629
D49
9B5
B49
01A
5A1
575
E22
8C1
967
C9E
292
713
4AA
D58
800
CAD
1CF
71C
50E
1C1
ABB
800
D9A
2E5
661
7C4
F35
C94
B32
D81
544
557
696
CD9
800
9DD
22F
7FF
7FF
144
D09
800
BC4
1FE
7FF
5EC
02A
BFF
800
F53
7E0
7FF
53F
A2A
8D7
A18
FA0
7FF
7FF
0FE
AF8
84E
B6A
45D
7A2
32E
D86
800
800
19D
7FF
4AB
156
C20
A73
AC5
590
5C9
7FF
EC3
952
800
EB7
69C
7C0
5D7
CA8
999
977
463
5F6
7BF
F24
9E4
800
E49
5D2
74E
6D6
DD2
820
9AF
E2F
660
7FF
039
C03
800
ED2
18E
7F3
4ED
E7F
800
800
B4C
70E
7FF
1A9
CF8
800
800
0D3
544
6E3
2B1
AA7
892
BCD
6A7
6C4
427
DA4
800
AA1
077
5A5
7FF
0E8
B84
96F
C04
626
7DD
337
01B
800
9B7
BEE
598
7FF
38C
DED
A79
B29
244
548
750
297
875
800
B13
42C
658
737
097
800
AF7
DE2
793
7FF
0FB
9E3
A00
C66
21E
58B
6A3
FD7
800
AB6
D9D
6D0
522
781
D2F
800
9A7
ECB
7FF
781
0D8
A2E
CA1
ABC
2BA
698
364
043
965
800
CAE
690
57A
22B
A2C
800
D6E
EF8
7FF
7AA
D29
B96
800
BA6
453
446
428
CB5
800
B14
094
615
7FF
F50
EA7
800
C1B
3FB
4E7
31D
086
800
A0F
F05
532
7FF
48F
A5D
800
AF6
22E
543
785
344
978
B21
E4C
729
7FF
7FF
DF5
800
883
27D
7FF
615
2BC
D68
800
C36
F75
392
603
CBD
96B
800
B1B
51E
7FF
29D
C35
800
918
411
7FF
71C
2D9
CD1
A30
DCA
20F
6B5
28A
DCC
A75
9CE
EFC
5E1
7FF
30E
9DD
800
A78
3CA
72C
4B5
E29
800
8CC
F3E
5D6
5BB
207
DD6
800
8CF
303
503
740
5D0
8D7
89F
C5E
407
723
510
E64
A62
A46
0DC
744
6CA
337
A80
800
871
2E4
688
7FF
F4F
8A7
9A0
D6F
5DF
7FF
0A4
8C0
ADB
AC6
441
7FF
7FF
0F9
A22
A0E
F43
408
42E
632
DA5
98E
8AA
FA9
71B
609
3F8
98B
800
B20
517
76F
338
EC7
800
810
D3B
681
7FF
24D
B66
8FD
9AA
3C0
7FF
7FF
0FC
AEB
800
E29
404
767
66D
DD2
84D
80D
ED7
7BC
5A4
30D
AC6
800
D8C
2B4
676
7FF
FBC
800
8E4
F98
774
79C
384
DB2
987
A80
2CB
7FF
496
CF7
800
800
9EB
294
632
6AF
F9C
800
D0C
DF5
62E
7FF
320
E1E
800
F2F
094
599
5EE
128
974
9D0
F5A
4FA
671
736
B47
928
CCA
1CC
6FB
641
D40
938
800
8FC
4A1
757
47B
FAE
800
8BA
ECE
6FC
7FF
0BB
B53
800
C00
0EB
7FF
717
2E8
C66
800
182
358
7FF
F8A
CF4
800
9CD
DFE
602
57E
CF6
9E2
95B
006
5C4
7FF
4FA
BEF
8EA
991
0BD
55E
7FF
5E2
C79
8D5
CCB
0E0
7FF
7F2
FA1
800
A7F
A52
5BD
7FF
35A
E5D
971
C36
1C1
7FF
7B3
F88
92A
822
065
57B
7FF
444
DD9
A0B
85C
0F3
360
754
297
CA3
8BB
AC2
1A9
78D
589
533
800
AE6
C90
624
5FA
35E
D2C
8AE
AD4
2D3
3C5
765
E32
8CB
90E
ABE
25F
45E
1B4
FDF
848
A0B
152
672
7FF
331
BD3
931
CF7
33A
7FF
633
E43
800
8AF
E0A
5D0
5C8
458
C48
84A
BAF
F0A
675
652
0EC
ACB
81C
DD7
32E
78A
7FF
B09
8D7
8E7
00B
77A
647
39E
A1B
800
B71
FD9
7AE
4FB
CC8
9FD
B00
E47
71B
6DA
20F
AD8
800
976
5BC
73A
7EE
F6A
800
800
E4C
7FF
76D
55B
E78
800
8E5
0BB
3D9
74B
10E
D04
800
B6F
27F
7FF
7AF
BEC
998
A4F
F8E
29B
7FF
225
DDD
A2E
800
14D
7FF
6EA
EDE
AB9
9D9
EFE
626
7FF
6E8
BDF
8CA
9E8
2D1
7C1
7B3
511
C15
913
E7F
5F9
709
635
044
80A
800
077
5E8
77A
50F
B56
8D4
A7A
F85
723
7FF
2AB
BF6
DD5
F42
7CE
718
57C
B96
B1E
B7F
292
7FF
707
FEB
C7B
9C0
FDA
18F
7FF
64E
F64
9C6
AD7
E88
1D4
7E0
459
9D0
C3A
A80
541
7FF
2D5
FAA
800
87F
CD9
5F6
7FF
66B
EBB
800
97A
F4C
7FF
7FF
25E
865
800
AB5
0D2
751
408
DEF
CDA
800
E68
640
523
0FE
CAE
838
A0C
212
6DC
597
D5D
95F
800
BEF
23E
7F2
630
EF6
800
B0D
207
68A
4AA
459
912
800
BC2
186
7FF
6BD
F15
864
AA3
041
6FC
7FF
F37
B32
800
B3E
34C
7FF
364
E71
B0C
DAB
F9A
76E
7FF
2AD
927
800
AD2
2B0
7FF
7CE
0B5
BCF
BDB
CD3
3C8
7FF
5E5
FCF
96E
941
EF6
57F
7FF
31F
AFF
858
A9A
16C
7FF
506
DE3
908
BA8
F6A
4AC
7FF
428
B62
800
86F
3EF
692
517
FA6
800
8E9
1F6
526
78E
213
D56
800
931
376
729
7FF
2EB
BA4
925
C76
1C5
7FF
7FF
F95
902
800
029
23B
743
37A
F43
800
C6A
231
7FF
7AF
E52
BC0
880
F02
6C7
65A
480
A75
809
B74
E78
7C0
7FF
0C3
818
9CB
EE7
46E
7FF
41F
F05
8C3
A2E
E4F
650
54F
DE2
CBC
800
BE2
1B7
7FF
764
EB7
88F
909
BC0
49A
63B
5B5
FE6
AEF
812
1AD
7FF
735
149
938
992
BFB
242
796
697
D8E
9A7
A21
EB9
620
51E
5D6
9C7
8E7
AAC
2BB
539
52F
FFB
8EE
926
026
593
649
2F6
DA6
9BD
C06
11F
55F
7FF
E35
95C
9EA
F4E
347
7FF
212
FA1
885
C51
3C3
680
7FF
D8B
BFB
918
BF9
583
7FF
2D5
DA2
BFA
800
BD5
5FC
534
146
D7A
800
E39
016
5E9
3EC
0AA
9A1
9AC
F2F
2F7
60E
4E3
AB4
84D
A36
C02
7FF
7FF
2E5
800
800
C4E
2D4
7FF
384
EC5
800
87B
E6F
4B4
6CC
30D
CAB
910
B45
198
48A
7FF
DD3
94F
800
11B
7FF
7FF
3DC
C3D
842
800
F49
5D3
7FF
D02
AFC
800
EC6
573
7FF
2B0
D75
800
800
15D
7FF
7FF
076
A6C
800
D56
3A6
786
4A7
CF6
800
A25
020
2EA
569
2CE
935
800
800
2E7
7FF
454
177
800
8B7
21B
4EF
7E4
540
DF2
800
9DA
123
3B3
465
F62
926
8FF
D44
3D8
72F
4B9
C88
8E3
800
12B
591
6B6
26C
8C9
800
BD9
317
6E9
7FF
E3F
96E
800
EEF
6F3
5AB
179
C9F
800
B57
148
7FF
7FF
123
800
800
C26
203
7FF
431
E65
800
D1B
FDB
425
5E1
6DF
984
800
CFE
0CA
7FF
574
F01
9C6
800
01C
5A7
790
54D
D49
911
C3F
0E2
7FF
44B
FE2
A31
800
C3D
763
79D
4F8
CA5
800
830
F48
73A
7FF
0AE
972
B18
D00
671
7FF
4E7
CCD
800
94A
119
7FF
7FF
2EF
CB1
8A3
D2F
0EA
555
775
E5D
800
900
DD1
45E
7FF
1D8
A98
800
9EC
012
7FF
7E1
155
8F4
800
F0C
584
7FF
561
C58
800
C6E
1BC
737
5A9
F84
D0B
847
C85
32F
6E0
4B0
D64
96D
AE4
11B
4E1
7FF
273
AEC
800
CFE
BEC
71C
256
036
896
B75
EEE
4C2
75A
3EB
EF0
800
CBC
2E8
708
740
0D1
ACB
800
DD2
20A
7FF
4C7
C71
AE0
9C5
F57
2BD
7FF
1BF
81E
800
8C5
2C9
6E7
63E
16F
9E0
800
D3C
38E
55B
4AB
CFD
8D0
C87
32E
6C0
606
E63
A5C
800
E75
6DF
48F
450
BD3
940
832
FE0
7FF
716
11F
A5C
A32
A96
091
7FB
1F6
184
954
800
F11
359
7FF
01E
BD7
933
B66
EDB
7FF
455
21D
812
9EA
DF1
7A4
7FF
385
C4F
800
99F
056
79C
522
1A6
C45
800
CFB
460
79F
6D3
E42
917
A25
226
417
7FF
239
DA4
800
D03
415
580
3AE
1D0
800
A15
CE0
7DE
3FB
191
C13
840
96D
2B1
7FF
71D
0D3
89A
94F
034
19F
771
6C9
B51
800
953
FC1
7FF
7FF
EF6
A78
948
C8E
4F6
728
3E4
F6D
93A
800
EBC
67F
7DD
00F
819
800
A56
447
7FF
4D9
1A9
800
800
EE7
75D
7FF
246
9CC
800
8AB
376
7FF
7FF
0C8
800
800
E27
501
7FF
7CD
D9B
800
AC5
44B
7EE
760
3FC
B86
800
FB2
765
7FF
2B7
D3B
800
976
D8D
530
705
243
B44
924
C33
131
7D2
5FF
E07
800
B52
C5F
3DE
7FF
05B
B10
AA3
800
411
7FF
53A
134
A76
98F
C14
46A
7FF
250
C3D
800
8C7
3A6
7FF
4D4
1EB
903
9AE
B8F
365
7FF
4C5
EBD
A44
86A
064
7FF
78B
3E6
E28
A6D
B99
3EC
445
7B1
D3C
864
B2C
E5E
453
5BB
62A
BCD
800
929
2B0
7FF
7FF
E18
A90
8A2
EB4
2BF
3CA
1F2
C21
96D
A64
2B2
552
6E6
334
92D
800
A28
2D1
7FF
760
0F3
828
B0B
0CA
5D0
7E7
06E
C57
94E
A3E
2C9
6E5
415
DB5
B94
A2B
FB3
772
648
140
B6E
800
AB0
300
7FF
5DD
06B
A99
96B
ECA
641
631
7AE
CF7
827
8DB
EE0
768
603
129
C22
8E0
BDF
595
7FF
18B
114
800
A68
10E
5CC
7FF
10B
A8A
981
93B
2AA
535
7FF
ED4
800
9FF
D08
4BF
6E8
3D2
BDD
A39
93F
31A
7FF
7FF
101
85E
A50
F61
35D
384
2C8
CFA
800
87B
ECF
632
604
08F
D13
BB1
0E3
52E
5A3
4E4
DC3
8AE
800
2AB
6A6
745
340
A01
800
B7D
32C
69E
4F3
C6C
800
800
04C
5BA
43A
2A9
D36
8E0
DDA
02A
4DF
77E
0DA
B1E
800
EA5
55F
756
50C
DE1
800
800
17C
682
60E
0DD
800
8E2
DC3
495
73F
497
B4B
800
83E
E49
63B
63E
1F5
8C0
800
C24
4FC
7FF
5BD
E00
9F2
AF5
09B
6AB
6EF
0D0
C74
9AC
BB6
5CA
6CB
682
268
99B
A11
DF0
7FF
74E
159
EDF
800
A9B
206
545
579
25C
AB1
83F
D45
256
7FF
42F
ACD
9A0
A60
0C7
7FF
7FF
3C2
CFD
800
B87
32C
7FF
57F
CB3
800
815
FD4
611
6AB
378
93E
967
9BB
E9A
6DD
735
F9B
B4C
C13
DE5
6F2
7B7
372
C12
800
D0C
00F
67C
7FF
033
B34
800
CCD
547
792
5A9
CB3
800
987
FDA
772
5E9
F43
87D
800
AFA
1C3
559
4FC
D4F
A35
8C9
DEE
469
7FF
1A0
C13
800
9B5
41A
7FF
697
2F6
A35
8FB
E8B
6B4
3BE
4CA
CCF
800
B5F
00C
50A
69E
3E9
94D
9B1
C50
3AE
7B4
3E3
C3E
964
978
F67
7E9
762
F61
D16
800
EBB
78B
7FF
4B3
CBC
800
800
E3C
40F
6F8
187
B25
800
C15
449
7FF
7EE
F60
A83
ABF
CFE
6E7
74F
26B
A1B
8EE
C78
76E
790
4B1
077
BA7
876
BAB
4CB
71E
567
D58
A9B
BCE
1E9
7E6
7FF
F8B
B3D
8B9
E70
32F
7FF
5F7
B85
967
9B9
2D2
51B
7FF
FF7
A96
800
CF0
5AB
7FF
56C
DCF
800
800
0A3
605
7FF
090
F99
9BC
C0C
50F
7FF
45D
F73
89B
802
D4A
6C0
7FF
35B
CD0
800
A2B
36A
59E
4D1
F3C
BF8
934
B7B
3ED
7FF
492
D91
B77
A09
267
7A1
401
F67
A18
ABE
9E2
29D
65B
258
BF3
A28
827
F8F
38D
7FF
56A
9B8
800
CBC
1D0
7FF
154
D72
9C8
A74
F61
639
5A8
38C
99D
800
CE3
2BB
7B2
6A6
05D
AEF
A40
D06
26F
7FF
12A
BD1
858
B78
F71
4E6
4BE
FDD
CD7
800
D4D
66E
7FF
4A9
C97
800
800
010
443
78B
FA6
930
800
B63
749
7FA
5C6
C39
976
99A
EB0
64C
600
0AE
9A5
809
A4C
380
733
7FF
154
B7A
A2C
EA5
54E
60B
0A4
CCE
800
B94
221
7FF
60A
E7A
A2C
800
C60
603
7FF
457
BCE
800
965
F17
5EE
6CF
50D
9A1
800
B32
254
6B4
705
A68
800
800
1E3
7FF
6BA
FE8
820
A72
B23
515
7FF
346
02E
800
854
EE7
10E
7FF
EC9
A8E
800
C21
05C
4C3
389
E1C
8D1
ADE
FC1
5AC
7FF
232
B49
95F
AC3
324
7FF
7F5
0C2
B49
818
F74
32E
5F8
469
CD7
8CB
800
0C9
79F
66A
290
980
800
D83
4E1
7FF
4B7
E00
9D9
A84
E73
7FF
7FF
182
A93
800
BEB
2A0
7FF
5CF
F67
824
8F9
FDD
7FF
5DB
220
C05
82C
B5C
7FF
7A1
4D9
E9E
879
A5D
F2F
415
7FF
335
B63
995
98B
303
7FF
66E
034
9B8
8FB
E00
7FF
785
39B
FC1
A21
8A2
15F
6C1
769
1F0
AF8
800
E6F
4B8
7FF
511
DD3
89A
91D
FBB
712
7FF
2A6
A88
CFD
AA3
3E5
7FF
508
DFD
800
D53
107
79B
7FF
337
CAE
88E
B94
063
751
4E3
E50
800
904
CD6
755
7FF
653
DCC
800
983
0C8
5B7
547
F10
800
800
CEC
46D
7FF
41F
EB6
86A
940
04E
77D
7FF
FE0
C1F
C57
F24
19A
771
76F
E2E
832
800
063
48C
7ED
18C
BBA
943
E4E
40D
5F8
119
E1A
BB8
846
164
491
7D0
13C
C3B
800
D9F
F47
7FF
73C
EB3
975
800
DD2
5D9
7FF
2DD
D79
834
BDC
326
6C7
7FF
0AB
9E5
800
CDD
507
715
5C7
DD5
800
B1A
2F7
707
344
005
A9E
800
E49
4EB
7FF
685
E96
800
A0E
2E4
4DB
542
1B0
8B5
BB8
D49
394
7FF
79F
EE3
800
C5D
EFE
4A4
61A
394
BEF
800
BDB
446
7FF
5B0
E35
800
8E4
F75
47A
7FF
FE6
966
800
B71
21F
7D8
491
0B2
A74
CE4
F40
33B
718
34E
B4D
800
B62
2A8
67D
7FF
0B0
98E
800
B5C
76A
7D3
57D
EB0
882
9A2
3C2
756
777
045
9FE
ABE
898
5B8
5AF
686
D75
C6F
934
E31
740
648
363
8FC
800
C21
354
7CF
441
E80
800
972
F43
658
7FA
240
DDB
800
9F4
27C
7FF
5BF
11B
8EC
A64
1D7
798
7FF
497
D09
800
A01
3D3
7A9
555
09E
BC0
848
F0A
5A5
7FF
1B4
D8F
93C
D07
224
718
5DC
393
A7D
AC2
D8E
6DF
65D
513
D0D
800
800
FE4
78E
51A
37B
822
800
C04
384
7FF
558
D61
800
800
FB7
7FF
7FF
242
9D9
977
B82
2AE
7BF
759
F6B
977
9D5
F0E
7B5
7D3
2DB
C00
A31
C86
3EE
7C2
7FF
12C
BC1
800
D94
4E4
6A3
532
CA3
800
A0B
18D
7B0
604
248
829
BD9
CDC
53D
7FF
4BF
D87
875
852
1AE
436
6FB
214
E4C
800
A18
483
7FC
306
CF8
A03
8A3
E8E
781
6B4
46F
DA6
800
CBA
031
7FF
624
D83
95A
A60
F30
6A0
7FF
367
BE2
9A0
A14
2EC
776
5E9
F83
95A
8EA
04C
6EE
7FF
2E6
AB7
B33
A35
0C3
7FF
5AA
EA0
9CA
A2E
E20
57F
7FF
37B
DA5
800
800
2C9
7FF
679
15E
AB8
B2F
F4F
337
7FF
431
ECC
A6F
ADF
EB6
2B7
7FF
FA8
A7F
800
EDA
36D
7FF
5D7
E31
ACC
B1C
1BA
797
7ED
F3B
BD6
826
CE2
4D0
6DD
411
F67
800
850
323
4D4
65E
40B
B56
B04
B45
10D
52E
60E
F45
800
B9B
BB8
479
7FF
F4E
B4A
800
BF1
3E9
765
7FF
E95
AD0
800
DAA
670
760
141
DA1
961
CDB
36F
5F9
7FF
E3D
AFE
800
12B
587
70A
35D
D39
97B
9D6
10F
7FF
776
EB0
8A9
800
E1A
2D1
706
36E
B43
8D3
83C
DB3
508
3F4
742
B33
8CE
DAC
1D2
7FF
1BF
E21
A3D
96B
103
3B2
785
06C
A15
800
C37
332
67A
2B2
D51
CDB
800
F3D
6B2
553
3C5
D0C
800
CE8
2D3
7B7
52D
0F4
822
800
E6A
4D2
3D6
253
C27
88C
D95
3C4
434
7E8
0B6
800
8D6
F1E
7A5
5EB
12B
E81
800
800
FE4
7FF
575
07E
800
95C
CC6
51E
7FF
4F5
EAD
A3E
ADF
1E0
775
7FF
16F
ABF
84D
EA6
456
7FF
3EA
F67
800
A9C
01E
5FB
5CE
32D
EC8
9C5
ACF
5C0
7FF
71D
EA4
897
AED
E1F
777
69A
58D
D7C
887
C1F
17C
695
58F
1EC
87B
800
25B
550
7FF
1C6
CEA
9AB
A89
3C8
7FF
7FF
F0B
92D
800
E68
3C7
682
7FF
C13
800
A5C
F29
425
760
0D3
B11
ABD
F68
368
7FF
41D
D3B
800
84A
0FD
708
62A
044
89E
AB3
098
0E3
7FF
4E8
EAC
800
C31
FDF
7FF
3E2
FC6
833
800
B5E
47C
76D
455
ECC
97B
800
04D
52D
58B
162
B99
800
C71
369
7FF
68B
E42
874
800
E78
7FF
78F
0D9
918
86A
C3B
575
592
7FF
D79
89F
CDE
0AB
471
7FF
3DA
DDB
A82
B06
338
7FF
6B9
E14
81B
800
FEB
2BF
35E
432
CB7
800
800
0E0
7FF
794
2EF
B27
800
DD0
7F9
6DB
53B
141
800
A0A
EDB
79B
4D1
049
CDC
800
B4E
74E
7FF
7FF
D25
9D3
A9A
225
6CF
7BC
2BB
A64
9E9
DC1
38B
7FF
321
DDE
9E0
8DE
0B0
670
6EB
E1B
B3D
800
BA6
4CA
676
3AA
F60
800
800
E7F
5F9
7FF
12B
B35
800
EB8
379
759
6BD
E55
D86
B6C
092
1E7
43E
2AD
A78
90D
AF0
F69
644
36C
E93
966
AC5
FB9
3DA
7FF
1D9
A0C
849
B3B
5B9
5BF
784
B72
997
B39
F44
47A
768
25E
BD4
88B
A87
1B4
7FF
375
FB6
BDD
8BF
D65
454
7FF
49B
CC6
9F1
A75
F1A
678
74D
2CD
A7D
800
A05
3B6
5A2
7BE
D69
800
AC3
F49
5E8
711
3B8
A2D
892
CFC
221
7EE
5CE
E8E
800
974
08E
38F
612
404
A40
812
D1D
F62
7FF
4DC
DFC
97A
8C0
F1C
619
44C
341
D5F
800
AA9
3DD
7FF
235
DD7
8AB
942
B70
674
465
FB3
A7A
968
826
2A5
76D
65A
031
B17
800
327
5DA
707
5E9
ED6
A60
9F2
492
7FF
774
06B
A3C
A72
E20
3DD
7BC
462
C3B
93E
A24
207
7FF
75B
F90
9AE
800
CA9
2B3
6AC
73F
E6C
800
966
EC1
743
490
1C1
9D0
98E
F80
1B3
63D
4E9
E82
800
A00
F13
49E
7FF
0EA
981
A5A
BE5
121
61E
60D
0D4
800
8FD
265
7B3
61E
2A0
947
880
CB9
600
674
7FF
F87
800
B96
D4A
417
7FF
0DE
D9F
A1F
D56
62D
7FF
462
FA1
981
A5F
F50
3BF
7B2
11C
D15
A8A
A45
4A4
734
444
CB3
95F
80D
FA3
556
7FF
473
F03
800
800
298
7FF
78A
216
800
800
D6A
56D
7FF
264
B73
89D
C35
20B
7FF
7D3
1B7
A6F
AD4
EDA
5D7
645
5DA
D53
800
800
153
422
5F5
098
800
858
DCB
618
7FF
5F9
CD7
800
850
27D
522
70C
0FC
AEC
800
978
47E
68F
703
C25
B85
A8D
03A
576
7FF
2AA
B5E
800
B9F
563
7FF
2A5
19A
8D7
97F
3F7
68E
7FF
281
BED
AEB
D20
4E6
629
49E
009
9E9
AAF
2CE
642
76C
FC3
E44
B49
C99
54C
7FF
4C2
F1B
800
C1E
D3F
65E
7FF
34E
BA0
833
C2E
641
791
6B7
DA1
800
800
DA8
3DF
7EC
310
C97
800
C84
35A
5DB
5E6
DE9
800
A54
CFD
32F
718
2E2
D7B
800
A11
331
7FF
691
F56
9C1
800
DC3
276
7FF
27D
E90
800
C4A
3B5
7F3
79F
EA7
BC9
A56
CA4
599
7FF
3A0
CED
800
8A4
35A
7FF
52E
FEA
B04
800
CB0
573
7FF
63C
D0E
8A1
8FF
0BB
7B7
649
172
87C
96A
C49
565
5E4
573
A31
AB5
B0C
E62
7A8
594
EFC
BB4
800
D29
69B
70C
315
18A
AAD
A53
2E6
462
7F6
157
89F
800
DEA
504
7FF
4AF
EC5
9FB
800
FFA
7FF
4EA
04F
C16
800
B8E
545
6A1
4CB
E44
800
8A8
1F8
63D
4CA
397
B67
B78
E6D
4BF
7FF
63F
C99
AEC
800
049
64F
7FF
345
CD9
97D
8C6
350
448
6A0
F01
92F
A4B
E57
5A5
636
4E1
9B3
89C
AE8
3E9
7FF
54A
08C
800
800
DAA
5EC
7B7
2AD
C6D
800
B1A
40B
7FF
5BC
0DA
8C5
89E
BA5
4D8
7FF
363
0AB
A61
ACC
1B3
224
7FF
12B
A3F
800
A6C
4BF
7FF
6F5
C3F
862
B78
272
660
7FF
F5E
93C
800
E80
716
7FF
1F3
800
800
C83
E7D
52D
4CF
088
90E
8B5
031
732
7FF
39B
DFA
800
9F2
E4E
7FF
788
24A
875
95C
F77
394
7FF
4F8
BFE
9CF
CB0
088
79E
7FF
37E
8E7
984
E5C
479
7FF
509
AD5
824
89D
2A2
784
526
1A2
A8A
B4B
E3E
2A3
7FF
259
F12
977
800
F28
490
7FF
152
962
800
DAC
485
7FF
633
E98
8E1
99F
0DD
7FF
57D
109
A3C
800
C2A
52F
541
532
007
9C7
824
ED6
7FF
6E0
292
D13
829
AEE
182
781
471
FD4
9AA
A1C
F21
59B
7FF
533
C81
AB1
D25
3E1
6F7
797
C2F
BDA
A47
F8A
2D0
5F0
2DA
DD3
A49
BD2
187
604
6F4
EE6
8C2
800
E1E
5A6
7FF
29B
A5C
966
AEE
311
7FF
43B
E59
800
800
D99
236
7FF
5F0
AE0
95A
82E
1DC
5D0
590
F71
800
800
F53
5C2
7FF
496
D58
8A8
9CC
1D2
7FF
666
037
85F
800
A99
2F9
5E5
268
D37
800
ABD
278
732
3AE
16D
A6B
8E7
BBC
57D
7E7
45C
D9E
800
C49
F76
405
513
F0D
B34
800
E21
1BB
7FF
573
FE6
991
9B3
08E
7FF
79A
182
B46
99C
D4A
481
72D
55C
DC0
800
A18
E47
586
7FF
0D6
9E7
B1D
C70
341
7FF
520
E43
800
BA9
260
527
7FF
1CB
977
9EE
A05
317
709
39F
E01
843
8B3
153
687
7FF
2A1
C9F
AF2
EF1
090
7FF
7FF
D32
91E
C18
D73
748
7FF
596
B47
800
CBD
497
741
63C
F60
9D5
9F2
DCB
764
722
3F2
A8F
800
85A
5BE
7FF
393
FD4
800
800
FEF
32E
619
2B6
C8B
800
9EF
2FA
7ED
32C
1B2
A1C
94D
B6A
5A7
7FF
3C7
BC4
800
CA3
384
5E3
7FF
EEF
872
94F
E1B
7D0
5EA
679
D2A
800
9AB
17C
582
37D
278
840
800
0B2
510
7FF
353
B4D
800
C17
558
6FB
637
ED5
898
800
EA2
474
658
4A8
C81
A28
ACC
181
7FE
7BB
222
9C7
9FB
F72
770
68F
305
E00
901
8E1
0B7
7B9
7FF
D1A
816
800
E6B
5B5
71F
317
9D3
863
879
13A
7CE
5C4
06E
800
83F
DED
72A
5FB
49F
CF6
800
ABE
020
7FF
7FF
4B7
B78
87B
E9F
548
7FF
4FF
E11
800
9C6
DBF
7FF
663
0B0
BA2
800
BDB
155
534
4A2
EE0
9FE
800
19B
7FF
792
1B5
901
A5D
E43
51B
787
217
C8B
800
800
02C
7FF
76C
F4A
C81
9B5
DE3
75C
7FF
53D
D5E
800
AC8
F60
7FF
7FF
066
957
908
F1F
3E9
790
589
FA0
909
800
36B
7F3
793
FFA
BBB
8EE
E13
56F
7FF
4CF
D05
800
B38
F9D
7FF
7FF
01E
885
B39
B21
6D3
7FF
7FF
E99
920
9D8
042
7FF
621
225
A53
800
EBB
26E
7FF
2AA
CC8
800
8E5
E80
7FF
7FF
17C
8DB
945
CE7
492
6B6
762
EBA
800
800
E6D
56F
7FF
25F
C91
918
CC3
335
7EB
5BE
B60
95F
8EF
2EE
73A
7CE
D81
A1C
800
D41
495
476
29C
DD4
800
B92
D45
561
618
550
95D
800
F03
2E4
7FA
157
DD9
91C
933
C42
70C
7FF
3FC
B85
9DF
B33
375
79C
06D
BB5
AD0
860
049
7FF
7FF
101
8A2
800
AB1
2EA
77C
575
DA7
8D3
A77
19F
2E6
7FF
1D6
EA6
8A9
AD5
1BE
6DC
644
ED1
800
800
CDB
4DB
7F8
185
9FB
92C
972
451
7A7
634
0BB
800
800
D14
7FF
74B
204
A16
85E
CAE
49C
5BC
473
E7B
94E
9E2
EED
775
5C0
39A
9CC
800
C02
2CA
75B
4AC
DDA
93A
84E
CAA
4FB
7B5
417
B9D
800
C39
2FB
7FF
7FF
F91
8FA
800
FAF
689
4EE
36E
A2E
9BF
D3B
23E
7D9
679
D95
800
800
CA9
2CF
7FF
0F8
C67
880
B78
387
464
55B
E71
935
AAF
118
704
7E1
022
B0E
800
DAE
23E
5C2
4E2
F91
AD5
9F9
FFD
54D
7FF
2A1
AA1
A3C
AFE
3C7
7D8
754
B71
800
A40
0A1
422
68B
28A
C0A
800
018
350
7FF
68C
E44
800
802
0BA
7FF
747
3ED
8FF
A4D
BA8
E09
7FF
3D5
044
97D
931
002
362
58A
2E8
BD0
CD6
CF2
1D5
523
5A1
052
BE4
B84
0E5
663
7FF
3DF
DA0
800
C84
0C6
7FF
7FF
F84
ABA
9AF
EB0
403
7FF
38C
BFC
86B
800
065
7FF
2C4
154
918
8C9
B75
6AD
514
5C5
B78
800
980
13F
67C
653
E79
88D
8C0
E4D
6D4
6FC
0BE
A3A
946
B34
43A
690
531
FE7
800
920
EAC
369
7FF
231
DFC
800
D9F
144
615
2EE
AFA
98D
8EC
D43
5E7
7D1
451
AB5
800
C29
FCF
7FF
764
033
98D
800
EE6
57C
7FF
3E1
A3D
81A
CF6
326
705
4CC
46A
800
800
F64
7FF
7FF
4E2
AB3
A2C
B3C
15B
7CA
6F9
DA2
800
B83
1CA
656
423
397
B54
A13
A07
44B
76A
560
1D2
98C
800
DA0
635
7FF
22B
E39
800
D0E
59E
7A1
574
F2D
C3F
AD8
12E
5A9
7FF
2BF
AFF
A01
D7B
2CC
7FF
3E9
F4C
B75
9FE
F86
62C
7FF
FE6
C97
AA0
BDB
2FC
7FF
718
FA6
9D6
A58
B13
743
7FF
37A
800
800
D32
2F3
605
4FE
FD0
800
800
FDA
579
60A
160
B73
970
A81
047
3D6
7FF
FCA
830
A03
1A1
73E
680
219
ACB
800
A60
24E
7FF
4DC
0EA
965
90C
D60
576
7FF
2FD
800
9E5
D33
470
6A0
75A
F6D
849
93C
05D
710
7FF
3B6
AEC
800
B34
16C
690
521
0B6
A88
8C6
F59
53A
7A0
407
B7B
825
C3C
1A8
7FF
639
FC1
800
800
E4B
523
7FF
33D
C2D
BD8
AF8
36B
7A2
726
ECA
800
823
DD4
5DA
47B
400
D64
A00
934
4A3
6B7
7B6
E4B
847
B54
06A
448
6F7
2BD
A59
800
CD4
346
77B
74F
0B6
96E
800
1DF
6A2
7AA
246
99E
835
A9B
4B5
7FF
64E
D9A
A5F
BB0
F67
6AF
7FF
527
C52
800
B0A
433
7FF
748
DF6
804
8D3
007
794
552
26A
D2F
AD2
CB1
0DB
74F
3BF
BA8
AEC
CCB
E9F
309
742
229
AC3
83C
CD4
3E1
7FF
595
DD2
9E6
8B6
0BC
46B
621
10D
AE8
9ED
9FE
451
7FF
7FF
CF5
9BC
800
EC7
7FF
7FF
560
CA1
8D1
BFF
3AD
7F0
661
FD3
92B
800
F5D
560
7FF
1BC
AF5
800
D16
3A8
7FF
229
F3F
9E7
800
E9B
5C4
634
337
9A7
809
A50
373
5ED
7FF
DB3
8CD
913
36C
666
66B
076
982
800
02F
371
7FF
590
081
800
9DC
BD2
7FF
791
305
86B
800
B0C
52D
749
49E
E85
800
8BF
06A
5E7
69D
1E2
D5A
871
B1C
574
7CF
48B
CEB
94A
973
EA8
421
440
186
BA1
800
D5F
511
7FF
152
A9E
A83
873
E73
77B
4AB
162
BE8
907
CEF
4B9
7FF
6AB
BB9
AA9
952
0F4
30E
7B6
03E
961
866
CC7
06F
7FF
F7C
C9B
9C9
8F2
097
77D
25E
3F6
81B
932
C7C
729
7FF
230
DDA
800
A69
29D
64D
3A2
315
845
9D1
000
228
7FF
4FF
C29
800
85A
427
53A
4D7
14A
9E0
C02
AF4
5DE
7FF
2E7
D86
800
944
237
7FF
4FF
060
BFE
B11
CF1
472
7EB
286
BC3
800
9EA
041
5CB
5A8
006
989
800
DED
344
7FF
679
AA6
959
99B
314
7FF
59A
0A6
8F0
95C
DB9
64B
7D1
21F
C54
804
800
FF3
5D7
7D5
F93
B19
800
E20
7FF
6F4
51B
E21
800
CC3
27B
600
56D
F06
BB2
BBA
BFE
7FF
734
730
D47
AE4
D17
1D5
327
704
EAC
889
800
1CB
580
561
5EA
C5A
8E7
B2F
36A
50B
625
D0A
8A1
918
EA8
3E0
48F
E41
A99
8ED
9F8
094
7EC
763
DC4
8C2
800
D45
43C
7FF
3E2
D0B
800
B81
388
7FF
43A
096
82C
983
BAC
7AC
6A0
183
C55
800
D19
529
7FF
6C0
FB4
8E5
9C7
F39
624
68C
082
B3B
800
B87
338
7FF
6AA
DE5
800
9B5
ED4
7C9
7FF
164
B43
800
D16
3AC
7FF
7FF
D59
800
821
E5D
7CE
7FF
0A4
AC7
800
D8A
32B
61C
368
EE1
800
AAD
111
7B6
7FF
203
BEA
8DF
B2F
29D
7FF
475
CBB
800
A09
1CD
7FF
621
338
AAA
800
B37
5EA
72E
5D7
EBA
962
B39
227
7FF
576
1EB
800
899
C16
3D3
7F6
687
D39
8B2
8C8
FE5
753
492
205
928
986
C06
45B
52B
4EA
EBD
800
800
0CC
54B
548
C2B
A54
8E4
AA7
5E3
752
194
B02
98B
AB7
2DF
501
6F9
DCD
DE9
800
D7F
5C8
593
7FF
DE8
800
964
1D7
692
7FF
EA7
9F1
800
F74
5A1
727
393
943
872
A6A
F96
695
6C6
BD2
D78
800
BB6
526
64C
529
F24
800
A5F
FDB
7A6
7FF
D93
800
ACA
ACB
66E
7FF
54A
C15
803
E48
3A2
5F4
2D1
FCE
800
800
FD6
59D
7FF
165
035
8D2
B7A
01E
7FF
7FF
062
84C
9BB
FD5
7FF
7DE
4B1
C26
995
D2C
394
7FF
4C5
D01
800
9C9
E05
4B4
7C1
058
9EB
800
B42
3FD
7FF
6C5
B2B
9D5
92E
0AB
4F0
6A7
0C2
963
800
BD9
1CA
7BD
3CC
069
B4A
809
19C
4E7
532
0B7
B4F
800
CC4
434
7FF
2C5
03C
A8C
800
2BC
488
6C6
0F7
A53
800
B10
42E
7FF
7FF
DEF
AC8
A8D
02F
7FF
7DE
343
9F0
B8D
EBA
400
7FF
7FF
DEB
81A
C35
C63
66C
705
2A5
C5B
800
DDD
5FA
63E
4EB
F24
85D
B57
007
670
551
BDD
AC3
8E0
E99
5B6
5B9
4B6
DBD
800
A39
348
7FF
468
2B7
919
800
C39
7FF
7FF
2BB
D47
800
C5A
0CE
7FF
654
23C
904
9E9
C2C
50B
7FB
6D2
CD8
AE7
97A
247
7FF
7EF
F59
86C
B12
B0F
594
78B
2FB
EB7
A43
BED
F57
62E
39B
EAD
B50
800
EFA
370
7E2
31C
B79
8F0
800
2B9
5E8
402
219
CE7
A54
E28
64C
65C
2EB
E53
970
C9C
486
7FF
682
03E
A21
B34
06E
336
557
2BA
C1C
800
A44
563
7FF
432
F2E
96F
AFB
FEA
5D0
7FF
F98
A45
800
B9A
5EF
7FF
303
BD7
988
800
C10
7FF
68A
2A6
979
82E
C9A
30C
745
62A
CB4
800
84D
210
795
6E1
5AA
AD9
8E5
ABC
48D
7FF
4D1
D8D
9A1
800
13F
78F
724
0B9
B3D
86D
E30
547
7FF
53E
A22
96A
97F
E27
7FF
595
F72
90C
800
F2C
395
7FF
61E
B3E
88A
E65
306
75D
432
2E1
800
800
E81
421
456
326
A90
914
B4E
3EE
7F6
7FF
F28
800
8FB
EBF
549
581
1FD
B27
8FD
BE9
1C3
598
3BD
0CC
8E0
9ED
E3A
69A
7FF
35F
9D0
800
DA8
179
7FF
4AB
E16
A8F
800
EBC
3D3
722
3EA
B8D
90F
DD0
0FE
705
7FF
F77
96D
9DB
0D3
795
746
411
B75
954
E93
229
725
3F9
064
800
A6B
CE8
705
66D
455
AF2
8BB
D21
352
76A
3E5
B23
A7F
9E8
FDC
40A
678
FA5
8BE
800
E9D
5BD
7FF
13C
C33
89C
B5D
2C5
7C0
658
0B9
A2D
8A8
C9E
53E
7FF
3A8
D7F
8A5
B34
13D
427
7A1
0C2
9B6
A03
F62
58F
5C9
5DD
B21
927
947
2C0
6A6
7FF
0EE
C60
800
E48
35E
4BF
597
C2C
814
AC8
449
6FD
65F
F70
83F
8B0
155
79C
3A3
22E
B72
803
DC3
163
62C
584
C9C
83A
800
F6D
7FC
7FF
167
B9B
98E
CAC
467
7C5
31C
CF5
B6A
B1C
1B3
77D
7FF
0B8
B8A
821
843
6A4
7FF
53A
0B6
800
800
F12
6A4
7FF
34B
9AA
800
E8E
3E2
730
5EF
ED4
869
BD6
1D5
7FF
597
39B
887
800
D20
66E
72B
456
B03
99B
89C
198
563
390
F41
B86
800
D2C
427
7D2
795
EAC
84F
9DD
34C
457
6B6
E62
845
844
ECC
2D3
7FF
221
B49
A34
800
164
6CA
7FF
CF9
939
988
E94
4E9
7FF
187
C2F
800
BAB
120
6E0
635
089
87D
800
FD4
6A6
7FF
34D
B4F
8D4
887
445
7FF
5FF
DEE
800
92D
0CD
76C
64E
22F
C57
800
C2E
228
7EA
28D
D6D
84F
155
F43
5B8
694
334
823
800
C90
336
7FF
7A4
A06
8BB
C5D
193
7FF
518
19D
B29
9BD
F64
790
660
46E
D4E
800
A3F
159
40F
591
F70
ADE
800
F63
237
7FF
2CD
C21
81A
D19
198
728
50F
EFB
9FD
827
F85
25D
590
247
B94
800
A80
FF1
528
61B
008
BA1
800
ED6
3E4
5D1
448
9EC
800
E32
338
7FF
728
E3F
800
BB0
003
65B
7DE
38E
D2A
85B
C7F
3B6
6F8
5D6
D0B
AEF
800
043
6E7
63A
432
A07
800
B85
537
7FF
57C
ED3
800
8DD
0CB
7FF
74B
20D
B89
898
EDA
3A7
7FF
456
CFD
919
B59
41A
4FF
54E
29D
9C9
850
B96
5A5
7FF
35B
CFD
800
B59
3FA
7CB
73F
E67
AD4
800
E89
6B9
7FF
1DD
988
800
800
313
4DC
7FF
D27
800
85E
06F
5D3
431
0B5
07B
800
ADC
11E
7FF
47D
E4C
800
800
1A1
7FF
7FF
371
CB0
800
A28
54B
7FF
5FA
CA1
800
C4C
E35
7FF
7FF
443
C4B
800
C19
548
7FF
5F9
F44
82E
800
1D6
4BE
664
24B
BA9
913
E9A
29C
7FF
4EE
FD1
800
E5E
052
36D
7E4
107
CDC
800
B29
4A2
49D
603
B57
9E0
8C9
257
7FF
73A
1C8
800
800
DB6
25B
684
3ED
CBC
800
CC7
FC8
7CE
525
CFE
9CB
8AE
EB5
7FF
6B2
FDC
CE0
960
E8D
272
7FF
403
AEA
800
800
0B8
4DE
682
31E
A85
8D8
BFA
320
7FF
5A4
07C
83A
A9E
CCD
4F5
777
076
B4A
800
C6E
329
7FF
7C1
E7E
B20
800
12F
625
4D3
06B
BB0
800
DA0
347
7FF
25F
D2C
B59
8F0
267
54E
4FB
008
800
800
F6F
48C
69A
257
AF0
800
800
45F
6AC
706
09B
B75
871
DF7
615
7FF
191
BFA
800
B24
14E
7FF
4BC
FA5
A9F
901
EBC
3C4
7FF
2CA
DF1
800
F64
211
7FF
63C
09D
800
927
BF1
4EA
7C2
460
BD4
A6F
ADF
16A
6A1
391
169
800
94E
06A
643
7FF
39B
9D9
800
F9F
626
7FF
65A
029
800
C2C
D3F
6F7
770
3AF
8F9
800
D95
587
7FF
3D0
F6B
8C0
8C1
17E
7FF
68C
EC6
81C
8C9
CAD
686
76E
3DF
E2E
800
A7F
36C
622
75A
E56
800
9A4
DC9
6F3
4FC
30A
D56
84C
E61
394
7FF
664
FBF
A71
AFA
BBD
7FF
73D
63C
C09
AA5
DB2
210
72E
355
F66
8EA
974
E93
147
6DE
355
ABF
8D7
CC9
3D6
7EE
75B
C1C
A43
B05
096
656
7FF
12F
B8D
800
B52
443
7FF
3A5
DEF
9B4
9EE
264
7FF
5D2
03C
800
800
D94
78B
67B
3EC
E4F
800
B24
4D1
7FF
7FF
0F5
8EC
800
D8A
5C5
7FF
48B
CF2
800
800
36F
5C6
54A
CEB
C19
800
171
412
5B2
413
B2D
800
B3A
3A5
54F
3A8
001
A5A
99F
0CC
7FF
7FF
19B
B3F
8E7
DF8
4D6
7FF
557
016
8A5
A14
F02
55A
588
091
A02
800
9E9
2F2
5F8
695
D16
83B
E5E
1A3
7FF
615
075
80D
800
EFC
4EC
7ED
57F
C23
800
AC7
303
7FF
727
090
8B2
932
B47
4B7
602
0AF
AB8
818
C76
20E
591
63F
1D4
800
800
EA3
484
50E
12F
8BE
B2C
901
2A4
7FF
495
F34
800
90D
183
5F3
631
205
9B8
A9A
A8A
19E
6AB
525
EF1
911
B2D
250
5BF
688
284
A03
8CA
C0E
2F9
7FF
7E8
D54
9AF
9EF
F98
4BF
2CA
FB9
A0D
985
BFD
3C8
643
530
F17
800
A27
230
7FF
45D
FAB
B30
98D
D35
6DD
7AE
09F
B22
800
D7E
23D
7FF
43F
D8B
800
94B
07B
6AB
7A7
521
800
8C3
DB0
66C
7FF
547
193
95B
983
D16
4BE
59D
31B
C2A
B0F
9C9
5E3
7FF
37A
B08
976
800
179
7FF
656
EFF
C2C
A00
F37
256
7FF
595
BF9
800
B49
164
6EA
545
EFE
877
BA4
0FF
343
7FF
33C
E54
800
A31
01F
7FF
2DD
E14
86E
9C9
FFC
68D
75B
1C9
E2A
8AF
C5F
277
37D
59C
CE9
A6D
847
02E
443
568
27C
DF8
800
BC7
3AE
7FF
00D
BCF
875
8F3
1FF
724
7FF
DB4
8B7
800
C1E
683
7FF
5D5
B38
90C
B88
01E
65D
387
1D0
993
8A3
EF0
57D
685
48A
C9C
800
AAC
39E
7FF
65E
D44
BA7
800
063
343
7FF
14F
A1E
800
CB7
239
7F5
450
CA2
BF1
932
EA6
7FF
7E3
4A2
D60
A8B
A4E
360
7FF
332
29F
9E9
9F5
F85
703
67B
075
A11
A42
D5E
407
7D8
51A
DA6
800
B7B
1E6
651
7FF
C28
B42
9D4
FB1
685
4C1
58C
C15
800
9DA
397
6CA
7E1
E4E
800
9EF
12D
4D6
67F
2F5
C08
800
A06
434
7FF
4D5
FD9
A42
8A8
DE9
5DE
751
1C9
A60
800
D2E
39A
7FF
57E
1AE
8B1
87D
125
7FF
64B
181
948
8F3
BBB
464
40F
5F9
E59
800
BE8
1BE
5C9
7FF
241
9F4
835
0DB
2B1
7FF
336
E44
A2C
800
3BA
604
6FD
D3E
A98
966
F3E
4D0
4B1
3D9
A62
800
DBA
20D
7FF
7ED
06F
800
83D
FAF
4CE
612
398
B4C
800
B80
257
7FF
69D
FF4
81D
904
FF7
64F
7FF
149
927
800
D45
0AC
7FF
51D
E49
800
C6F
FF7
7D8
66C
1E1
939
8A5
BD9
6B9
658
1B3
E49
898
EE1
1DF
78D
522
10F
800
A41
F29
6DF
6C7
3EB
BC1
800
CF0
5EA
7FF
059
3CD
800
A9A
BBF
7FF
7FF
FAC
AF6
82E
CFA
0E4
7FF
F8C
CAD
800
B5F
F52
610
71D
1C6
879
800
D9E
520
7FF
4C4
C1F
800
9B6
198
75B
5F3
0DC
92D
950
DBA
699
60B
675
CEA
8D0
C27
E02
608
51D
FEC
8E2
9A4
07B
426
7FF
303
BE7
9EF
820
10E
76E
7FF
EF0
9CE
8F4
213
7FF
704
306
857
800
D32
3A2
7A6
301
E1D
8F6
9D8
FCA
7A0
7B6
EEE
910
800
C6E
70E
71D
3BA
D17
800
800
23C
6A6
727
FA0
99B
800
CB3
49E
65F
3A0
AFC
800
9B7
1E4
7FF
7FF
C00
800
97F
D9E
571
7FF
217
BBA
800
EC5
1F7
7D2
578
06E
852
A7C
00C
540
6BB
433
936
800
F7C
423
7ED
4D9
02E
800
B97
14A
55E
538
0DC
800
9B1
B46
6C3
7FF
36B
9B7
891
A79
144
564
591
DF9
8A6
8CF
024
559
5A6
038
AE1
8C4
C35
1F6
7B2
55C
0E9
843
800
064
767
5E5
2E5
C44
800
D52
323
7FF
298
C5C
A7E
B00
03C
7F8
5C7
0AF
827
800
9D2
3A3
7FF
426
F5E
800
B9F
616
4F7
7FF
F5A
C01
C74
BFA
3F8
7FF
5C7
B07
800
800
1EB
7FF
645
E56
973
970
DD1
1D4
566
101
959
819
D85
380
7FF
70C
E6A
800
90D
07C
7FF
5E7
1B2
A3F
800
F24
4CD
776
55A
C96
9DF
A3D
06C
4D5
7FF
075
800
800
FE3
4DC
7B5
499
B3A
800
B3D
391
7FF
57F
D3F
915
92A
FD3
3E4
709
4C0
A70
821
B03
2C0
7FF
7FF
F2E
AE3
B0C
E80
5F5
7BB
52E
C4F
800
A6E
3AD
7B2
723
C82
B55
B0D
2C8
7FF
7FF
106
BC2
800
CC1
45D
7FF
406
ADE
BAE
A6F
4B2
683
55C
E1F
9A5
BF2
F13
61F
7EC
39C
C48
975
B14
51D
7FF
4F0
F76
924
9CD
D6D
63B
7FF
327
DE1
800
BDB
1E0
733
5A7
02B
800
A3C
08A
7FF
657
2DF
915
800
E25
288
7B3
219
B95
800
B70
FDE
6D9
576
34D
F07
8AD
BEF
5CD
62F
378
DB0
9A7
A1B
084
5CA
7FF
E9A
A51
800
FD2
673
704
032
E5F
8F5
924
49F
771
63F
E32
800
800
F23
6D7
7FF
24C
BB6
955
F12
219
7FF
70E
DAD
8DA
9E4
12C
7FF
7FF
12A
800
800
B41
2EF
6F9
3B8
00A
86D
BCD
2D4
39B
7FF
CB1
92E
82A
EF5
310
55F
495
DA4
AEA
B2C
6E5
7FF
490
139
81E
884
D9C
436
62C
176
B1E
800
D8D
461
7FF
466
E10
800
800
258
7FF
6E8
0A2
9B7
800
AFC
540
6E8
74F
B9D
98C
800
395
75B
2FB
0BE
841
BE7
A51
73B
76B
1FA
A43
963
9E6
126
7FF
2BE
F6C
800
810
125
3C2
774
29C
84F
87D
F68
40E
7BD
475
DA1
999
800
FBF
7FF
6B6
1DE
B5F
800
D7E
310
79D
5D2
D3A
800
B08
148
7FF
7FF
F6F
913
800
AF0
7FF
7FF
23F
E2B
8F9
D83
344
7FF
421
DD0
88B
C48
CB8
4B9
673
FDA
80C
800
B58
24A
7FF
6FF
DFE
8B0
8D6
F33
55E
7DC
1BD
92B
9D6
B40
261
7FF
6EE
D36
88B
A46
2FC
7FF
238
E41
9B3
800
002
55B
7FF
3CB
BC1
800
B2B
22C
7FF
542
1A2
800
9F4
110
676
7D2
FA1
BAE
9D6
D1E
561
7FF
578
DB4
A73
C16
0C0
6DD
7FF
F91
9CA
895
C8D
4C6
7FF
658
D11
800
DB1
270
73E
7FF
454
A69
800
E9D
524
798
3BC
AA2
826
AD2
497
7FF
572
CC6
800
800
120
7FF
776
DDD
850
800
D06
286
6D7
651
C96
847
902
194
7A9
7FF
000
C26
800
E51
540
7FF
498
9FB
9AE
966
11F
7FF
678
0B2
AA3
800
047
4BE
48D
144
BE8
800
85E
3C0
661
76F
FB3
809
A4E
25B
6CB
6B0
040
800
800
E08
519
76E
636
CEA
800
C06
FE7
7FF
7BC
1EF
A3E
800
D36
7FF
7CC
251
936
800
B53
213
6C5
36A
F70
800
AB3
E04
5FE
7FF
18E
C75
8BB
8AA
0AD
7FF
496
AEB
939
9DA
E1F
50E
3D9
280
B2D
898
924
46A
62E
397
C93
800
C11
FF6
594
7FF
F69
800
B96
EC0
7D6
711
4F9
D8F
800
AAB
2B3
78D
501
DD7
996
842
E88
65D
7FF
314
972
800
A87
33E
7FF
5B3
D31
800
9EF
14E
7FF
792
155
86B
91C
E78
5A5
6B1
4D8
C4C
800
A71
264
7FF
645
FD9
98B
8EC
D66
543
6A9
1BB
C33
800
B66
19A
76D
742
D71
839
974
104
73C
75F
25E
800
800
D20
2F6
7FF
452
DAE
847
C2F
E3C
71F
7FF
13F
800
8FF
DD4
73B
7FF
298
C5F
927
8FD
048
6A3
79D
D6C
8F6
800
E56
4BB
7AA
0D5
DA1
800
BA8
357
637
6CA
F6E
816
A8B
295
50B
5BA
16F
B67
84B
C66
3B4
7FF
1C3
D03
800
8E1
F54
298
5DD
F8D
B01
9BE
DD0
7FF
6AF
277
E03
924
DC4
25A
7FF
53C
2A4
897
AA4
252
7A0
7FF
367
B35
800
BEB
347
7FF
65D
CF3
8AD
B13
F2A
668
65E
16C
F8E
802
D8C
43A
7FF
0BE
DA2
A45
B3C
4C6
7FF
72F
281
C06
800
E84
7FF
729
1B6
E66
956
97D
0AE
7AD
2EC
1E3
83D
B49
1AB
746
663
17F
9FA
887
DD5
2AC
501
5EB
B91
864
952
F52
7FF
7FF
0B4
9D5
818
CC7
35A
5F8
29F
D4B
882
B5E
321
6CE
61B
C5F
AE3
A3A
E0E
5EF
7FF
298
8D5
800
86D
44F
7FF
3C8
D0A
A79
B62
050
4B4
766
FD3
89A
800
CF8
60F
684
351
DA9
800
B53
CFC
612
7FF
FCE
935
838
F0B
3BE
4E6
4AD
8CD
9E2
A3B
F58
5BD
5F8
FDE
8F0
87E
F45
7FF
73B
E93
B00
97F
D0A
1B7
388
405
E02
800
800
E9E
455
78E
1A9
A00
861
C46
434
7FF
320
A71
8CF
AD8
189
7FF
641
E66
800
800
02A
7B9
7FF
F2D
9C2
800
CBF
360
7FF
494
E5F
B0F
9A8
F20
5E0
401
222
A1B
800
B1E
546
7FF
362
CE4
954
C53
153
7FF
4D4
D12
B89
800
EC1
5C6
739
101
972
ACD
AD2
49F
7FF
3ED
B95
A6C
A06
1AF
72C
7FF
0D4
BC8
800
FCC
456
7FF
62F
023
800
A7F
26A
5D2
70E
DFF
938
800
16C
3BB
7C2
686
B84
800
C5E
201
710
544
EF0
932
A6D
11D
6D9
7FF
4A0
C83
9F2
D78
5CC
77E
38E
C1B
800
C12
212
5A0
6AB
07B
B31
913
F16
074
5D1
438
D4C
838
E2F
37B
6F4
57F
F8A
8DC
B03
157
611
7FF
3BD
CB0
82F
9BC
35D
69B
567
B38
800
800
FB8
7FF
7FF
F8B
955
B87
B73
212
7FF
2C9
C66
809
BF2
099
7FF
605
14D
A12
912
FEB
23D
7FF
236
AAB
800
B49
131
7FF
662
061
9E0
BFC
EEB
522
7FF
202
A1C
800
ECB
425
7FF
41C
015
800
BAA
328
610
6FD
219
82B
9EC
D3C
447
7FF
116
CBD
800
C4D
30B
7FF
742
CC3
C16
800
CD0
76A
7FF
1A1
AF8
800
EC7
148
7BB
7FF
CC3
907
A35
FF4
2DA
736
EE1
A3E
800
C45
63E
7FF
592
DBD
800
BD8
1D6
7FF
5A7
DFA
861
800
C4E
42F
7FF
489
C5F
800
AA2
180
617
628
04D
8CD
800
220
790
7FF
124
9D4
824
BB6
446
59A
356
800
8C5
C1E
E95
600
723
EDF
9C2
A1A
F43
76D
7FF
520
C32
800
950
2BF
7FF
620
C97
92D
AE8
2B6
7FF
7E5
010
DA1
800
E23
541
746
75F
B13
800
A6A
0B8
7FF
341
F48
800
B2A
F2F
7FF
741
243
C68
800
CA6
18E
752
611
D24
99B
82C
EB5
5DA
401
139
9AA
9D9
D89
4A6
60E
4C0
DF2
800
850
EFF
481
7FF
29C
8A2
800
E63
5A3
711
449
BA6
800
C7A
339
534
6AC
31F
800
81D
ECC
683
7B9
1BE
8F6
800
CE4
7E7
662
7FF
FD6
800
9A3
DD1
7FF
714
148
AA4
BA1
B9D
49F
798
4ED
DCB
800
B45
2EF
7FF
650
F77
800
92E
F6B
792
68C
4AB
C4E
936
A34
0BD
7FF
5C5
D2E
800
894
141
7FF
7FF
059
800
841
CCB
23C
6D3
336
EF1
800
BAB
0DF
70D
7FF
E43
AFA
87D
0E0
7C4
67A
3CA
D44
8F5
AA7
517
7FF
510
F0E
C95
800
ED2
459
5EC
322
B31
800
D57
498
514
425
B02
800
A8A
0C2
711
69D
E9D
BCD
800
DC9
6FA
7FF
298
A10
800
C40
397
3FB
5B0
CDA
A47
B1F
3A0
32D
7FF
1E3
A21
800
CEB
59A
7FF
240
F07
800
886
12D
77C
4DF
FB5
896
A99
C3E
441
758
296
DAA
832
CE5
532
7FF
7FF
ABD
800
800
105
524
7FF
46B
C0C
889
C0F
75F
761
4DF
05E
871
878
0D1
52D
5EB
056
A3C
B37
E95
425
7FA
3FF
BA3
9AF
ACE
513
7FF
1F0
A81
9AA
800
E58
3F6
7FF
0FD
935
8AF
D0D
37D
7FF
48E
D88
800
800
FB7
575
649
010
8FC
CDD
AE2
544
5B3
5BF
BA8
829
E45
3D7
7FF
37D
C89
B07
A51
E40
7FF
797
246
BC8
800
CCB
564
7FF
1BC
EA3
800
9BC
3A3
7FF
696
C84
800
800
FFB
4FE
7FF
2D8
E51
800
EA9
2E1
72A
7FF
DF3
9F4
800
20C
4CD
5E7
2D2
B9F
9C4
E98
4E9
7FF
0ED
CCB
800
94C
FA3
7FF
63C
1F9
9E5
A7D
E56
699
6CD
3B8
889
800
B82
2F8
7FF
7FF
072
819
94A
1B8
7FF
6B1
38B
9FD
9F1
AFD
1FA
7FF
619
BB6
9B7
9AD
230
7FF
2C6
05F
800
800
D71
2B9
7FF
24E
ADA
800
CC1
34C
7FF
4A9
FC5
800
930
049
7FF
7D9
155
B67
800
EE7
4E2
7FF
4A9
BB2
809
C17
E3B
597
360
21C
9BA
904
D0D
629
6EF
255
A53
962
AA0
3D2
7FF
54D
EDC
800
926
F1F
6F1
7FF
E08
BB9
800
B50
221
6E4
31F
CC9
800
CFA
362
558
2AF
FA2
99F
848
EB7
4C1
6D7
53F
C12
895
F2D
FE9
7FF
740
CF6
9E0
8EE
C94
7FF
699
32B
C2E
800
840
76A
5F9
382
E68
CD9
C31
297
796
668
B33
971
979
C8F
7FF
651
075
A0A
800
A9F
2B8
7B8
761
C4B
883
93D
FEA
767
61E
128
800
800
DAF
675
7FF
3A9
E41
975
A29
1CE
634
5C3
F57
A89
A50
F11
610
7FF
2E3
875
89D
C5D
3CB
436
7FF
C59
B7A
8AF
FFB
5AD
6D9
076
953
800
E3A
57D
7FF
392
EEE
800
C1E
112
671
4E7
E26
88D
C0D
DE4
7F3
724
354
AAE
800
DED
2C4
7FF
571
C69
800
A45
1F8
675
6E4
E79
800
874
FD0
3A0
76D
3E2
B8D
800
AB7
3F7
7FF
60F
002
8FA
9B0
F75
43A
7FE
339
CDB
800
D0F
4BB
7FF
4B1
B1E
800
B83
34B
785
5FB
DA1
ADA
800
DBA
6C2
506
781
E3F
863
B44
1E5
7FF
707
009
800
A47
018
6B0
7FF
F57
BE1
A4C
BC1
40E
74B
577
D32
8ED
A2D
0B7
523
69C
041
8D5
80B
060
793
7D6
2AE
AD0
9A6
E8F
F9B
638
636
17E
B2A
800
1AB
724
7FF
08F
A90
B52
05D
5B1
7B3
3C6
D92
8CC
D4C
1AB
7FF
7FF
292
909
800
EB9
7ED
71A
1D0
B8D
9A8
C71
36A
7D1
5DE
EF3
A6D
800
028
533
601
FA8
A6A
800
F82
21C
7FF
3CD
C74
853
C31
0CF
7FF
4FA
183
B5B
800
E3E
6AA
7FF
422
9F7
9A5
954
315
798
4CF
EA7
800
C00
F42
68B
7FF
158
AA1
800
D33
5C3
6C3
4F0
BF2
800
B58
F8B
7FF
559
FCE
800
800
C02
5B6
6CA
0AC
9A3
800
E40
530
5D0
4A1
B46
A44
9A7
31A
62C
615
210
800
800
FC0
3EE
7FF
2A4
CDA
877
B9C
4F2
7FF
489
1DD
84E
800
20F
7F8
7FF
251
AE6
9C3
D37
376
4CD
54F
E82
B6A
800
316
7FF
617
2E8
D31
800
120
58E
5A0
4E7
8C5
B21
B3E
204
7D5
74C
FDB
9B1
967
C9D
759
57B
FC2
E51
8F7
CC1
340
7FF
7B1
AD1
87D
A65
034
7FF
74C
2D9
892
80F
D83
7C6
6D2
5DA
A88
896
E82
4D0
7FF
395
D53
800
DF7
E4B
7FF
5FF
026
B7F
800
D72
4F0
7EB
239
AD5
85B
B13
2DA
6C7
611
247
800
A49
EB8
5B4
6FD
5C9
E41
800
D06
488
7FF
4E2
F89
91C
B9D
EC2
685
793
F0B
BE0
8E8
CD3
428
6B6
325
CBC
800
90E
46F
7FF
7FF
D9D
8C4
97C
DF4
4A8
65C
248
968
9C6
B16
485
605
4A7
A45
A9E
ABD
12B
7FF
7FF
138
9B0
953
E34
47B
7FF
4DD
A98
839
A28
255
7FF
44F
FFF
800
800
F27
795
7FF
2C9
9D8
90C
ECA
4D1
7FF
519
CBE
981
AA6
298
7FF
469
F21
8A9
800
D74
634
687
006
BD3
800
BA4
42D
69C
5A6
F64
C3F
82C
DF1
52F
725
006
B29
800
D55
47A
75A
2A5
002
878
9F4
376
7FF
433
F96
800
90F
018
67D
7FF
1F3
E4E
9C4
B87
57F
7D5
447
C83
99C
C33
118
7FF
7FF
408
800
800
F6B
4FC
7FF
0A7
971
800
9E9
1DF
7FF
3E0
DCE
9E6
8DD
181
2F6
6F5
0AE
8E7
896
F2D
485
7FF
4B4
A9C
9D2
B4B
5D6
7FF
677
F87
B23
814
FB6
4B9
5E4
295
C66
913
9AD
3DB
5E1
40D
E09
953
AA9
397
7FF
7C4
115
B58
847
19E
376
72A
13E
AB8
8B2
850
2F1
7FF
766
027
97E
A40
F4B
634
7FF
4FD
C4B
83C
BA3
2D2
693
354
0A1
AF4
800
255
6D0
6BF
F5B
ADE
975
D5F
502
785
42D
A8B
800
8EB
3AB
7FF
64F
FB3
89F
800
139
7FF
79A
FD1
C1E
928
FF8
283
7FF
51C
FAC
812
992
637
7A2
56B
0B4
913
86E
FFF
7FF
7E6
29B
C52
9B1
DB9
4F3
7FF
31B
CA3
999
8EF
1A2
5A9
2B6
135
B77
9A5
FE2
4F7
7FF
183
AA6
800
AD2
35B
64D
5C9
D8B
81D
9D5
E9D
521
432
1B6
AA1
AD2
E3B
54A
787
4A5
BE8
932
9CB
1C9
7FF
56E
245
983
800
063
67E
7FF
68A
9E0
800
E69
0AF
7FF
479
DFB
892
9A1
114
595
4C1
F87
A1B
98F
D89
75B
73B
2C6
AA2
981
AD8
2FE
713
23F
197
800
AC3
D42
701
544
131
800
943
BBC
3BF
307
704
AEA
99C
B55
FCC
7FF
596
E6E
800
9D4
2CA
667
7CA
403
890
B36
B16
598
7FF
375
B16
800
AA1
16C
55D
5C7
EBA
CB1
A71
FD5
708
7B5
50F
B2A
800
A3D
155
7C2
6C1
E70
8AE
800
F20
470
60B
127
C09
888
EFE
554
7FF
3A5
D48
800
90C
2ED
7FF
6DF
F99
800
80D
EFE
60A
7FF
372
B84
AAE
D83
488
7FF
4BE
E91
800
C91
1A3
7FF
774
074
8F1
875
D51
5C9
7FF
3CD
B23
8B3
A54
2B2
6C6
75A
ECF
BF0
B4E
F12
5FB
7FF
180
A6F
B5A
E1C
5AE
7FF
46C
A5E
BAD
BCC
065
7FF
7FF
06D
96A
ABE
0F5
4C9
7FF
2B8
E1C
800
DC8
163
5A5
31F
A4E
800
D11
286
7FF
7FF
145
983
B00
26F
3A5
7FF
42C
D06
800
A2D
1CA
7B6
511
F98
800
C69
17C
56D
580
ED0
800
800
EB1
653
7FF
2BC
D77
888
D55
2F3
7FF
72C
E99
BB3
9CE
FF6
5A2
669
21C
A7C
800
FDF
515
777
378
F2B
800
99D
024
42D
79D
3AE
D83
A43
FD9
4D4
7FF
1A5
B5E
8E1
C7E
35A
5B4
360
C9B
8C0
A86
481
3CA
7FF
08C
874
800
DDF
644
7FF
303
A54
977
8FD
2E0
4C9
7FF
119
A32
8F3
DE4
602
7FF
0E9
800
800
A2B
2AA
645
501
9EC
800
CB6
FF9
517
5AB
ECF
800
89E
E5D
7D5
7FF
307
9AC
800
A3D
48D
7FF
25D
E41
800
800
48F
3C3
7FF
260
A99
AD0
F79
424
6C8
3A8
9F2
800
FB1
395
7FF
32B
057
A5F
C4B
1BE
583
7FF
1A6
980
917
CFD
433
7FF
646
D82
92B
B45
313
448
3C0
1AB
A90
94C
EFF
65F
7FF
10B
9CA
CD5
877
359
7FF
6E9
D02
800
94A
DFC
7FF
4B2
E27
861
800
F5D
4E6
7FF
604
CE4
894
C39
1FD
50A
550
CD9
800
97D
E73
7FF
7FF
263
999
800
C4D
714
7FF
5EF
DBB
AC6
959
FBF
7C1
6DD
018
8AC
9EF
E96
3FA
625
F10
959
800
C18
26F
6B5
336
045
800
9CD
F90
5CE
7FF
242
8CA
BBE
DF2
5CF
761
27D
C7B
800
DCF
172
7FF
59A
057
800
9B7
4E9
7FF
7FF
067
C27
800
C90
77F
7A7
342
C7B
800
BEA
1F5
7FF
5B2
E71
800
AB5
F4C
7BC
3F5
18A
ADF
A5A
BEF
542
7FF
559
E72
800
93B
329
4FE
547
F8E
968
800
F47
49E
7FF
33C
D75
9D7
B79
63F
50B
5B8
C9A
889
8C8
17E
5ED
7FF
29E
985
9D4
E27
420
7A7
440
A8D
9FF
B15
57B
7FF
3C6
FB8
90F
90F
E20
763
7D9
36A
8D4
800
B15
677
746
522
ADD
BE8
A3A
0E6
637
7FF
CD7
905
9AC
CEE
7FF
62B
1B3
9C9
853
ABA
FB3
7FF
179
FB8
A08
A7B
289
602
7FF
CCF
826
A71
B8B
533
7FF
2DE
AC0
800
E99
2BB
660
7FF
CBF
C1A
9A7
107
72A
798
053
A06
891
CD0
252
7FF
1E9
800
800
D72
044
7FF
476
F10
800
800
18E
7D3
7FF
25B
800
9BE
B1E
4D7
7FF
3FB
B68
A39
BB9
1A7
62C
6CF
E6F
846
ABF
F48
7FF
6F3
F6D
BF6
800
C27
38E
7FF
4AE
D77
800
C46
3CF
558
7FF
04D
8B7
800
D12
489
7FF
F6F
C88
800
BCF
2DC
68E
30E
DD6
AE9
A62
27E
2F8
7FF
C71
800
800
DB0
5C7
7FF
374
DE4
800
A99
22E
7A7
7FF
0E4
995
933
03B
6EB
7FF
3CD
89F
938
CD4
5B9
5EA
51A
B3B
800
A50
011
7FF
7C2
143
898
9C7
B1E
7BD
7FF
402
952
866
8F2
4A7
77C
3B4
D74
A28
B14
FFF
660
796
F31
D05
9BF
E6B
7E5
7FF
4E3
E0E
800
F74
5A5
633
7FF
10E
999
AA9
0EC
7A8
7FF
264
800
BA1
EDA
486
7FF
34E
BF4
AAA
D0C
284
7FF
6F7
DA0
800
E77
EA2
6C1
7FF
05D
CC0
800
C2D
3D5
4FD
318
BE3
800
9E7
0A3
6DC
590
02D
A45
998
293
7FF
7FF
FC7
800
89A
B0B
201
7FF
579
C01
A43
B30
1B8
719
7FF
FAD
A8F
800
E2D
73D
5C2
E5F
800
800
C00
3CF
7FF
4B5
C48
800
9BF
130
753
714
FB1
A94
800
1BB
4B2
7FF
33C
B0D
800
A2C
12B
6C4
538
DE5
800
8B4
0FE
700
6EC
18C
800
99E
C6B
5FA
7BF
1F2
B04
800
DFE
1B5
7FF
551
FB9
9CA
800
FC3
672
7FF
21F
A33
9A0
E96
6EF
7FF
441
BB2
800
A75
106
5DC
7FF
1DF
800
B7A
EA3
414
630
26C
A66
800
E1B
6F3
615
12A
ABB
832
AA4
115
5AE
75B
F88
AD8
800
C48
6F7
7FF
26D
C82
800
D2D
1A2
76A
66E
E5D
800
AD5
FBC
7BD
410
FBB
93E
974
F4B
2C7
7FF
400
BF9
80E
EEA
106
6AA
2D6
F1F
800
9AD
01F
6CF
7FF
0FC
A01
888
D9D
6C9
709
4CF
BF0
800
B29
30F
7FF
5C3
083
800
91F
0E1
799
7FF
2B1
A3B
A18
A8F
3EA
793
2C6
DC3
800
C2D
3F3
785
69A
27A
990
93C
CEA
366
7FF
EE1
99B
800
B9C
095
738
58A
8BC
9FD
905
117
73C
7CD
C78
800
841
D00
4B7
7FF
28D
800
897
EAB
3C8
7FF
4DC
EB9
B4E
ADC
5D5
4F4
48E
111
A6A
92E
FC3
5B1
7FF
1DA
CE1
89D
BD0
307
76D
4BA
D8D
800
858
107
4EB
7FF
ECD
879
9DA
F85
5AE
5AA
32A
D0A
827
905
2BE
7DC
6AF
BAF
986
8B4
0E6
67C
755
239
A16
D93
F62
5A7
709
3AB
C54
800
A63
347
6D8
7FF
E1E
800
960
E00
60A
615
26A
AF1
800
DD7
303
62E
229
AF9
AB9
81B
098
4C7
441
EF9
8DD
9DC
EEE
48B
7FF
0E1
994
800
B26
60A
7FF
774
EBA
800
830
106
5FF
410
11C
915
AAD
FA6
52A
61F
2EC
992
A6C
C30
371
7FF
3A3
AA7
92E
A59
EB0
7FF
772
EFD
9B9
8A4
F8F
507
5E0
1F1
980
9C8
BC7
50E
671
40B
9A9
9DA
800
FCC
7FF
7F5
201
B3A
92B
0C0
37E
7FF
45D
AA0
808
DBE
41A
7FF
583
BE6
B7B
9FC
035
5DA
7FF
221
9DD
A26
BF9
589
7FF
24A
D86
9AA
9C6
388
70A
3F2
F17
81A
800
E43
6CC
723
1E9
800
8C9
E7D
51F
7FF
3E3
A73
99B
9D0
416
7FF
35E
CEF
800
9AA
F56
5E7
71C
087
A89
800
B91
5B9
7FF
40B
C65
800
C26
20F
53C
669
01C
9D2
A49
2F6
5FB
7FF
EA4
BDC
847
D22
3CE
5A5
4E0
E9D
800
A92
211
539
4BE
C32
A30
800
08E
40A
7FF
449
A1F
8ED
E04
3BE
6A8
383
BE3
9AB
BC4
27C
670
638
EA0
853
932
01E
5FD
5E9
3AF
C1C
856
E54
26A
7B5
3B7
F5D
8C3
AE9
257
7FF
7FF
3DD
A4E
AE5
CC4
63C
7FF
2D3
BE5
800
B09
5F3
769
5EB
E7F
985
998
3DB
3B1
412
EA6
A33
BAD
C5A
763
7C5
5FA
B6D
909
9AD
19A
78B
546
DE1
800
8D0
FC3
565
740
254
A8A
800
F59
359
7FF
687
B40
800
C4C
27D
7FF
7FF
0D9
932
8CA
155
778
5A2
0AA
931
A8F
DFC
4C4
53B
432
044
800
B41
334
53C
22C
192
B69
8CB
0DD
710
5AF
4C8
800
800
B88
765
7FF
6A7
B64
9E8
9FB
220
7FF
68B
340
800
A35
CF5
660
6B6
0CC
9EC
91D
D99
304
7FF
642
C41
94A
C71
336
7FF
6FA
1AC
9BC
A6D
EB1
4E3
7FF
589
95E
9C9
CFA
538
7FF
2B9
9F6
800
C39
303
5ED
5FC
D7F
8EE
89B
D39
674
6D7
426
905
8DD
8A9
495
7DA
5F8
B8F
91C
8CC
151
71B
7FF
16A
800
AF7
1C8
7FF
7FF
1DA
C48
865
A0A
0C3
7FF
624
E4A
919
B88
1D6
7FF
674
EA2
9E6
800
D91
726
5BA
355
BED
8D6
A97
2C1
78D
6B2
E82
8D3
943
3BE
7FF
55D
00F
952
92B
D37
5C7
7FF
FBA
B7C
800
B41
E4B
7D1
53D
CEA
8DD
AD6
FBE
755
49D
06A
B8B
99E
151
5BE
701
E26
B86
900
AB3
70C
7D9
3A2
E32
800
800
43A
714
6A1
1DE
A92
9ED
D47
7FF
57F
020
C94
800
C55
4BC
67A
7FF
D9C
800
A52
179
5E6
7FF
012
C11
800
D91
4D7
7FF
22B
B7F
930
C50
386
7FF
62F
F7F
8CA
89E
ECF
738
7FF
2EB
C7E
800
EF1
628
7FF
34F
B13
832
AD6
281
784
585
C19
940
A78
182
7B9
7FF
349
CC6
800
BF6
FFF
7FF
25C
C4B
800
D57
39B
623
65B
FD7
800
909
FA7
5CB
623
3B7
858
818
D26
188
7FF
36B
D19
8AC
939
27E
7F5
35F
B2B
AA4
800
EF0
76E
6BD
0BD
A05
800
C0E
423
7FF
226
D1E
800
CF0
0E6
7FF
567
F90
800
A17
F43
55A
7FF
FB2
800
800
C39
324
79C
367
D80
8EF
927
1A4
610
3C3
E01
A86
800
13E
7FF
69A
0D4
800
800
EE4
7FF
7FF
639
CDF
A08
BA1
1AB
737
546
F55
9D2
932
32D
7FF
7FF
011
A0F
800
C06
6FA
74F
583
ACA
865
CD3
34A
4EA
77D
1E0
800
800
E33
7FF
54A
EEA
9D6
800
C9C
5EF
6C3
51C
E82
800
AC6
045
701
7FF
EFC
800
AA1
E0F
2F8
7FF
265
AFB
8BA
C58
27D
799
531
C3C
8FD
B84
FDA
73C
6CA
C17
A8E
800
F2B
72F
7FF
F25
C0C
800
B83
424
54B
37F
EBA
979
9B9
E27
4C9
7FF
EA9
93E
800
009
61D
5D0
2F8
9A3
800
98B
144
7FF
645
DFB
800
C40
269
7CD
6B3
20F
9EF
903
13F
732
7FF
1C8
A4F
800
C31
3E2
704
126
AD0
854
9DD
6D0
7FF
5DD
E17
800
8B2
EF8
7FF
7FF
5CD
B01
B7E
A45
5C5
7FE
4E7
E0F
89F
A4D
1E6
7FF
51A
E05
C0D
CAD
175
7FF
7FF
23C
800
861
A32
1E4
647
52D
F22
97E
A62
229
64F
7FF
E96
A3C
800
F33
7FF
7FF
D60
C3F
800
061
F76
693
614
DD4
9D7
9E5
206
5D1
609
F95
860
800
D52
753
7FF
212
BBC
851
DC0
4C2
6E6
32A
A91
800
800
218
355
7DB
DEF
800
800
067
7FF
7FF
1EE
C64
800
D10
51A
71E
625
BB3
800
B44
45A
77F
7FF
0DF
9FF
9B7
06C
7FF
7FF
255
E05
800
055
4A3
6DE
4A9
A8B
838
AC6
3A7
54F
63A
04D
800
80D
F61
3B0
7FF
034
C45
8C3
DF2
555
7FF
3EF
CDE
8BF
8D3
23E
622
7FF
D75
87D
B7A
177
738
7FF
34F
8B1
B47
DB8
3F8
7FF
45D
B92
800
AC6
0E9
7E7
7FF
F1C
8ED
800
049
7F3
6A0
16D
800
81D
B9A
664
549
2F7
CC9
800
898
27B
7CC
5B6
E56
B78
B83
D17
7FF
5E9
432
D19
800
FB6
7FF
7FF
3EA
AA5
978
B0E
0DD
690
7FF
EAD
854
857
08B
439
7FF
134
9D8
800
EF5
699
63A
3FE
E20
8DB
989
2A4
77D
4C5
112
868
809
127
7A4
7D8
43D
887
800
DF6
792
7FF
3A7
D51
800
A67
2DF
7FF
686
F11
800
800
016
72E
704
F83
B22
800
C52
3E7
7FF
4EA
BDF
BC0
B61
0D3
5BE
696
CE2
800
87E
E4F
747
7FF
28C
95B
8D1
BCF
642
791
5D2
BCF
919
939
307
7FF
38A
C29
800
800
0B5
7FF
7FF
28D
997
9EF
FC0
7FF
7FE
337
E3A
800
D12
511
7FF
3AE
E85
80F
975
1BC
7FF
76A
D18
A10
988
B51
6D5
7FF
292
AC2
857
C83
5E2
772
771
C65
D2B
C9A
0BC
322
7FF
176
800
800
EDE
286
5F6
394
C8F
B50
03E
483
7FF
689
DF3
94F
CEC
13B
4C8
7FF
E2C
860
800
CB4
52D
7FF
34B
A79
800
DB8
248
7FF
349
EC1
A03
B48
369
598
690
130
837
D24
F74
6CB
7FF
27A
C89
800
C03
19F
7FF
367
B5B
800
C9B
190
58A
779
22E
93C
83A
DC4
65E
748
386
C94
800
8FA
3CF
7FF
2D0
EBB
AA0
B7D
115
7FF
7FF
18C
800
800
270
76D
7FF
482
BA4
800
BEB
436
7FF
502
E49
A3E
BC7
152
769
764
00A
C06
800
006
4B3
7FF
1AE
A09
91B
F31
3EB
7FF
0DE
DA7
904
AF1
2BE
62A
2E0
137
800
800
180
49B
7FF
4E4
AA9
89B
E1A
4A9
617
6FD
C05
800
B21
37F
7FF
41B
F68
A84
921
07E
754
7FF
23F
9D0
800
CDF
13D
7FF
354
AFC
800
839
16B
567
791
DE5
800
B05
07A
62D
37C
0A7
91C
908
BF9
59F
71F
20F
C30
830
843
17B
60A
559
052
80F
9AC
037
704
7FF
1F8
ACB
800
D89
64B
3B8
1B6
867
888
8AA
FDE
7FF
73B
E56
800
8BA
CAD
643
652
416
91E
800
09F
51A
568
141
C84
9F6
BA2
215
7FF
4FD
C5D
C5C
ACF
F68
648
622
194
830
800
F70
3E5
7FF
422
AE0
800
C36
36C
7FF
617
BFF
89E
948
175
56E
6EF
09E
8AA
96F
FAD
3EA
795
2DD
A6A
ACA
C6E
616
781
4C3
E05
800
A17
349
7FF
6B2
155
800
ACA
CA7
630
548
3F8
9D3
800
E95
2E9
7FF
3DC
F3C
8F9
B76
207
7FF
49B
2B6
800
A63
1C1
3F5
6CE
182
800
800
D0D
5AE
65E
439
BC2
800
AD6
40B
5A2
6F4
2E5
800
82F
463
747
561
373
800
800
DC9
69F
7FF
1A6
BD7
955
DAC
1A5
61B
582
03B
98B
C99
DF7
336
7FF
0BA
CA3
800
EC3
4B9
509
426
D20
800
910
0E7
7FF
6F7
029
B59
90F
E98
7FF
486
208
BA7
943
DA7
776
7E0
F7D
9C9
964
93B
3D7
63E
7FE
C11
875
833
149
724
7FF
FDB
9BF
800
E4D
481
77E
35A
934
800
BC3
3FA
7FF
3B9
E16
8DB
A36
FE2
7A2
7FF
232
BD1
A7E
09B
4CB
7FF
1F6
D82
800
CBA
34E
7FF
53E
C10
800
967
127
70F
494
457
98E
91F
E78
599
7FF
1A3
95C
8F9
DF9
30C
73F
25A
B4F
83D
9CD
218
771
686
185
939
8C3
035
63B
6DA
4AC
A83
815
EBC
46D
7FF
49E
FD2
800
AF3
372
7FF
6EE
CF9
E3F
B3B
3F4
7D5
7FF
245
B9D
800
E56
40F
7FF
56B
B38
982
85C
1B2
7DA
3BB
121
B5B
AF6
324
7FF
6B6
FB4
AAD
800
2FA
725
7FF
069
BD4
800
B72
3D3
3D6
533
C4E
A13
800
DB3
640
6A3
EE8
B23
800
EFB
5FA
74D
2FA
CE4
800
B49
4AC
7FF
36B
B9F
800
A23
FB3
55B
333
1B9
A40
93A
C67
2BF
75A
738
CC5
800
DEF
2D1
7FF
1FD
E45
B0A
B1C
1D9
702
690
DC7
800
938
EBA
486
5DC
F85
ACC
800
F95
3E0
757
02C
BF3
800
D4E
363
66D
079
FA9
9BB
800
1C9
509
7FF
FE8
8CD
800
9D2
354
7FF
1EA
DBD
B9D
B60
25D
7FF
59C
E6A
875
B4C
1E6
7FF
7FF
DE6
94D
9B2
CC1
5AA
75D
290
B0E
A8E
8F9
3BD
7FF
679
0F4
925
828
14C
654
6AF
099
B6C
921
190
6DE
706
391
B23
800
E57
412
7FF
6BD
C20
B4F
B77
FA8
7A0
3F4
DD9
9DF
B34
BAC
5A9
7FF
227
B1E
800
E36
478
793
2BF
A65
800
B78
106
792
708
FC2
BFB
836
4BB
739
517
0CE
B1E
A7A
C64
592
7FF
55C
A11
BD9
928
47E
74C
5EF
FD1
800
8BC
188
7FF
7BD
F1C
B05
800
EE1
3C6
6E8
395
C91
800
B32
389
7B1
5E7
0C9
800
BB2
1D9
70E
7FF
0B4
B7A
800
C15
704
4E9
2EF
C55
800
9FD
256
7FF
3A6
F3C
800
BC4
180
6B7
7FF
EE9
D8B
800
DB0
492
5BB
1E4
B36
838
10A
291
7FF
46C
C67
800
CA8
486
7FF
7FF
E01
B38
9DD
0B8
527
526
068
BC4
800
A8F
2FC
7FF
1C4
02D
81F
CAF
FDF
3C0
481
DD3
800
DD5
21E
45E
7FF
0E0
876
800
FD7
3F6
7A7
37E
B9B
800
AA3
13A
7FF
3FD
20F
80E
B09
2B1
4F8
7FF
FCD
800
C4D
EA8
559
76B
100
AA8
800
D8C
68A
753
3A6
E5C
865
880
399
6AB
7CF
EBE
BBD
A11
DED
444
64D
246
D74
800
9BF
278
60F
305
875
979
8D6
1C6
70B
6C3
BC3
800
A8B
E44
7FF
74C
0DF
98D
985
C25
263
7A5
2B8
A62
800
B9C
1AE
436
7FF
0AF
800
C04
069
7FF
7FF
0F9
9E2
8AE
F3C
455
7D7
265
B04
800
9C8
F81
746
290
BA8
A90
86C
18C
5B9
733
EDE
AC0
800
F61
631
7FF
FFF
B62
800
B18
28E
7FF
3EA
C9D
858
A31
06C
7FF
6A3
010
800
CDC
DB3
7FF
7FF
1E5
A26
CEF
E0C
690
7FF
355
C82
800
C73
519
625
499
18B
B81
82C
ED8
694
7D3
063
B83
9A2
C44
382
736
29F
D2A
AFA
882
193
7FF
49A
09A
800
A4C
142
6AE
7FF
002
800
800
010
480
6DB
2A9
D7E
92D
F4C
210
6A4
468
D40
88C
B41
091
634
3E1
07D
92B
800
E06
29B
62A
291
D2A
800
C68
5DB
7FF
35B
C1A
800
D05
694
7FF
7FF
A82
800
994
039
3F4
4E6
21D
B60
800
15E
5AD
589
34E
A4C
97B
A3E
4CA
7FF
489
1A1
800
83F
204
616
688
2C4
800
800
DCA
5C1
4B0
05B
81D
934
DB0
4C4
7FF
607
FC9
905
924
2C4
7FF
4A1
FD7
94C
800
F4F
508
7FF
21F
800
800
E40
501
7FF
188
BF4
AF7
90D
129
793
7FF
CB8
89B
885
0DD
729
5AE
0FB
C80
94A
DEA
3F7
7FF
117
B41
800
800
3C3
75B
5FC
CB2
99A
BCA
08E
7FF
79F
165
88B
88A
C00
710
7FF
47C
AA0
800
BF8
1AC
7BC
1BE
C74
85B
8CB
00B
79F
738
FFB
800
B57
148
7FF
6C7
1AD
933
800
EE6
2BF
7FF
132
C75
800
BFF
4E0
54C
7FD
F6E
808
800
2C2
7FF
611
162
838
ACC
FE2
5A1
6D8
534
B0A
800
9D6
1EB
7FF
66B
A60
8C7
A46
044
7E0
6B2
01A
875
800
CAD
57F
68F
F9A
C8F
829
C2F
14B
78A
573
DAF
912
B12
449
6C2
7FF
EF7
B47
8B2
038
6AF
727
200
873
82E
BFD
7FF
7FF
171
CD2
998
DCC
243
5B4
6A1
EC9
800
9AD
367
7E9
7FF
16D
C0A
9B8
16B
242
7FF
2ED
ABE
B73
C2F
35F
7FF
3A7
A7C
800
ADD
08B
765
7CB
D41
9D4
800
B58
4CF
7FF
4C2
CF0
806
E6D
30A
694
714
A40
8E2
BB8
0A4
703
52D
143
9F9
A6B
10D
7FF
633
08F
9D8
8B1
FE0
3EF
585
572
CFF
800
B93
299
758
579
F11
800
A64
C86
7FF
5B3
202
800
800
DB5
25A
677
591
87D
800
B01
69B
7FF
682
B00
800
800
35F
7FF
40C
CE1
889
A79
D6A
4CA
5BA
1B8
B11
825
CEC
360
774
387
E91
800
9DD
456
6FF
40F
F2F
800
C1D
089
694
701
1EC
A1C
9FF
FF0
7D1
7FF
5AB
B31
94C
D13
4A2
618
547
DD0
800
989
4E2
748
708
EE3
A1A
8AA
AB5
55B
4E6
466
AFB
800
DC2
3C1
7FF
024
0DC
800
B6E
0C4
505
699
19A
A7F
D19
00F
61F
5F4
074
800
AAC
D25
461
7FF
265
B85
800
02F
2E5
4AB
549
9A8
A1E
AC0
272
473
69F
F4C
CF9
800
E05
6B9
738
02A
859
801
9D2
1F1
774
3DD
B88
8B8
96F
180
7FF
689
D19
A0B
9E9
C6C
7FF
7FF
034
BC1
800
D48
7FF
6C3
2F7
9E2
800
C5A
311
724
1EE
EDD
800
958
F96
57C
7FF
F97
CB7
8A4
D96
384
7B1
06B
8F0
927
E70
2E2
7FF
60E
BAE
84D
B25
127
6D5
399
1DE
976
800
F6E
537
5B9
568
B3D
800
F29
47B
47F
6DA
A6F
B29
C0A
145
698
3E5
CC5
800
807
035
7FF
7FF
09D
A14
800
E7F
553
7FF
14B
A78
800
CD3
395
7FF
3E5
B58
800
8D7
17D
7FF
2B0
C70
98A
9EB
DB3
7FF
73D
257
86A
800
C7F
28F
7FF
228
E6D
800
C26
3DE
70E
699
F8C
800
ADB
F88
3E1
7FF
0CE
800
949
FA7
46D
7FF
30B
B08
9A4
A77
436
593
27A
D63
800
A8E
13D
7FF
64C
086
910
9A2
C9D
5D3
7D0
0C8
BF8
8F2
DC6
6D2
694
4F4
C30
98A
9FB
2A9
7BF
51D
E7E
950
9D8
1FA
48C
5B9
09A
B6C
800
E63
71D
51C
24D
B49
92B
CC4
79C
7FF
388
EB7
800
99C
EDF
7FF
622
E93
B2D
824
E63
6FC
7FF
1DF
A73
800
E98
7FF
7FF
147
AA5
800
AA3
D38
7FF
4B8
D62
800
8AA
CA3
7FF
7FF
CC2
800
800
CAB
4A9
7FF
2DF
A8F
800
CE2
131
584
389
D43
95C
C2E
0EF
554
6C8
AD8
8F7
800
CEA
591
7FF
312
981
A49
D43
212
7FF
471
BE9
836
BB1
041
632
725
E8B
800
A25
F13
517
7FF
ED0
A49
800
CB5
6A3
7FF
3B3
922
800
13A
433
7FF
70F
CFB
800
AA9
2F6
7FF
7FF
D26
800
A33
14D
6F8
4A3
44F
B28
ADA
D60
61F
66C
1D5
E64
8FF
B2B
587
651
5A4
DAD
800
800
F45
6F5
5A0
146
961
800
FB6
498
728
240
98E
BD5
EC1
558
604
5B7
E64
8E1
948
1D9
5E0
7A9
E68
BC6
B64
F5E
75F
7FF
06D
87F
A46
E08
226
649
2E6
A4B
885
800
240
65F
5A8
F77
800
9AB
EC1
635
300
137
BAD
800
DD0
7BB
57B
234
947
820
8B7
5DF
791
49E
E70
889
C95
0E6
7DD
52E
0BD
800
B0A
0AC
68B
7FF
1EF
A11
800
EFF
552
5D9
38A
C3C
800
BE5
546
7FF
4D3
09B
800
BF8
169
7C0
62C
22F
D16
800
09B
7FF
7FF
0F7
B77
8B3
E3D
28E
7FF
1B2
BBF
800
9F9
404
76F
416
D65
8F1
91D
F36
730
527
1E0
A8E
800
E44
5D6
76F
F75
AF9
800
C6D
1A6
7BA
3D9
D98
800
9CB
295
786
6CA
C1A
8B6
996
CA1
624
5E3
25C
81A
800
9C7
7FF
790
745
CD1
800
CE5
5FB
7BA
49C
C27
9B6
9BC
062
7D4
7FF
DFD
8D0
8EF
E21
73A
7FF
206
BB8
815
DFC
2D8
736
7FB
BCF
974
92C
127
734
770
DC3
800
819
DA8
430
7FF
F46
9B3
800
BA9
373
6A8
278
CF5
8E0
A47
000
7FF
28B
D2A
800
B45
015
7FF
594
C16
800
800
E5B
7E1
773
205
AFC
800
D88
26F
7FF
02D
CA6
800
B01
272
7FF
226
0DD
A9E
A5B
126
7C1
60A
0B1
884
800
DA4
324
7FF
3D8
980
8F2
BC3
314
7FF
5BB
ED0
909
A1E
117
710
70D
F26
8BE
8E2
0A8
6DF
76C
3EE
A49
800
075
579
7FF
F8C
B4D
8A8
9FD
2A9
7FF
619
A47
B11
CC4
F3C
7FF
7FF
F9D
816
8E3
EDA
50B
7FF
549
B9C
800
A24
605
7FF
4BA
DAB
800
9F2
2E7
7A0
67C
D9E
B1D
B24
2C2
626
739
27B
815
800
FDF
62E
54A
7FF
A9F
800
D9E
46F
7FF
53D
D60
800
95D
0E9
793
54F
1BE
872
A0D
B55
7FF
7C3
02F
A61
8A2
D5A
6E8
7FF
5D4
C55
800
BC9
345
7FF
4A9
BCF
8D8
864
F20
7FF
645
FD6
877
839
C57
68C
7FF
423
DAE
877
9FA
1F9
7FF
7BE
AFA
800
928
03C
7FF
626
CB4
800
85B
04A
704
76A
1B9
92C
98B
C1C
496
659
3A5
D60
800
A4B
634
672
56C
007
81C
800
FF8
763
777
E0F
B1A
800
010
7FF
52E
4F4
A22
800
E21
46B
7FF
317
C2A
BEC
BA8
36F
712
7FF
C13
800
A4D
DF1
68D
724
224
CCE
A12
D61
7DC
7FF
353
914
800
C9E
257
7FF
448
C91
800
9D4
2BA
7FF
7FF
EDC
8D1
A99
E93
72D
7FF
F9A
938
800
DCB
629
594
371
C25
800
9F3
51F
7FF
362
9CF
9E8
C5C
1AB
76A
7FF
C98
800
A9E
F4B
413
49A
151
9AF
A8A
0F6
360
6E5
64F
B3B
99B
CC2
07A
770
622
C11
8B3
98D
07A
4BF
5D5
17E
ACA
BB1
BB2
264
7FF
09E
BC1
B20
F3F
5C0
742
47F
B59
800
800
0F8
7FF
4AC
D96
875
93D
02A
71C
650
DDB
800
800
E60
62B
6A5
0AF
ACB
800
B8E
1E8
7CF
570
EEC
800
BC0
18C
7FF
65B
3CE
8C5
800
D69
5B1
655
0C8
8AD
918
D38
740
7FF
31D
CDE
A4D
AEF
3F0
7FF
7AD
DDD
C3C
B3F
2DE
719
7FF
2CC
BF4
996
29E
404
7B0
2AD
C37
886
DC1
28A
79F
35B
BA7
8BC
B86
207
7FF
50C
E04
800
9B9
08C
47B
58A
0B0
9FE
800
02E
63E
7FF
417
884
88D
FC8
3B9
7FF
656
E70
A71
8C2
2A6
7FF
6CC
FE4
800
B49
D9D
4C1
44C
0AC
800
86E
ACC
438
5B7
53E
C6B
AFF
C0F
217
4E3
5AC
CD0
AF3
A13
198
7FF
551
F32
97C
9FD
12C
35D
7FF
EB8
8B7
875
F10
38F
7FF
26B
AD8
A22
BA6
189
688
7B2
D1C
800
800
29E
7FF
7FF
0FB
A77
916
065
721
7FF
26A
BE2
99C
E5B
732
720
1E7
E58
890
935
4BC
7FF
644
A96
838
9DE
1FD
64A
477
196
800
9B1
F1E
6C0
7FF
00C
BEE
9E7
F55
2C5
54D
10F
E4C
800
A1F
13B
6C6
7FF
EDD
80A
81D
FD2
7CC
7FF
0C1
A1A
8CD
F90
5B7
69A
46A
D05
800
940
091
7FF
50C
D39
800
B2C
29C
7FF
793
24F
925
8AB
DFA
73C
53A
185
C23
A16
C97
681
727
3CC
9ED
800
C36
37E
6DD
533
DC2
85B
BB9
464
643
7FF
22D
800
826
B8B
796
7FF
1DF
95E
800
D56
604
7FF
28A
CB8
800
9F6
1EC
78A
6D5
069
800
A3F
35E
40E
7FF
E2D
8BD
865
30E
532
73D
E68
9B1
91B
9CB
456
7FF
3AF
C71
800
A44
3B3
7FF
598
0DC
B46
8E0
148
3C2
66B
EC5
800
800
08B
240
7FF
009
D16
A36
CC7
504
7FF
6B2
A30
800
E0A
183
7FF
552
FB4
B6D
A43
F84
663
5BC
3D7
800
8DB
ECE
4B9
633
2AE
8F3
8E9
CC4
229
6D6
449
E9E
800
88C
F82
626
7FF
D89
800
800
F81
566
51C
313
800
A2C
F91
3F5
7FF
252
C1C
8BD
C2E
327
6E4
7AB
E5E
800
9E4
2DE
7E9
56A
087
800
87D
175
7FF
7CD
460
800
800
CD5
7FF
71A
402
B4E
801
DED
017
7FF
7FF
B41
800
8C7
EA7
62B
7FF
F24
967
A1F
E74
4FD
630
248
800
A64
C09
6B6
67A
5A0
CF5
B2F
9DC
509
7FF
251
D9D
800
A1A
DC5
7C1
7FF
0F3
800
C03
EDA
7FF
7FF
12C
BA0
800
CD3
2A5
5DE
15F
AB1
9C8
B87
048
6C9
667
F06
B89
98C
F85
7FF
7FF
172
C25
800
D2D
7FF
62F
172
CE7
9AD
E02
567
7FF
25C
D36
800
A80
FBA
7FF
6A8
B8D
800
A78
E98
7B9
7FF
3F7
974
800
F10
4B2
7FF
3CA
B1C
892
A08
48D
7FF
506
A1E
800
C9E
0B4
67E
5AE
F08
81A
9B8
E0C
753
7EB
EE7
9B8
AB9
02C
643
7FF
166
8C5
800
B7D
2B1
732
4E6
D58
C0A
814
0A3
634
74D
C53
A79
800
1C6
7FF
7FF
0C0
A6F
95C
E88
3FE
7FF
1A7
F3B
800
8C7
3CB
7FF
3D2
D2C
800
9D6
17B
7FF
6F5
BF7
989
B31
180
7F5
7AD
0E7
DE4
800
D2D
570
6FF
179
ACF
800
D9F
28E
7FF
67E
916
800
BF1
078
697
7FF
F8F
A3D
800
F9A
795
6B5
1B0
A05
800
DDE
548
7FF
411
D33
944
C79
0B6
58D
728
D54
800
B52
148
613
638
006
800
800
F39
545
590
05C
A4B
AF7
F64
3BC
676
48E
AD5
913
A72
455
7FF
4E5
E1D
8CB
E5C
00A
7FF
7FF
D83
8FE
95D
158
659
5FF
F7D
F03
A20
06E
36F
595
35B
CBC
800
927
3EC
7FF
4DC
B82
800
A20
18A
7A3
7FF
F37
858
A41
096
473
7FF
F7C
B33
800
C6B
4A3
7FF
71D
BE9
959
BC2
173
7C9
298
F1F
800
800
004
696
45F
138
9F2
B8E
C4C
54E
6A8
1AC
D4C
800
D7D
6B0
752
3B7
9A6
800
992
175
7FF
61C
E5E
9C7
BFE
309
759
654
DFD
915
832
195
657
7FF
15C
9E5
931
D62
44C
7FF
4A7
C20
809
E6A
310
5F1
7FF
B84
90A
D85
35C
6B6
7FF
FAF
800
861
DC3
3EC
7FF
EF3
CC0
A33
C46
1E1
78B
2A3
987
800
97B
1A3
590
2D2
C62
A9C
CC2
F02
5F1
496
0A3
AA1
A00
FCB
62B
78C
21B
87D
800
E6C
28E
558
407
8C9
800
AB5
424
7FF
385
126
800
800
F64
7FF
7FF
F46
800
AEA
EB2
662
74D
1D5
A85
800
D36
463
7FF
500
AF2
800
C6E
04A
4DA
0D0
EFB
800
833
130
78E
616
0D6
BA9
841
C82
7FF
628
261
80F
800
CF5
4A4
7FF
671
BF2
800
A65
3A4
7FF
2B4
E2B
800
96B
0AB
6EB
751
E16
800
8AF
DFF
3E9
506
10B
A80
94D
E37
2CE
7C1
F19
847
800
E1B
079
7FF
422
A32
800
988
3A5
7FF
7FF
FCF
800
B99
1AB
66E
61C
2A1
9E7
800
F53
716
7FF
39B
B25
800
E44
297
7FF
529
D1B
868
B2E
280
520
5CB
009
800
844
F37
7FF
4CB
2FC
C3C
98F
E44
6ED
7FF
240
800
800
01F
423
772
47A
D2C
80B
A08
065
543
53A
FAE
8AC
99B
FD1
4A6
66D
F68
B3D
800
D1A
5B7
688
425
B1C
800
A1C
340
7FF
3B2
A1D
AB9
838
16A
7FF
612
EB5
800
BEB
0CE
4AD
7FF
2D4
963
800
B8D
5FA
6D1
571
B5D
AB0
0BD
338
47B
648
D7E
800
988
028
7FF
6CA
E1E
9E9
BDB
29F
261
6B6
F8F
9A6
800
F37
40B
77A
1E4
BF2
800
B2A
5AC
7FF
6C8
BA4
800
B3F
513
657
588
1B6
9E8
A7D
F27
7FF
5DE
1D8
982
800
D1E
6BF
782
2AC
D47
A60
ED5
31C
726
2FE
DE5
C30
A3E
41E
7FF
646
1C5
800
A91
F69
582
5AF
EC4
869
847
EDE
4AD
710
067
BCC
800
C0E
084
7FF
5AE
C93
800
90F
E94
7FF
659
E0A
81D
C72
217
7FF
7FF
EE6
9B8
800
CB7
48B
7FF
400
B9E
800
AF0
377
79B
449
91C
9FA
AFF
40D
7FF
5BF
C18
A26
99F
300
7FF
703
C92
9E8
919
C96
7FF
7FF
3AB
A2A
800
D80
690
67B
3DA
9A5
800
C5D
5A1
784
73F
D78
8E8
941
FF1
685
6E7
063
9AA
800
D67
776
78F
FED
800
800
FF1
4F6
7FF
3F0
A0B
9E8
061
F0E
7DA
547
D90
800
8D6
580
7FF
7D2
ED0
800
9AE
015
587
759
1B6
A80
93B
D55
559
3A5
11D
CC2
8E0
A80
08D
563
468
DE7
88B
999
4B6
719
708
D08
8F1
9C9
CC5
69D
756
24C
A69
800
F7F
633
7FF
4AD
B76
8E3
DBE
7FF
676
4A3
CF3
BB4
C91
4F2
7EB
7FF
E39
800
84E
19C
78E
6CC
ED4
800
854
D7E
760
640
295
B48
857
C9A
3F1
7FF
58C
C26
800
A6D
248
7FF
295
E78
800
82A
1F0
653
7FF
E5E
B04
96E
EEA
7FF
3B9
3CA
D29
874
E83
44B
7BD
425
BBB
800
A6E
323
6A2
7FF
BF4
800
800
1E2
7FF
5B5
D08
AA3
8D5
278
36D
530
F69
C25
800
E99
5C0
6FB
243
A18
800
A2A
5B8
7FF
288
C13
8E3
A62
308
60A
66C
DC5
800
999
134
4F3
742
1A3
B22
A01
ED3
734
506
1EE
891
897
B59
376
7FF
296
BA9
800
BC7
27F
798
5E7
121
800
800
0A8
7C0
734
FF6
92B
933
D24
722
7FF
26D
AD8
800
D4A
36C
6E7
4F9
A2F
800
8EA
085
7B4
602
E82
811
A3F
E4C
465
68E
065
800
9DC
F1E
618
7FF
410
D1A
800
BDD
5C2
612
5D5
C5B
906
CCE
313
7FF
5BE
EB0
986
A84
077
782
4DF
FFC
99C
800
0A3
677
6A3
1BD
9AA
800
E87
2F0
6B6
41B
988
800
C68
479
7FF
7CB
E93
9E3
B67
2AB
7C5
481
114
9BB
A48
EFE
7FF
7FB
42E
AE6
800
AF9
7A5
7A2
642
A51
991
B66
645
65D
1D5
BFB
B2C
8DA
F5D
7FF
61B
117
800
8F2
056
258
766
E9F
B0C
A35
C37
6E9
5E7
0E5
F3E
800
C0F
4D8
7FF
4F5
B3E
800
87C
583
72A
533
D91
8DD
800
FDE
78D
599
EC5
963
8D6
0D8
7FF
61A
F89
908
89B
DD4
222
3E4
4F2
D93
800
B38
46A
7FF
536
EA5
845
99A
4AB
7FF
6C0
E18
A38
800
004
291
7FF
FD3
C8C
800
CD0
228
7FF
F88
DE0
800
CDA
3B5
724
1A4
1D1
A41
D92
06C
7FF
766
EDB
8DA
926
0FD
770
76A
18C
915
800
DD1
695
7FF
FB9
9F3
8BB
C41
37E
662
4E3
E6D
B6C
C40
079
60F
6FB
EA3
A6A
92B
063
7FF
75D
F36
800
800
D6A
5BF
73E
1E6
943
9A2
C36
2DF
78C
44B
EF5
A1A
D37
471
7FF
677
E0D
800
80F
FB0
7FF
7FF
01E
9E7
930
03A
7D2
7F0
2AB
977
800
DB8
302
7FF
461
B49
800
91D
280
4E7
3A0
075
800
800
349
450
7FF
EB3
833
893
125
52C
61E
037
800
91B
DBD
418
795
198
C4A
800
AAF
66C
788
3D6
BFA
800
843
04D
701
63A
F34
868
A13
2FD
663
55D
16C
942
8D9
1A5
5A2
7FF
286
AEF
BF8
FDD
39C
7FF
48A
F3A
9C1
C0A
244
6D4
407
BEB
895
847
2CD
70A
629
F53
99F
AA3
EB9
6B6
621
0B9
A01
9B8
EF0
4F0
7FF
14C
ABC
9D0
D64
287
7FF
575
D6D
800
B75
149
7FF
4F6
097
800
800
FF6
5CC
5E2
1D0
B83
800
D05
487
309
222
BC6
A3D
998
286
7D5
5FF
CA4
800
8A0
F66
56B
389
EEC
880
CAB
2B6
716
5B1
EFC
A43
8E0
366
77A
7FF
D8D
BB0
9AD
B1A
3EC
7FF
299
ECB
800
B36
451
7A3
16A
0C5
86A
BF6
3CC
6C3
5A1
259
8C7
BC0
F99
595
7FF
FDC
916
800
1CD
419
7FF
2D7
800
800
D0B
5A8
7FF
568
F17
885
9E5
361
563
68E
0EE
807
AB1
2C7
5C5
6A7
082
82C
800
DB9
6F0
5BC
28D
98B
B33
D8F
3AF
722
363
AE3
800
B07
0D7
7FF
785
E0C
800
A78
2A8
7FF
713
D97
A0F
800
DB9
703
5ED
36E
AC2
800
DDC
5AA
7FF
1AD
800
948
EEB
4CC
7FF
4DE
A9C
800
B50
533
73B
5F2
06D
800
953
322
65A
7F9
DE8
C42
AA4
1AE
57B
6B7
030
800
934
DF9
302
7FF
211
AA3
996
975
37C
7A3
202
C5F
908
800
309
51C
609
DD4
9F2
A99
1C0
4D5
4DF
F56
9A4
870
ECD
324
524
36D
CB1
800
8C7
422
7FF
523
DD0
880
BFE
05B
7FF
7E1
C16
800
D3C
F47
4D2
7FF
19B
CB9
9C2
1CC
4BB
7B1
34F
941
A3B
C48
6FA
7FF
652
B34
8CF
D20
36B
611
41D
154
88F
CD6
1A9
54F
7FF
0DB
800
94E
D43
7FF
7FF
22E
A27
9E5
F48
499
5FF
1BC
A50
895
DEE
37B
65B
4F4
C1F
800
989
0A2
7FF
611
B29
800
92C
FC7
7FF
75F
0E4
8E6
800
F8C
585
527
47F
C37
800
C96
7FF
7FD
245
D1D
854
E0B
30D
7FF
33B
BAE
800
800
04D
7FF
7FF
F9F
90A
A36
FDD
6C0
7FF
114
BFB
800
D08
539
7FF
21C
9A5
800
B34
622
7FF
7FF
AFE
9A2
D06
301
6DD
3FD
DB4
A33
94F
F63
42E
598
EA7
A8D
835
F2E
681
743
3F6
BC1
855
C16
458
7F8
3E7
ABC
910
B34
23F
7FF
4C1
B42
800
8A6
0F8
7FF
6E4
09C
890
B2F
18D
7FF
70B
014
851
84F
F71
44A
75A
561
B83
800
992
387
7FF
4C4
D16
99C
CAA
2BB
790
7FF
119
8C8
BA3
173
48D
6F3
208
927
8FC
F45
7FF
491
214
A98
912
F73
5BD
3F1
22D
B62
800
E09
1DB
7FF
41E
AF8
800
AE2
1C9
7FB
560
B00
800
9AC
004
7B0
7A0
230
B7E
800
D3D
4F1
624
FA7
800
800
08A
7FF
544
20D
B19
88D
E0B
14D
7FF
4E5
F48
8EC
B58
FDD
7FF
7E9
FD2
85C
A14
EF8
7FF
7FF
FC5
800
84A
EB4
744
7FF
0D1
BA3
998
DDF
53E
7FF
292
A03
800
B54
0E6
7FF
675
EDB
800
981
040
5A5
3A4
E89
A5A
9A7
34F
507
7FF
E98
842
862
F99
475
535
2F3
A09
800
D06
2C4
7FF
4E6
E9F
A06
C66
24E
78A
7B8
0F2
800
B5A
025
7FF
6BE
BC5
800
9EE
12D
410
6BC
1E9
AB2
839
C11
549
765
38E
A2E
8A1
A79
1AE
7E5
32D
DB3
800
8D0
1C3
7FF
576
03D
800
93B
217
5CC
7FF
F70
B58
800
F9C
56C
7FF
217
B05
896
C13
2FE
7FF
79B
B17
818
B51
460
6D6
515
CDA
87E
B27
203
724
718
E75
8E4
945
E44
772
7FF
FE5
A65
800
C66
241
7FF
EDA
CD6
800
E91
76C
7FF
672
A6C
868
8DC
442
7FF
6E2
E51
8B7
C96
F4A
793
610
08A
A3B
98E
E38
3A7
789
28A
B73
A03
C75
3D4
6FA
716
A58
ABB
98C
6FC
548
5A8
D0E
988
BF6
44F
5DB
7FF
FD8
C2C
BD0
10F
722
6FA
1F8
E84
800
035
7FF
514
212
83F
8DF
BDA
6B3
7FF
666
CDE
9B6
963
4BF
523
5E9
2AB
D26
80B
0AC
6E0
5DF
E90
800
800
082
7FF
6DA
230
99A
A10
C90
70A
7FF
065
C0E
800
A2D
2C6
652
2A9
BBC
800
8AF
29E
7FA
565
CC1
972
C23
044
7FF
39D
E3B
960
C43
F53
57F
37E
14B
A7C
B84
C5F
6BA
527
105
C1C
903
BBB
2AA
5C4
039
B65
800
BD1
51F
7FF
54D
D8F
800
DB7
18B
234
773
FC4
800
806
E09
737
7FF
193
A08
800
E71
6AE
68E
2D2
B91
9C7
D86
2B8
7FF
2C3
BC9
800
9A3
174
7FF
6E8
188
9A7
99D
24F
7FF
704
D91
800
959
E07
4F8
7FF
1F1
CEB
800
D04
7FF
5E6
37B
C5D
800
ACF
38D
7FF
3EE
905
953
8E2
47F
796
7CF
E9F
8A4
AC0
F86
7FF
7FF
E58
A85
800
F9C
5C1
601
119
8E8
A85
9B1
416
7FF
664
AE9
953
EC8
104
7FF
445
E81
9F6
84D
F17
7FF
64B
B57
837
B3E
E6D
7A2
7CD
2CA
9D3
800
EDE
4AF
789
0F4
A6E
90B
EE6
462
6E3
340
D0B
9CA
DBC
4F5
7FF
317
BC9
800
C5A
3AE
7FF
7FF
DC4
83A
B20
097
604
624
F63
800
9F0
DB8
49A
725
2B8
E33
800
E6E
315
560
413
C03
800
D21
59C
7FF
465
C14
870
83F
018
7FF
7FF
FC7
A42
8AA
E6E
719
6B6
F75
981
8AC
043
3BC
7FF
371
B57
9B7
F15
76B
7FF
52F
BE8
800
B7F
138
6C0
3C3
E98
800
AA6
57D
7FF
4C5
E7A
88F
8BC
06B
7FF
7FF
088
BA0
800
CBA
2E8
799
1BD
9F7
A1F
F18
36E
7FF
1EB
AB6
B32
B13
592
7FF
432
F42
800
9BE
3B5
4FD
70D
12B
85F
A8C
F87
4C4
675
261
CF9
8BB
E38
5B5
4B2
459
AA2
A03
B95
5D1
547
5CA
CDA
A00
98C
2A9
71F
224
E42
9F3
BA2
15B
7FF
71C
15E
972
800
EFC
4C2
716
1AC
AB0
800
B85
5F1
7F5
0A5
A50
888
93F
572
7FF
5B2
A50
800
CA5
1F6
7FF
791
D86
800
8E8
296
7FF
7FF
17E
B4C
B0C
D3B
7DD
7E4
3B9
9FA
AA3
D6D
5BE
723
4E4
A36
800
E4B
309
754
310
C23
800
96A
2FF
7FF
2BC
E62
800
CB2
F7F
650
607
DEB
800
967
E33
7E6
734
EB7
92E
800
E8A
704
7FF
28B
D3E
800
AAA
49E
7FF
4B5
DF3
800
954
18B
6ED
570
154
A02
800
0AD
7FF
457
CCD
800
91C
193
729
66C
F0A
B00
800
F1C
6E1
7FF
425
BF3
800
B6C
3D2
6C8
7C8
AEA
800
AA7
25D
7FF
2A5
D24
800
B6C
0D4
7A7
422
07B
8D9
A52
1DD
6D4
606
05D
C05
800
079
389
7FF
19A
BAD
800
DD2
078
7FF
018
E16
A0D
9C9
61F
5A9
4C0
E04
800
B3D
619
683
670
F35
A9A
AAC
CB0
7FF
5BD
002
9A1
800
B88
667
771
2F3
A6E
80B
83A
60B
6B3
1C9
AB3
800
D81
519
639
79B
E7C
800
800
2FA
7FF
57E
CB8
966
CF8
F0A
3E5
5FA
043
825
83E
D94
7FF
70C
3B4
F7E
800
D35
4F3
4CE
466
CDA
8CB
C13
3C4
7D5
38C
AE6
800
92F
1D0
63C
58E
1A1
800
965
136
626
7FF
1B9
9D6
800
D53
3B4
7D4
07E
A4E
800
A62
679
784
2DF
AEB
9D1
B13
4D2
7FF
4AB
D53
800
C69
1F9
5EC
7FF
CEC
800
8A6
D36
489
660
07C
D46
800
B40
185
7AE
24D
AFF
800
EA2
097
71E
F1A
B29
800
8AE
364
76C
595
0AF
8E7
C2D
107
7FF
7AE
E78
8AC
833
E8A
632
697
184
836
88E
14E
55A
73A
3BE
830
800
DF0
462
7FF
2C8
B50
800
8ED
426
7FF
403
F62
947
D29
303
7FF
635
E26
8CB
A0B
E72
790
7FF
0AD
869
800
F73
6BE
7FF
09A
C2C
800
A6B
4CD
7FF
F25
E43
C6A
CC8
438
7FF
547
C69
800
B58
48F
5A8
49D
E65
988
800
29F
7C1
678
F04
A1E
949
B43
699
458
05D
936
820
D50
374
5BD
2CE
ACB
904
D9C
469
7FF
36B
B10
800
A2E
270
7FF
584
F94
A9A
AEE
E75
757
63E
120
973
837
FB4
7FF
64B
01A
994
800
CEA
40A
777
13A
A1A
800
F61
3FD
5C9
32B
C59
800
9D2
44D
7FF
59A
F01
8CE
D8A
1DD
78A
49D
27A
954
92D
28E
631
45F
273
800
800
D0E
58D
730
F97
8D6
878
C15
642
7FF
359
E08
940
B89
51F
7FF
677
DC2
964
CBB
154
7FF
720
403
800
BBF
2FA
645
6A3
F71
A49
800
F53
7FF
7FF
14B
9D2
8FA
CEA
5F5
518
520
BD6
823
B48
2F2
7F3
753
D01
800
AA3
4F7
4A6
64F
CD8
9E8
81C
0DD
777
63F
2A5
800
A06
090
6B7
7E0
E4E
E96
800
E65
2C2
7FF
1F8
B9E
800
F2D
214
5BF
354
BEC
9D5
C54
344
5B9
71D
B8B
800
C7F
FDE
7FF
6DD
00B
8EF
AC6
029
7FF
7FF
14E
9B9
800
021
6E1
7FF
3A0
B27
9A6
B8E
50F
7FF
5EA
B75
800
B80
595
720
55D
03B
800
B5B
311
73A
4FD
D4C
C67
800
370
7FF
71F
F7F
B0F
800
FB9
7FF
7FF
308
A10
8AF
B0A
5B2
620
33C
C0C
87E
AA1
42B
56E
737
CB4
8CA
A8B
3EC
65C
650
CA8
BF0
919
EBB
683
5F8
D38
9FD
800
F04
7FF
633
F06
9E4
800
088
530
73A
3A5
CAC
83D
AC2
7BA
7FF
4A0
D1A
B44
8F2
1F2
757
439
E7C
96A
A41
E1D
54C
7FF
E0A
967
A0E
D2A
60D
77B
F06
922
8A9
F80
5D4
7FF
11A
C74
800
E94
2AA
7FF
3D7
B0D
9DB
000
585
54F
508
D00
AAB
8DD
58A
7FF
7AB
E90
911
922
FB8
635
508
FF8
A8C
800
F29
6E0
7FF
2BC
A6A
AFF
E0C
532
7FF
2DE
A24
866
B67
15E
67A
528
C60
89F
C69
142
7FF
512
D3C
800
A95
033
619
7FF
EED
800
8F9
F9C
5AE
5B1
1BC
89D
98F
0B8
50B
7FF
2C3
A71
800
DAF
68B
7FF
64E
CF5
800
B31
379
77F
6A8
DAA
800
B0C
FA6
7FF
58F
015
800
8DD
104
7FF
7FF
228
BEF
800
F7D
65B
7FF
D3A
C9D
858
CAE
1E8
692
341
D6B
A17
C8D
76D
4A6
580
BD6
800
D6F
13C
7FF
7FF
A98
96B
800
307
7FF
5DA
C21
A7C
BE7
D2F
4F8
6CE
E6A
A1A
803
03C
6B8
7FF
0AB
8C7
800
B5C
262
603
4D8
9C3
800
CA8
132
7F0
764
D72
8AA
BC5
2C9
7FF
358
F94
A35
8EA
164
792
623
083
A6F
AB1
D96
4B5
7FF
079
D7E
800
981
6E7
7B4
6CE
B3F
800
C95
626
6E6
3FB
E89
84E
D42
452
6B2
5A8
F2E
83E
ADF
06A
7FF
7FF
08E
9A5
833
2AE
5E3
7FF
E9B
A38
8B8
F59
6C3
7EC
421
9B9
800
DC1
3E8
5EB
3F6
E1F
800
E5B
206
7FF
628
DB1
800
8E5
EE6
7FB
6C7
DEB
934
AD1
074
7FF
36F
D31
A29
942
E97
635
7FF
094
B07
88C
BDB
523
7FF
16C
99F
800
D2D
31C
7FF
425
F83
B41
A10
23B
70C
5CF
EE6
90D
A4E
059
6E9
5DE
F02
A9A
85A
EBD
676
379
FD0
A99
800
0D4
7F1
6F6
236
9B8
800
D16
51B
609
5B9
CD7
80C
A7F
41F
7FF
145
DE7
800
C46
2C7
7FF
791
E3E
A3B
800
054
40D
2AE
EC3
992
90F
044
7FF
53F
1EB
A68
800
B06
709
7BD
15F
913
814
AC8
5D8
3F5
673
BE1
888
88D
35A
51C
7C1
D71
80E
F0C
087
62B
6E2
1BA
860
944
28C
718
460
06E
8D5
8A7
E2A
4A6
73A
14C
AF6
800
D0A
3F1
7FF
27C
B07
800
D74
4EE
7DB
4DE
D5B
800
D1E
43E
79D
773
CBB
800
8BD
F69
7FF
7FF
F11
800
880
1C2
7FF
460
044
97E
932
DA3
33B
7FF
FA4
B90
A71
FA6
55C
6C3
0F2
B2E
88C
E3E
3B4
7FF
5E5
0A0
800
BDC
37D
795
6D4
F6C
800
A33
109
78D
52F
F13
96C
800
130
7C0
6CF
DD8
DE6
86E
226
67F
7B5
464
AFE
800
B51
409
7FF
580
C0C
BB5
FCF
479
7F9
2BD
E77
800
819
17A
58E
5C5
E24
877
9A4
082
7FF
7FF
1AB
89A
800
D7E
71C
7C3
E6C
A73
800
03E
7FD
647
1F7
9F8
800
C48
447
5FE
2F5
A3C
9C8
AF7
1F3
7FF
10F
EEF
A34
C00
19E
616
4E6
0F7
840
812
08C
7FF
70B
F1F
BAC
ACF
FE5
7FF
752
1A2
B74
8CB
E4B
676
6FF
468
A85
83A
CCF
304
6B1
428
800
800
CC5
30B
78E
55D
E4B
800
852
5DB
53E
5CC
EF2
800
A42
0E9
7FF
7FF
183
800
800
E3B
74C
6E5
433
96F
8BC
CA6
4B3
5CF
0F6
C82
9A9
F23
EAD
7FF
1C3
F30
800
B93
2BD
7FF
4B4
F2B
800
800
1BC
7C1
60E
DF9
ABE
BE0
C06
784
6D5
077
9C0
800
C99
708
717
27C
AF1
974
D84
675
7FF
44C
DDF
800
CC4
217
51C
5D0
EFD
8D8
EC7
4E4
7FF
4BC
121
800
9A8
23A
7FF
5EC
129
898
CC8
122
5DF
5CD
079
B3E
878
C89
6B6
6E3
1FF
BF3
800
C20
745
7FF
299
E34
800
B3E
58A
59E
2A7
C8C
A93
A62
46C
7FF
576
BBB
AFD
93A
28E
7FF
426
DF8
800
800
D93
7FF
588
165
8F3
AD2
E29
7FF
520
266
D57
8D2
F09
722
7FF
3C9
A3C
86C
D92
3D3
7FF
515
C0E
800
B55
66A
156
443
FDA
800
B58
0A6
7FF
6CC
004
943
A2C
F5A
668
7FF
D8E
800
A88
EE0
124
597
095
C4C
800
FBF
7ED
658
2FB
D0E
800
D78
1E0
7FF
3C3
BAB
800
B15
0C1
50A
65C
C59
9D8
9B1
335
636
7FF
EA1
A06
93A
EF3
7FC
570
FF8
C13
9A6
E69
65E
6D9
15D
B7C
87D
F04
576
7FF
0EC
9D4
800
999
F47
79D
3BB
D6A
B58
C4B
30D
6C0
71A
ECB
800
82A
E43
7FF
6D0
146
C09
C22
03A
5F9
6FA
206
8D5
8AF
BE0
617
7FF
3AD
C0D
9F4
B4F
477
7FF
554
B76
800
94F
3F1
6E0
522
F33
800
B7C
253
7FF
665
DA7
800
858
20D
7FD
7FF
025
800
800
085
6C0
784
0B9
A15
993
D0F
5A0
6EB
31C
800
800
9D7
7FF
7FF
304
BB1
800
DBF
5F8
726
774
F84
87D
CF0
13D
7FF
77A
D89
8BB
B9B
FC3
6FB
7D0
16D
914
800
1C9
591
68B
183
800
800
DDD
690
6FC
2D7
936
800
F46
292
7FF
417
825
8CE
E44
29D
56D
639
BA8
800
C64
1A3
71C
1B7
FE4
B25
95D
326
6FC
605
DC4
8B2
991
0B1
7FF
6C0
CA5
87A
800
F5B
481
6EE
021
C12
800
D1B
7FF
7FF
151
BB6
800
E72
640
7FF
2F7
D26
800
899
369
7FF
2B5
CB9
8C1
A28
073
7FF
254
ED9
800
AC4
11A
56E
69D
EF1
81C
A24
1CF
7A2
748
18F
8D2
8CB
DBC
75D
7FF
336
A2A
800
A82
5F3
7F2
4D3
C0C
800
AB7
39C
7FF
49A
C5B
800
9BE
FDA
5A4
544
C42
800
915
261
7FF
638
012
8E8
800
020
76C
7FF
2CF
96E
8B9
FE2
78B
7FF
FC7
D19
800
EED
42C
67E
4E8
B03
800
E4A
5AC
576
4D1
ABD
800
CBC
004
26C
26B
ED5
A0B
800
1E4
7FF
7FF
0A4
800
B79
D14
680
7FF
3C9
800
95C
FEB
532
681
1FD
AF0
C0F
F0B
3FF
553
450
B88
912
E58
2D6
7B8
6CF
D7A
A90
B67
5B9
7E8
5BA
E03
800
B8F
04B
659
6C2
E69
9EE
905
005
7FF
6EE
D58
916
800
FF1
7FF
7A7
1FE
8DC
811
D99
5FF
7FF
37A
A79
800
BC0
1D5
7FF
3EC
98B
800
AF0
495
7FF
343
E91
800
B8F
139
7FF
5E6
EF9
800
8FD
13C
7FF
777
FF9
888
8D8
FE9
7FF
707
040
800
800
FEC
242
68A
03E
CF4
A06
8BE
482
7FF
4A1
B47
875
C63
47A
7FF
2D0
AF1
800
800
3B4
7FF
614
E78
800
85D
3A5
6DE
64F
077
B70
8CF
024
53E
7FF
0FD
908
800
EC5
586
65E
494
A5F
8BE
D68
4D1
7FF
EDE
C46
800
CA9
588
7FF
464
965
800
A5A
3F5
76A
351
C74
800
A55
1F5
7FF
48F
09F
B52
865
EF7
530
7CD
F4D
85B
B79
0E2
447
75D
FDC
AB9
800
AE7
587
7FF
28E
A61
800
BB8
3E2
49B
47C
A1E
800
A17
2D8
7FF
5DC
F62
800
B53
13E
526
625
E24
800
A48
26E
7FF
4BD
E4B
8F3
800
E86
65E
7FF
085
C4B
800
EA3
70A
7FF
11A
800
961
EC2
723
7FF
438
92E
800
AB2
78D
7FF
4A6
C4B
800
AF6
38C
643
40F
976
800
9D2
107
632
40A
0F5
800
8A6
E65
4C4
7FF
03D
9EA
8E3
E38
7C9
5EB
22C
800
848
CDE
4D0
7FF
245
A79
800
B79
7FF
7FF
3F0
BC3
AB0
BE4
241
7FF
5C4
C2A
83D
A1F
213
612
5C0
B2E
88F
8E4
04A
7FF
7FF
E2B
800
9DA
E3E
689
381
074
800
800
2B2
554
6A2
E3D
CB6
800
DBD
334
7FF
148
800
982
EBB
6FB
7FB
32B
E70
800
BD1
033
7FF
40B
D67
800
C2A
0AA
7FF
4D5
E78
800
9B2
19D
66E
748
243
80F
8A0
095
5B2
72E
09E
926
800
E7F
491
7C7
253
CEA
800
BE5
56F
7FF
184
A40
A1D
979
490
7FF
2F0
D86
800
D21
228
7A4
548
BE8
800
B81
F98
7FF
736
F70
800
903
3E4
5D7
7FC
1B9
A09
BB6
E41
49D
783
073
800
997
BE4
77A
641
373
BBC
983
EB4
448
7EC
2A3
F4D
921
C26
646
5BD
45E
DA4
800
C5D
3E2
7EA
653
D9B
800
913
DB0
7FF
578
FAA
822
B7B
0E4
7BA
51F
259
800
AD4
ED7
3B9
7FF
162
C19
800
B6C
538
7EA
51B
AB0
800
B08
24D
7F8
463
9FC
800
D59
1BB
7FF
725
F72
99B
C94
022
7FF
29C
EF9
800
9A0
136
673
7BC
0D6
D66
800
FE9
524
76A
1A7
A04
8A1
C0C
709
68B
47F
C75
87A
E7E
641
7FF
406
C3B
800
B8A
54C
7FF
603
D10
800
AD7
4EB
7FF
61F
D0B
933
981
2EC
675
607
F35
800
A6E
F8B
7FF
5E4
E26
900
937
004
7F5
7DA
F0C
97D
9D5
E32
2AD
673
F1C
800
ACF
E16
3CD
7FF
2AF
F27
85D
BE3
575
7B3
426
9FA
8C2
9B7
380
70C
61A
E7A
800
C86
2E6
5B5
6E3
049
800
97C
1A9
7FF
631
136
800
A2C
DDA
583
37B
2B0
AC9
800
FC6
681
7FF
08D
CCA
873
C8C
6D1
7FF
45D
9D8
800
ABE
2B3
638
48B
D8D
9D7
B48
01C
7FF
786
D5C
800
C65
E82
7FF
7BA
FB2
D40
A49
03E
671
7FF
0EB
800
A3D
F42
6AF
7FF
2E5
A92
AB6
B73
3FB
709
460
B7F
800
D09
466
7FF
268
8F9
893
890
51B
4E6
1D7
E14
800
DA3
329
7FF
58C
D38
9E1
C52
29F
5C5
72C
0FC
8BC
800
1E2
704
562
0E5
800
9E8
E96
66A
525
190
9A9
800
F91
2E9
6D7
404
BDA
910
D39
601
45C
3B4
D64
800
B37
50B
7FF
393
EAF
90E
BCC
71F
7FF
5C1
C51
800
800
202
5CB
72B
0F3
A34
A22
3D5
463
7FF
FC4
800
800
1C9
48D
41C
B97
A5B
900
EDC
7FF
7FF
50A
BE0
C3A
0FC
343
746
247
800
800
B52
615
7FF
5B9
AB9
800
A51
1E6
667
7FF
E11
9E6
899
22D
7FF
598
FAE
A31
A2F
0FC
7FF
633
E20
800
9DA
F73
72A
62A
59F
800
800
F7F
5B3
7FF
2F0
E70
800
F9C
646
7FF
5F0
948
852
BF4
460
7FF
4A3
AD7
800
C00
FDC
7FF
540
B71
800
B88
2DF
7FF
485
D20
800
921
141
7FF
7FF
F8F
99E
9FD
EB3
7FF
69B
EEF
8DC
800
DEA
5B4
7FF
26C
BFE
9B6
FDD
762
669
42B
A7B
800
A09
4D6
510
341
BA5
808
BC9
536
7FF
60A
C9F
8CE
800
230
798
521
F99
800
800
E25
5F4
7FF
FF0
9F9
9EC
E5C
7FF
386
174
AC3
931
E32
666
635
F59
AA8
968
D67
310
543
48D
92D
800
D0C
451
6EA
25D
B87
800
CB1
465
7FF
2D8
CC5
800
94F
2B4
7FF
4E1
FF8
800
8CD
F9F
7FF
58A
1AC
800
A09
0FC
5A1
3F1
FB5
851
800
E1D
54E
5A6
FE1
B2F
840
D1A
5CB
6FD
2CF
980
800
F34
277
639
321
B92
802
E87
5A1
705
480
E2B
800
AC9
4A7
7FF
6AB
DF2
800
A04
E44
5E3
415
F99
800
800
228
773
592
D7C
8BF
8F0
120
7AA
697
1CA
BDF
8D5
D55
491
7FF
0DA
9A7
800
DB9
735
5CF
340
CA0
800
B26
389
711
3C0
BD2
842
BAD
423
58C
73E
F2F
82E
8C7
290
5D0
6D7
DA7
D17
800
23A
651
7FF
F8C
800
92D
EF3
4D4
7FF
F01
A3A
800
D34
7FF
682
3BF
9EF
975
D12
455
7FF
3C1
C59
B27
C23
4DA
7BD
360
E27
800
970
2D9
7FF
5FF
AF9
800
F96
233
7FF
7C4
F2D
800
C2F
225
5AB
741
C13
90A
A43
024
7FF
78D
247
9F9
864
F3C
789
7FF
29C
B94
A97
FA5
4A3
7D9
10D
A98
800
D78
418
7FF
003
C1E
95C
C36
2AC
751
39D
B62
800
A67
424
7FF
765
CF7
800
A9F
F78
6D6
4DA
ED1
8AA
C2A
0F8
2FA
69A
0B5
800
967
DF1
7AA
6ED
0B4
B77
B68
F98
791
7FF
EAB
B20
818
E7B
660
7FF
171
944
800
E8D
4B5
17D
3E4
A0D
A0E
C01
6AA
7AD
52A
E34
800
A6D
42A
7FF
58E
F8E
8FD
830
20C
7FF
7FF
CE7
A02
BA4
03E
7FF
47A
E70
800
800
FFA
6B9
7D7
FA7
A43
893
EDD
5B0
621
1E6
87F
87B
B13
3C7
755
521
B17
988
8A3
364
7FF
FFC
D05
800
C3A
63F
7FF
7F2
DC6
87A
BB7
150
75C
3F2
E03
800
800
10A
7FF
625
199
935
800
0AA
7D9
7FF
125
800
800
F0B
667
60F
1A7
8A8
800
F8B
638
690
ED2
959
800
CD3
7FF
7FF
202
D9D
8FD
CE4
417
7B1
4EA
99B
950
BF7
4DB
7FF
466
DD8
800
CC3
DCE
6C4
311
E59
800
A39
F2C
7FF
4A1
EE5
800
828
D06
64F
7FF
153
84F
800
D5B
7FF
7E9
127
AAE
B8C
F2C
669
703
FE1
992
8E2
DE7
2C4
7E9
17F
E02
8C8
D1B
373
7FF
39D
EEB
870
97E
19F
67C
684
D0A
800
CB5
342
6E5
7BF
EB5
800
948
0AC
60D
482
F7B
9F2
800
F6F
7B3
7FF
398
800
800
F24
569
5E6
DD0
89C
B76
EE8
301
7FF
36C
DD5
800
AC3
448
7FF
0DC
A92
800
BFA
3ED
7FF
749
D2D
800
B1C
EB0
7FF
525
D63
800
8B0
168
7FF
613
D92
800
9E7
24A
5F0
5FC
0B2
800
800
DF4
746
7FF
06C
986
986
D3F
78C
462
F3D
A4A
804
A85
7ED
69F
2B1
800
848
E47
7FF
49B
709
9F1
B0B
B40
464
7FF
720
E64
847
CD1
2A9
7FF
376
CCD
955
D1C
34A
646
5D7
FC5
800
93B
0CC
7FF
7AE
0AA
C24
8B9
0E4
6C8
64F
152
D25
800
003
5D1
714
155
C75
A16
059
3AF
749
38B
AFC
A04
E07
33D
7FF
375
B97
969
9B4
561
7FF
4C6
804
929
B5F
107
55A
7EF
D89
800
97A
339
7FF
647
04A
A11
BFD
F60
7DC
38B
122
8A7
A54
129
711
7FF
28D
911
B00
DB3
460
23F
313
800
B5D
BE9
427
7FF
2AD
B59
8F1
C81
32C
7FF
242
A5E
8BD
E87
379
79E
494
E7B
800
8F1
428
74A
7FF
C1B
C2F
B3F
0F7
7FF
5D3
A18
A7F
BCF
334
7FF
57C
F2A
B3A
807
0D3
3F3
670
135
958
800
E92
60D
453
09D
800
B00
DA9
3E1
7FF
21A
A7C
800
C8F
644
7FF
2A1
96D
800
80D
4BA
7FF
5E6
D6C
8CC
B66
38A
692
610
BDF
800
800
1EF
410
75B
DDF
92B
B50
092
731
442
244
90E
B83
F9E
658
512
29A
A2C
AF3
F96
7FF
686
F8D
8C6
800
12E
2E2
49B
352
877
800
003
4D6
7FF
08E
B9E
800
88C
397
735
1C6
ABA
C70
C8D
34F
7FF
498
BA0
A36
B76
1A9
659
3E3
D7C
9E9
AB9
3F5
7FF
3C4
D08
800
A08
F08
7FF
7C8
C8E
82B
A8A
0B1
7FF
69D
146
9FA
90D
EBE
59D
61A
037
C62
93B
E35
64A
7A6
F90
ACC
B35
C69
404
7FF
451
CFE
8A0
8F0
392
790
290
91B
93A
9D3
231
7FF
5D0
BF7
A52
95D
0E1
7FF
45A
C4B
95D
A6D
072
793
7FF
FB6
800
800
F54
635
7FF
01C
949
934
D68
51B
5CE
20B
85F
ABA
E04
7FF
7DF
18D
929
800
CCC
465
7FF
3CB
C96
A3E
CCB
768
7FF
164
C78
800
A76
436
7FF
449
D26
A00
800
28E
7FF
3E6
D0D
97A
8C3
266
7FF
7FF
D77
951
B36
1D0
696
3E9
EE7
9EE
800
D27
7FF
7FF
321
800
800
0BC
77C
7FF
2E1
B4C
9E7
FE6
5BF
7FF
140
93D
A03
B8A
5B4
55B
270
A42
927
96A
369
7FF
49C
B1C
8E9
AED
27F
7FF
33F
CB7
800
9FD
25C
362
7DF
C78
85A
BC5
23F
7FF
64F
CF9
BC7
A58
1B5
7FF
773
03A
9BD
BEE
EAA
659
755
ECB
A49
800
FBD
690
76A
065
ADB
ABF
EFC
546
7CB
366
800
8D3
E29
167
685
340
DA0
800
860
372
7E5
309
034
B3B
C84
158
631
364
A5B
95F
951
063
7FF
37E
0C9
9F7
BC7
1F5
653
58B
DBF
B3A
800
2B7
6AC
5F7
23D
800
808
059
7FF
713
04D
B61
800
DFC
63B
7FF
294
C8D
800
982
46B
38C
322
9D4
800
CB0
6A7
7B6
798
A25
800
D69
403
707
306
CC6
8F6
E3E
EB6
58B
71A
C17
800
A4F
030
6C6
6D0
CE8
924
AA7
046
1C6
782
E8E
9B4
96D
242
638
7FF
0B0
800
A3E
039
7FF
626
34E
983
979
CD9
7FF
7FF
231
910
800
CE4
46F
413
2BD
9C8
800
CB6
63A
7FF
2CB
D11
800
9D4
2A1
7F2
4D5
B32
800
993
1D3
5F0
7FF
A55
800
C37
2D0
7FF
389
EC7
87A
800
095
7FF
535
E1A
800
A9E
F57
71C
5EB
F67
8F1
A92
EF7
692
7F2
FF7
ACA
800
020
67C
6F7
262
9B0
8E3
DA8
7B4
76A
1C6
A98
8FA
DD8
2A0
7FF
0E7
AF1
9A7
80E
225
7FF
5F3
C0D
800
C54
552
7FF
4AE
C98
907
985
27C
7FF
6F9
075
800
D0E
FEB
5B0
7FF
DA9
B2B
800
072
655
4C7
172
8B4
800
DD9
6D3
73F
EC3
9AC
B92
E7E
55E
798
EC1
A91
9C8
D15
7C5
7FF
219
A23
800
E53
7DB
7FF
5C1
AE3
800
B78
3A5
7FF
288
B6B
800
C79
22E
643
5BA
EC9
800
BBB
EF2
7FF
66E
E9F
9F8
A40
4B0
7FF
4E9
969
800
96D
EA9
72A
7FF
EC7
800
8B6
40E
507
7FF
171
8CF
9D7
CF1
69F
7FF
1FB
C01
800
A53
7B6
6AE
2F1
9F4
800
CE5
586
4DA
162
EBA
800
DE8
34A
53A
595
B17
800
B45
2D1
4BF
6B4
B91
AF0
9B2
447
7FF
3C4
DA1
800
D76
21C
50A
528
DB5
A20
CCA
F68
5CD
56C
EBE
856
B23
F2F
638
5AD
1B2
8F4
912
C62
79D
799
1B5
80E
940
EAD
5F2
710
324
E33
9EE
E3D
5BC
7FF
D1F
C10
8BE
FCB
432
670
085
BFA
827
CDF
08A
7A4
599
9B0
91C
C8D
383
7FF
437
DDA
896
C9E
576
77A
5E7
B1A
985
B75
30A
7FF
6F4
F58
800
AA2
F77
630
7FF
213
934
8A0
0AD
6DE
38F
1BF
B69
800
E26
532
6B7
44D
935
924
D55
49A
7FF
189
E46
961
CFB
642
7FF
26B
A75
ADE
D44
295
7FF
43B
D62
903
C2F
036
67B
4D1
CEF
A3B
B60
443
7FF
7FF
C7D
8FA
B5D
4E1
7FF
39B
CDC
83A
80C
E9E
7FF
7E8
D4F
8E1
862
0E3
73C
64F
F7C
800
AD5
C5F
7FF
6F3
207
9E3
ADD
1A3
157
492
26F
ADB
800
C75
7FF
7FF
200
934
8F8
D0C
4D0
7FF
02F
E69
800
CB4
59B
7FF
495
A7A
947
DAC
5DD
7FF
3F9
EFE
97B
AD8
2CA
799
391
D5D
821
AEB
11D
353
74C
DA9
92C
B73
30F
621
4E8
F31
8CF
8BF
168
481
787
ECD
800
800
046
746
79B
022
818
800
F23
404
7FF
008
9B4
878
D43
616
78D
301
A1C
A67
BD1
33F
7AE
542
C50
800
D6A
099
6C4
392
BCD
800
A36
6C7
7FF
448
C3C
A37
AF4
147
7FF
3AB
C2E
AD5
A11
3A9
7FF
5A8
E97
B8A
8A2
F90
7FF
7DD
0C7
800
800
F26
74C
7FF
C02
8B5
869
E3C
53A
731
226
AC6
B47
F60
3FE
7FF
F62
C00
800
9EF
4D1
768
548
D29
800
97D
669
7FF
1EE
B7E
800
A40
63E
679
306
CE5
800
C61
07B
77C
428
A88
9F9
B65
3A4
7FF
468
BC8
800
B0B
516
65A
2FD
E9A
800
AD4
D7F
7FF
442
DEA
A4E
A69
FAA
7E6
5AB
F88
A84
800
F3A
725
572
0C2
9F1
844
D8B
642
7FF
34E
AF8
800
F3E
3FF
7FF
110
C47
89D
D5B
69C
7FF
465
8CF
886
E17
0ED
671
FBE
C02
800
9EB
4BD
7FF
24B
B92
800
800
11C
7FF
673
01D
800
88C
461
7FF
7FF
D58
800
91D
391
7FF
56D
D07
A3D
B9B
27B
7FF
7FF
DE0
8DD
8DD
065
641
7FF
D94
962
CB3
D20
7FF
7FF
2FE
A5C
9FB
DCD
369
7FF
4BA
AC8
800
E73
473
576
1F4
9DD
8E1
C3F
493
7BE
386
A9A
B3D
B1D
214
6A4
51E
890
9F1
DD4
11F
622
517
AF9
997
9BA
15A
7FF
2A2
C71
9F1
AB1
157
7FF
7FF
A8B
800
ADB
EA3
7FF
7FF
02B
95D
A9B
D76
585
7FF
1DA
98E
A87
0AC
6BA
559
089
83C
980
F3A
558
695
402
9F7
8F5
024
318
7FF
2BD
B62
94F
C93
3B3
7E0
2EA
9AA
800
CE5
5BC
781
107
EEE
800
AEA
4F9
7FF
5A3
A95
938
C86
57A
7FF
3C9
DCA
9E4
B5F
F40
7CC
5E9
C54
CBF
A89
32C
7FF
6A2
C57
972
862
1E1
7AB
7A4
058
800
B4C
F6C
7D9
45A
041
800
A19
165
3E1
42A
116
861
800
D5B
4B7
675
2AC
ADE
800
AF6
601
752
389
C82
89A
D15
38F
770
214
B38
9DB
B5A
34A
6EB
337
894
8B0
AFE
5F0
62D
23C
B11
9F1
B8F
32C
606
450
CBE
9AC
C13
EC8
7FF
6FC
DC5
800
A2A
3C8
7FF
527
DCC
A11
800
194
37F
5CD
0C0
B4C
A0C
067
7FF
5AF
F25
800
AB9
245
7FF
7FF
070
892
87F
089
7FF
7FF
E1C
97A
800
F4B
5FF
7FF
28D
97A
800
C39
3BA
7FF
312
8F6
800
FBC
6BA
7FF
22B
C87
800
CB2
0D9
6E7
1C6
C45
800
F32
40C
7FF
55D
E64
8A0
AE2
26A
7FF
44E
D31
998
88E
29D
7FF
607
D39
800
804
3D2
65E
71F
29C
89B
99E
125
54C
7D3
F77
800
9D6
23A
791
7FF
05A
9A9
839
DEE
44E
7C2
FFF
940
800
F29
790
7FF
39A
8D7
B36
DFA
5A7
6E4
21E
B53
800
D55
666
514
3A3
C93
906
EE6
495
57B
251
B86
800
CA1
5AF
7FF
333
EB9
A2F
B90
49A
4FD
6C7
06E
842
B42
161
7FB
7FF
11D
9D0
A33
108
7E7
480
DAF
899
800
FEB
494
6C0
E60
AA9
800
100
47E
7E0
F4D
800
800
F9B
5C4
408
220
8F7
800
F5A
79D
7FF
0C5
B62
800
14B
366
7FF
1E5
DFD
800
BD4
4DB
710
430
BC5
800
C4F
4E4
3AA
18E
BB4
800
81B
368
7FF
332
AD5
85F
AF8
20B
7FF
4F2
ABE
83E
9D9
571
78E
630
E08
B20
CE3
0B9
6CC
732
DD2
800
A7B
2D5
410
7FF
1DF
800
800
435
7FF
7FF
E14
800
B73
FBD
7FF
468
01A
C02
BF4
BBE
561
431
27A
800
800
CA6
68F
5F2
292
9BC
800
FFD
58D
7FF
0D0
AB3
800
BB0
656
7FF
1C5
D3B
886
E4B
3AF
689
277
B12
800
9BC
2C8
5AF
4A2
E11
95D
B6B
5DB
59D
550
DA8
87C
89D
371
55A
647
C06
800
979
0BE
772
3E0
CB2
800
A25
042
7B4
696
EF9
800
879
ED2
695
6D9
EC0
C98
A2E
D40
751
7D8
FBD
8F9
800
102
6C2
7FF
0D2
C10
800
F9F
51D
7FF
243
A7B
A27
1FE
793
7FF
10D
EA7
8DE
BEF
449
65F
097
B00
800
B03
2FD
7FF
0EC
DB4
800
BBD
5BB
7FF
374
A0A
990
C14
471
7D5
56C
D1C
91D
ACB
1EC
7FF
4C6
D5E
800
C4E
3FA
7FF
504
ED0
8A9
97F
01B
76E
598
F2B
BC4
800
006
755
578
F27
826
868
D5E
755
5DC
10D
ACF
800
E26
7FF
7FF
24A
800
B85
C40
668
5B9
340
8F7
800
F98
636
724
050
CAB
800
AB1
527
5A4
1CB
BBE
800
C1D
5C0
64E
28A
BCF
800
AF2
40A
7FF
47D
B8E
800
A7B
456
5EB
2A9
B2F
9B0
C80
41C
7FF
65F
9F6
A6E
9B1
1AC
7FF
550
BD0
800
A19
48D
733
5B7
B36
85E
A29
EFB
7FF
5EC
12E
823
9CD
F94
76C
3AB
DED
800
800
079
5AC
7FF
ECB
800
8F9
F8A
7FF
7FF
401
AA9
8B5
ED2
586
763
2C0
DD6
9BF
E7C
5D1
739
31E
B8B
934
047
41A
7FF
3C3
A1A
800
CB3
48C
7FF
3EF
C30
AC2
B75
392
678
4D8
CBC
800
C59
24B
774
5BB
CC1
87E
C51
4DB
7AF
5EF
DC6
800
959
351
7FF
4A6
F0B
83A
D9B
1C4
516
610
EFE
800
8A3
193
7FF
546
D10
B9B
800
1A2
7FF
7FF
FF6
942
93F
CC5
706
6CF
080
90C
800
E64
7A1
7FF
486
800
800
D0D
603
79D
3B4
B69
800
D45
587
69D
229
9C5
991
D1C
2E7
767
3C2
D0C
800
D31
501
7F8
181
C93
818
D67
52A
7FF
0B2
DA7
926
D77
2E9
72A
479
D3D
A37
C20
134
7FF
45F
FB8
800
907
000
7FF
567
CB4
A13
B0A
2A2
7FF
298
F0F
800
8A2
176
45D
7FF
FD8
800
883
F5A
60F
7FF
F3B
AC4
9AB
327
7FF
5F6
089
93A
A02
152
7FF
779
F56
A7F
A06
02A
57B
78B
26A
800
936
F47
7FD
4AB
373
800
800
C70
45C
6A7
1C1
B96
988
D5A
540
4FD
24E
A33
800
A5F
483
76C
56F
D70
A21
C0A
4A8
6F7
4FA
C77
894
B9D
39A
6D7
4BE
C24
800
9F8
4AF
7BD
5CF
F56
9CC
922
3A2
7FF
3CB
BDA
800
BCF
518
704
769
EFF
8DA
9FD
334
677
59E
E74
80C
936
EEF
7FF
70B
04A
9B0
800
E46
71E
47D
129
8CC
8B5
DD7
757
7FF
041
CA2
91E
CED
5AF
64A
419
800
800
0C8
745
7FF
4FC
A7B
800
B92
441
7FF
385
9E3
8F3
DAE
5B2
7FF
27C
B96
800
D2B
692
7FF
6DE
BA0
836
E86
54F
7A8
4C5
B7F
800
A28
375
7FF
58E
A75
800
DDA
5CC
65C
64B
E48
A05
AEB
25D
7FF
05F
E7C
81A
9DD
33C
556
7FF
CBD
871
B45
2A6
5EC
5BB
0BC
A0A
A1F
036
749
4EC
FBA
800
BB8
FC3
559
7FF
F6E
800
9ED
FE3
6F3
470
29E
912
815
10B
705
74B
0D2
A5B
84A
ECF
7E5
58C
399
CBB
8D4
E88
5D9
4FD
45D
9ED
800
DFC
5C7
7FF
308
D3B
800
A66
244
795
3F7
9B3
800
D5C
32E
7FF
3EB
BF2
8EA
AD2
6E3
7D5
3F8
D5D
800
D72
112
7FB
69D
BD8
866
C40
33D
7F8
5A8
E89
839
B56
487
66E
45C
DAF
B05
800
451
7FF
63C
E7B
C27
C44
ED7
68D
633
E5F
C4E
891
228
7FF
459
162
814
806
142
4F9
7FF
F26
BE6
800
FEE
509
7FF
0FA
A22
95C
056
646
626
145
800
858
B25
4DD
70F
2AB
ADB
800
F0E
399
7FF
299
BE6
800
AD3
70D
7FF
3F6
E39
800
AC3
5BC
7FF
3BB
F54
8F9
D44
24C
7FF
6FB
DF9
A3E
C8D
0F7
7FF
3E5
CAF
800
C08
22D
7FF
4C2
B9D
800
C2A
4AF
7FF
550
E7D
955
800
0A3
629
4A3
E96
800
8A0
3AB
7D3
4B6
F61
B76
800
191
7AB
7FF
062
ABA
A93
14F
5B9
7FF
05F
913
D24
094
621
7FF
118
83F
800
F5C
6FF
7FF
166
B11
889
074
6F1
6A4
284
9B4
8BE
FC7
5FF
7FF
3BA
8AD
9E2
E41
2C8
3F6
562
CDA
B5C
D86
440
65E
46E
B83
800
BC9
439
7FF
474
CF7
8ED
87A
5AE
69D
0D2
DD0
800
9A9
44E
740
3FD
C7A
A26
D88
664
7FF
3A4
DEA
800
C31
308
7FF
547
C58
8EC
AAB
194
7E6
537
04C
8F4
9E2
423
76A
723
E4E
800
800
16E
7AE
7FA
F1C
85C
960
212
79B
52F
DAA
886
9B0
FEE
77C
7FF
FD1
A98
9F8
DB1
4DD
54D
1D9
C13
A6B
EB4
74A
701
3E1
C08
924
E61
655
698
16C
800
845
F9C
649
56E
21C
BC5
A9F
D93
574
7FF
498
883
800
B27
4C0
6DC
112
B67
800
D13
612
56A
301
ABE
800
BF3
648
6C4
6BA
A59
98E
CF2
60F
61A
45A
A2E
800
B29
335
7DC
78F
FBD
817
800
262
502
661
DE4
800
BAA
1F1
7FF
66A
0A3
800
966
098
549
755
F05
9A8
9CF
1B4
7FF
3D3
06B
9CB
D41
44C
7FF
7FF
E46
A08
A60
067
7D6
65E
E56
9B5
81D
285
7A7
6D1
17B
ACE
800
F94
632
7FF
098
9A3
800
F92
5DF
7FF
510
AFA
A56
0C6
563
7FF
19A
8C0
8A1
DC2
380
7FF
04D
90E
934
B44
6B6
75D
5AA
C1B
800
DDF
4D3
7FF
2A3
AB4
8D8
C97
31B
61F
2F1
BF5
800
C89
29C
74E
581
BCF
800
ABB
4D1
7A5
162
D61
802
CE7
2A5
7FF
459
C78
877
B05
319
5E5
74E
000
85A
A47
4F4
7FF
3DC
D91
8FB
BE4
F46
560
46B
EF6
800
800
323
7FF
5AC
0CF
8F8
9DB
FED
7FF
65F
DB8
980
B8E
FA0
79A
48D
15B
85E
A1A
027
7FF
734
EB0
800
940
EF7
7FF
5AE
2EB
8A9
8CE
1A0
7A0
7AF
EF6
87B
98E
DEF
39A
7FF
0A6
AA4
917
12B
73B
78B
28F
ADE
800
D68
452
780
2C1
A8B
940
EC5
546
7FF
5AC
B6C
B90
DFF
7B0
6AC
3B3
DA9
A7B
AD0
291
7FF
439
D36
8A0
A1C
45A
7FF
646
F03
983
B17
24B
7FF
3D2
A43
839
B54
3B1
7FF
552
B7B
997
861
231
7FF
192
E38
9A5
C19
368
49E
584
BF5
A82
A41
49A
703
49E
F5E
800
893
050
7CC
5D7
099
A91
996
1E4
7FF
4CC
FD9
896
B7E
E2F
7FF
56B
275
9F5
800
202
66C
661
23A
929
A85
0BC
4E5
7AF
F45
800
D4F
E53
47C
7FF
E7E
9D4
98F
F27
492
470
2FB
8B9
897
F23
7FF
7FF
0A0
A89
800
EFB
47D
78A
44C
BE3
8B4
FA5
349
7FF
EDC
89D
99D
ED9
648
7FF
1F1
BD5
800
C7A
319
7F2
483
CF9
8CF
CC7
233
7AE
477
9F6
9AB
973
518
793
24E
DDA
800
CEA
2A8
619
543
BF8
800
BE3
1B9
582
603
AB8
800
B90
37F
7FF
708
C2C
800
888
E22
7FF
2D5
D82
800
BFA
146
7FF
5B0
F7F
8FC
A88
E37
783
668
F1B
8DE
800
2FF
55D
762
F0C
852
800
E25
793
5E0
BCC
A81
916
E34
7FF
566
19B
800
9AF
F20
63D
770
FA2
C70
939
F70
744
6F3
381
A35
BA1
F94
4C0
7C7
209
8D0
DB1
E36
54A
7FF
001
973
8FB
02C
61B
7FF
EC1
B4C
800
E13
26A
7FF
352
880
B1B
C06
4D1
7FF
441
B5D
8E9
CA6
2D7
713
16A
DE0
84F
FA7
510
7FF
517
D6C
800
C30
296
762
47E
E39
867
BD9
557
7FF
36F
B92
84A
C43
321
7FF
4E8
D2D
8AC
BB5
1F5
7FF
7FF
DA9
800
A24
1B5
7CE
674
DCB
8A6
D2A
091
7FF
4E4
EC2
A90
8F5
0D6
711
4EF
B75
800
AC8
347
7F0
4F1
EDA
A0F
9D8
1FB
756
713
23E
88B
9B3
029
4CF
7FF
F4A
800
800
08A
7FF
52B
F69
BD7
B47
ED7
7FF
792
086
800
B28
F69
7FF
638
260
D02
800
C0D
6B0
469
269
A57
972
0A0
4F8
632
185
90C
873
F4B
73A
5A1
0EE
8B7
83D
C21
2BD
673
15C
8A1
96A
AFA
7FF
710
50F
B34
800
DB9
409
7FF
F9F
BD1
BD3
D27
754
767
48C
A67
800
C77
597
7FF
304
A41
800
B4F
273
7FF
735
CA9
800
AD5
4CB
7FF
3CD
BC6
A20
D62
143
6A6
4CA
E7F
800
C0D
1EC
58B
31E
C4D
89C
B7E
0B0
7FF
675
AAA
A53
800
2C9
618
6CB
FAD
B3B
BE9
1CE
704
66C
D20
800
A31
1AB
7E9
662
D45
937
88A
134
7FF
591
FF1
800
850
0A6
5A0
4BC
E62
C9A
979
FAC
687
516
092
800
B98
5B5
7FF
7BD
EED
85A
800
3E3
7FF
69D
FA5
E11
986
F54
7FF
6DB
2E6
895
980
EE8
7FB
6E9
287
95F
BA4
171
6D7
7FF
FC2
88F
955
CCF
700
7FF
EF7
958
800
DB6
735
7FF
106
875
800
E85
3D7
7FF
0F6
C24
800
DB4
3EE
7FF
55B
B4F
800
C4C
287
7FF
598
827
B0B
E3D
482
7FF
505
BC3
8FD
DBB
2EA
7FF
1EB
F0E
A47
B8D
459
7A5
35E
C2D
9EE
E4B
598
65D
62E
D74
931
CF9
0EF
7FF
552
DCC
800
CA9
4E6
7FF
3FD
BCB
94C
938
29C
4A5
3EA
EA1
91C
800
0DB
5F2
4E4
D5E
800
B84
262
7FF
715
ED3
BC2
AD5
319
7CB
4A6
D7B
800
925
04E
7FF
76A
000
8C0
C65
181
7FF
50B
19C
85D
945
269
3C2
51F
187
A49
B98
0F4
7FF
7FF
F9D
8A6
A0D
FAD
5A5
7B4
C78
B51
C94
038
41A
793
0D0
93F
800
F46
7FF
787
C3A
A29
875
06B
4FD
7FF
315
AE5
B01
A92
7FF
7FF
2D3
A40
9AB
E84
736
7FF
E59
A88
8E9
E7D
587
7FF
0FD
B6A
800
FD9
2EB
7FF
222
800
800
F7D
0EE
7FF
0C3
CD7
96A
AA3
72B
7FF
5C6
876
8E5
D4D
592
7FF
3EA
AA6
817
96B
3C3
7FF
155
AD9
9EB
DB8
4C3
7FF
24D
051
800
D68
4EB
70A
2B5
A7D
800
A46
37F
687
441
023
CA2
895
35E
7FF
552
BD5
800
B60
1EC
7FF
331
A56
800
AFC
476
7FF
7FF
B6C
A7E
B29
202
7FF
5AC
DE6
AB3
B26
51B
6AC
4AA
E55
85B
A71
1C0
79D
73F
148
800
A57
053
64A
7A1
E44
9DE
A96
05D
7FF
4F3
EE2
A11
B16
22D
7FF
663
DC6
8C8
A97
242
7FF
7FF
033
98D
985
1E1
7D6
78A
F78
B42
A9B
0D5
726
64C
0B4
9C9
A43
133
6B7
5AD
027
800
C55
0EA
7FF
135
20A
807
800
F7F
5C9
7FF
234
976
8A5
0DE
7FF
5A7
43C
8F9
9A4
DBF
5EF
67E
1CE
BDC
97E
E0F
5AA
7B7
3F6
8B6
800
DFB
537
7A4
2D4
A11
800
FA0
411
7FF
F5F
8D8
9BF
C3A
1E2
7FF
F57
C3D
9D9
BC0
47A
7AD
329
8AB
87A
AA9
7FF
7FF
1DF
D2A
800
CCE
44D
7FF
2FF
D5E
800
B35
579
7FF
011
A02
851
D93
58E
7FF
48A
BC2
800
AD8
51E
7FF
3D6
DA1
800
D2E
5CE
7FF
416
C99
800
C02
1FA
7FF
31E
CB8
A71
E1E
6FF
3C9
44C
B52
800
AA4
38E
588
7D1
D7F
D39
CDD
50E
44D
7B3
969
800
A56
1E2
7C4
550
F04
987
A94
38F
79E
59A
07F
800
9E9
06D
757
602
D95
800
A11
0C6
6F0
7FF
D31
899
AF8
FEE
7FF
7FF
EF1
975
800
ECE
779
61D
04C
800
8DD
0C3
7FF
7FF
DFE
AD9
82E
3B1
755
3A1
243
800
800
0F5
7CC
642
069
874
85D
07E
7FF
6E1
26B
800
AB3
23A
611
732
F7F
800
A68
CC2
629
716
46C
A33
B35
DDA
789
674
02C
B11
828
C4E
3E7
7FF
E53
813
800
D3D
7B8
7FF
068
800
800
E15
535
53B
F76
845
934
FB4
642
5C0
1B1
BE5
800
153
33A
68D
0B3
8BE
800
EE2
489
778
2BF
8C9
800
DBB
58D
7FF
124
A7C
8B7
E53
2CB
7EE
224
9CD
9A2
996
5FD
618
FFA
885
8D0
F23
3A5
7FF
0F0
E74
800
E7B
570
7FF
3D2
DAA
863
DEA
4F3
786
34A
C77
9D5
FE9
1C4
7DF
780
B1C
800
D66
16D
7FF
40F
BB3
800
A00
220
7FF
3EE
D63
88F
F65
657
6DF
28E
DA9
800
D64
37B
7FF
478
D82
800
AB9
348
7FF
4C5
C68
800
C9A
114
6A8
53D
C7D
A2A
D05
50C
552
441
DC8
C4D
A5B
339
7FC
424
C8F
91B
940
3A7
7FF
51E
06E
800
BFC
162
478
537
B2F
B8C
896
F5E
7C2
3CD
ECC
85D
E92
0D6
7FF
719
C9E
800
89F
1F8
6BF
45C
E3F
800
AAC
057
66F
669
E20
893
800
14F
52D
7FF
1E9
800
9D9
29D
689
5CE
E06
83A
943
F29
79B
766
CF9
951
B7B
266
590
755
F9A
858
970
E72
5CB
7FF
D30
800
8B7
F4A
7C5
44C
DAD
8BD
848
DBD
249
2CE
045
C47
A12
ED9
7FF
6FA
F2A
97F
92F
1C8
639
7FF
BB2
82A
909
0D1
608
533
F93
800
972
C40
70D
7FF
F1A
934
B25
023
659
7FF
F40
800
96F
E22
7C1
63E
FD6
AA9
87A
049
73D
6AA
38A
996
8C7
FC4
6C0
7FF
FBA
881
940
F27
7C4
60D
149
935
800
ECE
4A5
6C6
2C3
AA2
800
B8A
705
7FF
367
DDB
95F
04E
403
7FF
2A4
800
800
E4D
4B9
7FF
11F
8A0
84C
B37
482
713
2B5
B6C
8A1
C8A
539
6F5
223
BF9
800
E56
3C3
645
E3B
A2D
981
D78
500
623
69B
9C1
A47
A08
67D
7FF
331
BEA
96E
C39
456
780
4BE
9FC
9A5
DEC
2E9
7FF
3C6
B05
800
C2A
310
5EC
15B
D02
800
EA7
340
7FF
2CD
BBF
800
C44
431
7DB
5DD
C09
932
D9B
191
7FF
3AE
E5E
819
D4D
19D
78F
3AE
ECC
800
D28
341
7B9
50E
C7E
800
B93
2D1
761
3A6
CC8
C2E
F28
FA9
7FF
3B5
AE4
A26
B38
524
70F
55B
D01
871
CE3
321
63E
6A2
BC4
800
BA8
3F3
7FF
4AE
C4F
99A
A89
399
7FF
351
F2B
800
B37
511
7FF
29E
F4E
A1A
800
2C3
363
7FF
FBA
800
D19
341
5F2
609
0A5
800
ADE
FDB
7FF
7FF
EC9
92B
8D3
0CD
7FF
50D
F4E
800
800
343
7C9
7FF
18C
AE6
8F6
27B
557
683
BB2
800
AB0
328
7FF
5C8
BA5
C18
8F9
053
7FF
49F
D8C
903
86F
EF0
7FF
11F
DD8
800
A0F
04F
7FF
5EE
D71
82B
957
13A
773
4B3
1F7
A63
BE1
115
7FF
585
F10
86F
9D4
FB7
516
7A1
178
92F
800
F0B
7FF
743
E36
90E
800
042
50F
7E5
FE4
A00
AF6
FE2
68F
799
0CA
8D8
9AB
FC5
7EC
7B4
FBE
800
800
F28
3E3
590
F1B
B89
B3B
059
7FF
382
14F
A8D
921
EE0
5EF
6CE
214
866
AE7
DDA
794
701
F56
8EB
94F
F2C
597
6BD
150
921
91D
DC3
620
562
4E7
800
914
DC3
622
7FF
278
8ED
A1E
EDD
6FC
6BB
0D4
993
966
238
7FF
7FF
ED8
A4F
857
1E4
6D6
728
FD8
A94
884
F2D
59D
754
230
948
B94
E23
2A7
7FF
3D9
B2E
800
F89
776
7FF
1A1
920
86C
E11
72E
7DF
21A
B11
800
F12
53C
7FF
181
800
993
CBB
526
648
35C
DAF
800
DF5
7FF
7FF
23E
A07
800
9F9
673
7FF
00B
8F5
987
97E
649
7FF
316
9DF
800
D35
483
7FF
43F
C31
800
A25
6A0
7FF
334
C8B
956
98B
7F3
7FF
1CE
B30
800
D02
460
7FF
17D
DE4
82E
878
434
7FF
1E0
A49
B62
BF5
3CC
7FF
39B
AED
899
E89
347
7FF
2BD
800
800
D0B
5DE
69B
35D
B56
800
D3F
553
7FF
541
B11
800
D21
2D1
7AD
525
BE4
800
D36
6B9
567
44D
800
800
C8F
541
7FF
333
CBE
873
D07
3C7
7FF
2D5
915
800
B02
4C4
7FF
2B4
F02
800
BB2
7FF
530
19B
A66
800
A71
3CD
533
7FF
C36
800
BB8
57D
6E1
16C
C64
8C8
B4B
0E9
7FF
365
D0C
800
BB0
264
463
308
D8C
800
A65
43F
7FF
4E0
C16
A32
ADB
6D5
4DE
59F
E4D
800
BC2
215
7FF
6D1
D36
800
96B
38F
7FF
7FF
F96
953
9E6
2B0
59D
37F
1CB
993
CF5
6B0
7FF
290
C24
800
AAD
0E3
7FF
7FF
A58
800
AE1
342
79C
656
C15
800
B03
459
7FF
307
D91
97D
BCE
22A
7FF
36D
D08
8DD
BB0
28A
7FF
46B
FD2
800
BDB
247
7FA
40B
C7C
800
9F9
2C9
7CE
48D
CD5
800
CF7
144
7FF
735
FDB
800
A9F
EFD
639
505
D0D
989
931
0B5
50D
53D
EDB
800
87C
1E5
7FF
7FF
BDC
A31
919
5A4
76E
3B9
E02
800
946
1EB
7FF
4E7
CA8
800
B28
46C
74E
63B
F9E
B5D
871
152
7FF
749
038
968
B2A
579
7FF
5B6
F7D
909
AAC
2C1
7B6
3A4
CC5
800
B55
49F
7FF
557
F3B
9B3
CBF
21A
762
422
DD6
8A1
DE3
11D
698
4A0
C9B
845
9FB
187
6F5
6D6
E8D
9E8
B63
396
7FF
7B4
B9C
892
9C1
172
7FF
4D0
003
A30
A1A
2D6
1A0
5D6
C22
927
B28
2A9
4BC
319
BE1
800
881
EC3
7FF
4FB
D0C
8F7
873
098
7FF
654
B64
800
A58
7FF
7C5
7E5
165
89B
A73
2C1
7FF
68E
F3D
A9B
A4B
30A
687
74C
DD6
800
A86
199
7FF
36F
D48
800
D1D
38E
72A
7FF
00D
800
BC8
456
47B
7B9
DA2
92E
800
1BE
6CB
645
DA4
800
9CB
226
60D
517
E8D
862
890
1EA
741
7FF
DD5
9ED
AD2
31E
7FF
59C
F75
800
9C6
0E8
7FF
5FD
08E
929
AE5
4D3
7A9
7FF
FC1
800
BAD
35B
7FF
72C
FD5
C7A
8DA
FB5
7FF
6AA
284
870
9C5
350
567
3C0
FD2
800
AAE
EA7
7FF
7EE
101
800
AB2
2B2
712
595
E2D
B02
800
415
6D6
690
D96
8AF
818
026
7FF
441
E63
8A0
A2A
F51
7C1
624
EC0
8D4
913
E3C
7FF
7FF
16B
890
83D
E96
533
4FB
FAF
924
956
F74
419
527
01D
8DB
9EC
208
77C
54E
FB0
800
800
033
7FF
4E5
117
9FD
800
3E7
78A
724
D71
AD1
C38
FF0
7FF
287
BE5
958
800
0EC
7FF
7B2
0C1
800
99E
049
7DF
7FF
EEE
800
984
F4D
4C5
393
FD1
800
838
293
630
441
C54
800
A9D
203
670
640
FFE
800
A04
150
797
6A7
F25
B50
BF5
2A9
7FF
60B
EFA
A76
9B8
2E1
7FF
4FC
096
800
872
2B0
478
5D0
089
9FD
800
159
5F9
4A4
CDA
A31
ACD
E55
7FF
50B
14F
800
8ED
094
7FF
7FF
B87
8BC
A1A
E7F
709
7FF
015
800
B01
E7A
2B9
71B
40C
837
B0A
0B6
689
73B
CDE
81F
93F
353
7FF
56F
D12
87B
8AA
05F
668
7B7
F92
854
809
376
4ED
421
E74
87E
8F6
01F
3CB
396
DDF
9C9
8D9
F89
7FF
69C
E30
93F
C23
EBA
7A0
427
03B
B3C
A9E
2AA
66D
595
020
8BB
800
1DB
749
675
CFC
8DD
9A6
222
7FF
56E
AF2
800
C26
1CD
5B6
563
CF6
800
AA6
3B3
6FF
4AD
FA4
800
94A
19F
399
5D9
B7A
86E
A4B
0F7
7D9
601
E35
800
800
1FD
7FF
6C7
E4F
8ED
923
0E5
7FF
398
DF3
813
B02
440
7FF
7CD
013
864
A5F
4F6
7FF
543
05D
800
9EE
EE3
7FF
591
F00
800
A0D
11A
6F6
4FA
BD6
8E1
800
EE4
7FF
7FF
C43
B8A
B4F
236
6B9
3E0
F87
800
A7A
351
401
3A4
D96
8E3
800
0F0
7A9
4AC
D6D
800
BEE
371
7FF
4DA
D9C
800
859
14F
642
721
D61
800
C10
23E
7FF
6A1
DB3
937
80A
09B
591
421
D4D
800
B6A
1C0
7FF
77A
FAF
800
800
268
7FF
7FF
D63
A3F
A31
25A
7CF
5CE
C09
903
BAA
4BB
739
36E
FC1
800
D3D
215
7FF
45B
E16
800
A6D
1E5
4A3
657
F1C
89F
8C7
FFD
7FF
43D
F06
800
ABD
2E1
795
3D4
C9D
879
A1D
0A2
69C
36F
C6C
A5A
8BC
3A4
7FF
7FF
AF3
844
900
4BC
6FF
466
994
800
B78
11B
7FF
5E8
FC8
800
800
117
7FF
3E4
C38
800
E94
171
57E
475
CB0
870
CCC
6E0
7FF
254
D0D
B7E
A69
52C
7FF
4B4
CB0
A2E
C1E
F3C
6CA
681
DB5
800
C84
109
6D8
4F1
D82
800
B22
25B
7FF
384
D71
845
CEF
FE1
7FF
5C4
C4C
A88
D15
31B
7FF
5D2
DA8
800
B11
1EB
7FF
3E9
F63
800
9A0
FC4
5BD
48E
E02
800
9F0
4A2
626
2C6
ABA
839
BD5
4FF
60A
350
DE0
965
84A
141
62F
5E6
CB8
893
BF8
270
7FF
28A
B54
800
ACF
676
5FF
22D
81A
80F
DFA
3E0
780
51F
9C3
88F
CDE
10E
681
4FD
B4D
800
AF0
564
6CE
21C
AE0
8CC
A18
676
7FF
486
9E5
800
D29
36E
7FF
2D1
BD7
9EC
E4F
1F3
798
267
C60
8FB
D78
256
7FF
2BE
AF9
800
00B
1DC
773
48B
BB1
A67
C4D
008
6AE
4CF
BD8
800
B97
15F
7B3
3FB
D5C
915
D20
504
732
54E
A1F
829
C3F
201
7FF
502
D85
800
B93
54A
7FF
364
949
800
B7F
5F8
698
548
B73
833
D30
61A
7FF
427
BE2
800
B20
605
7FF
2FF
BCC
800
C44
3B4
7FF
35E
BA1
98C
C3E
4D1
6AC
2E3
AD0
AB4
C87
482
7FF
FDA
988
8B7
C49
626
7FF
03C
800
800
E3C
4C8
4F9
0E0
AAA
800
E02
402
7D7
471
B64
800
F1B
7C7
736
1CD
A1B
800
D27
60E
7FF
0BB
9F7
800
A8C
49F
7FF
3E3
A6F
800
EAC
63B
7FF
37D
AD9
B00
EE9
7E5
7FF
252
A84
800
FC3
628
7FF
144
800
918
E6B
57B
53B
1FF
D60
800
F79
4F8
7FF
225
B83
84A
E7F
57A
7FF
047
800
85B
E50
5E4
7AE
28C
800
82E
08A
64A
7FF
F1A
B39
800
027
672
7FF
1B4
BBB
800
04F
799
6BC
052
822
865
144
7FF
6B0
15D
800
A3F
F15
764
63C
00B
A98
800
2C0
740
7FF
EC4
800
800
E23
4A6
5D3
E3F
87A
800
CFA
72D
738
DF5
997
BB2
E96
60A
60B
D1A
B52
800
191
7FF
7FF
EE0
800
800
109
7FF
6C7
BA0
B4A
800
F41
77F
6AB
DAA
B45
95B
213
66D
521
D05
800
A19
0A0
4C8
67A
DE6
971
A3D
1F1
7FF
7FF
BF6
800
BB5
F00
7E1
4D2
E09
800
BBA
F3E
5DC
2FE
FC6
800
800
1C0
7FF
51E
F90
800
86E
106
7FF
5F6
F1D
800
A45
04C
4AD
2D4
14C
8D5
B02
28C
32B
382
B9F
A81
950
465
783
408
EFB
837
96F
1D0
7FF
49A
CBB
800
8E3
33E
55A
54A
F91
800
800
1A3
6CB
1EF
B0A
846
8B7
29A
7FF
658
E6B
800
BD3
37A
7FF
33E
D25
9CC
B3B
6D6
6C3
488
D1B
843
BE0
4AA
2F9
2D1
B19
A11
9B1
548
5CD
4F1
A58
800
D11
320
7FF
4FA
A07
800
A25
134
7FF
42C
C8D
800
BE2
4FF
7FF
704
AA8
B25
A86
6E3
7FF
31F
9AB
800
D10
518
4A5
367
C84
834
D92
7FF
7F0
329
B8E
883
EDC
614
7FF
3F3
B90
854
954
7CA
7FF
20F
A36
879
BD7
4B2
563
58F
94C
91C
9F9
508
730
029
BF8
84A
C4D
4FC
713
2B0
98E
800
D1C
534
7FF
329
A2F
9C2
DC1
6B4
6D6
29D
9B7
800
FDC
43D
7FF
F25
C16
98B
D91
72D
75A
3EE
9E6
897
09A
616
7FF
277
B2E
92A
FC1
6A7
732
206
AC4
993
E8D
5F0
769
17C
C88
800
090
1F8
7FF
0C2
B7E
8F7
BCC
6EA
7FF
1F9
B91
81B
E38
78A
7FF
451
B4C
800
0EB
5BC
7FF
123
A17
945
FDE
3F0
62B
EEA
BB7
800
190
574
650
124
C1C
A89
EE4
76A
702
F54
A88
800
EBF
510
563
ADD
9CC
8D8
1D5
7FF
616
EC1
975
800
28F
7FF
701
04B
94A
C67
1BF
65A
601
E00
98C
B6B
2B1
6B6
496
ED9
800
A5D
EB8
46D
4E4
DA5
89E
8FB
2EF
7FF
5BC
FD9
B89
A0E
25B
4CA
562
ABE
823
A66
2BC
6F4
578
ED8
800
C3C
091
7FF
34D
D1A
975
9CD
D65
7FF
7FF
E97
846
A9C
2FE
6FA
7C1
CF3
855
8A7
2E6
601
7FF
A0D
A33
C22
3A2
7FF
552
D39
92F
CD0
20F
7FF
33C
A3C
A75
A50
09C
4D8
495
AFA
A2D
BB9
246
7FF
53E
AF9
800
BE7
75E
7FF
642
8DD
909
CA9
281
69C
398
A1E
800
B89
7C7
6C9
5F2
C01
82B
C09
1B2
5E2
444
B51
800
B2B
40D
7FF
597
983
800
D98
732
7FF
459
B23
99C
C36
110
5D8
1E8
B41
800
DD6
F66
7FF
4DF
D86
83B
E45
3E8
583
FD2
B4C
800
A80
7A8
7FF
029
8CC
800
BB4
571
7FF
47C
9D1
800
E13
522
7FF
27B
D52
800
A96
4F0
7FF
0A3
B31
800
DB0
612
7FF
140
9F8
A18
F0B
69A
77D
F16
D80
800
F4E
5B3
510
F82
86E
A55
EB4
6B2
473
25B
800
82A
F84
691
7FF
10B
800
96E
F8E
643
7FF
ECA
85F
800
088
7FF
7A2
E8C
800
B56
199
7FF
7E7
377
800
A4A
155
7FF
72B
FE8
800
800
145
589
7E0
DC1
800
94C
FD0
442
6E8
DC0
80C
C42
FDD
7FF
617
1D3
800
800
175
73C
698
FFB
933
BC7
37D
70E
7C8
D9F
800
913
2B4
766
5FF
C2F
800
CD0
2A2
5C1
608
9DD
97F
A5A
208
635
2E9
B70
98F
A54
221
7FF
450
D3F
81E
C27
3A6
7FF
41F
DC9
800
B20
33D
787
5DF
B65
908
B0E
291
747
2CC
C3A
98B
AC4
509
7FF
081
BCF
800
A01
1E3
597
710
AC7
883
B09
56A
7FF
320
E21
800
B2B
434
7FF
2A1
B43
A03
9C9
697
778
463
C24
8AB
E06
4BA
7FF
4A9
C12
819
C62
2B9
607
157
9FE
9FF
D2C
528
78A
0CA
B35
800
E91
4DB
758
1B9
973
97E
EB0
75B
769
2A8
9DC
91C
E2C
7B2
7FF
3C8
B39
919
E91
51A
7FF
2E9
C3A
B7F
E7F
58D
6B2
F27
927
800
EE9
7CD
5DA
36D
944
ADB
198
7FF
7A6
F01
8B6
99C
F59
709
6D4
D69
9F4
8C6
030
712
769
E26
800
A8E
3CB
7FF
5A1
064
AD2
937
FF7
7D9
634
110
B24
A1B
205
64D
680
D7F
B43
AEF
221
6F7
6AD
D8C
854
B3F
37C
7B3
597
E28
800
B10
25E
629
4CB
C2E
800
AE8
F07
0F3
71F
BCD
800
8A5
2F2
7FF
4D6
BF1
8A4
800
301
649
1A4
DB4
A9A
A8F
28D
7FF
57F
BBA
800
C7B
3F6
7FF
4CF
C44
800
8A7
295
7FF
50F
BE0
959
B8B
3AB
7FF
1B8
A35
A31
BAD
5BC
7FF
3FF
B68
800
A22
276
472
558
ADF
806
E15
565
7FF
41B
A9C
909
D34
348
7FF
F2D
800
934
EBF
4B4
7FF
201
9B7
842
E30
4A1
7FF
464
B4B
ACC
DCA
424
75D
302
90C
817
0D5
655
514
E52
A5C
B22
D93
525
6B7
14B
A71
800
F1F
7FF
693
3D8
C69
800
ED4
4C1
611
EF1
800
800
DF3
7FF
594
064
92F
961
F58
7FF
621
FB3
8C1
889
11B
71D
581
FE5
8CB
800
0D0
751
44D
051
911
971
15E
7FF
29D
FE9
849
9B6
FDD
7F3
72F
076
824
865
021
70C
607
C0B
800
A38
42C
541
6DE
D06
800
9BC
1E9
7FF
45D
DF4
9AD
BF3
1F5
7FF
1F3
E7B
800
E67
1E9
7FF
23F
DA1
8A9
9A8
16A
7CE
2AA
DCF
8BA
C72
730
7FF
653
CF9
910
BC3
57F
7FF
776
A55
C3A
BC2
5A9
7FF
2FF
C77
A46
D4F
2C1
7FF
3E5
CDA
800
B19
380
7FF
1B3
A26
A68
F11
04C
7FF
527
B4D
800
C90
4BD
761
4CB
98B
823
FA0
36E
57C
475
A16
819
E9B
4C6
7FF
253
800
800
BFB
793
7FF
381
B39
800
F4E
3F3
533
22B
95E
84E
F12
6EA
7FF
E32
C27
A74
E58
7FF
6CD
F24
8CA
B53
384
4AF
562
ED0
A51
800
F24
7FF
6EF
243
800
95D
F13
7FF
55A
FA3
8BC
ACD
260
7FF
491
ECD
88D
B4B
419
492
33E
C9E
9F9
A35
2BF
566
491
E83
800
800
2D1
704
508
BAF
800
9EE
5D6
7FF
22D
BF6
800
DA5
0E0
7FF
5D3
E3F
800
B2C
0F8
638
70F
BEC
A23
E1D
319
792
588
A33
96D
A3F
5A2
7FF
57F
D7F
8F0
BB3
524
5CC
400
BB9
8C4
932
556
751
4CB
9CA
877
E57
3CA
7FF
389
9DB
931
E17
538
65F
265
973
800
EB3
66B
708
14D
BCC
855
D2B
2C6
767
056
AEB
905
DB4
3A4
6BC
F87
B10
907
EA0
75A
5E4
CDF
B72
81E
EE0
617
724
EF4
8C2
881
06E
613
5AD
D29
97D
971
D3B
69E
506
13E
965
8CE
2FA
6A6
6B5
001
A0B
8FF
203
5BD
5AD
DED
8ED
B5B
3C5
7FF
7FF
C98
B2D
800
13A
7FF
5D5
E54
8F8
BDE
337
7FF
44C
15E
843
800
3F3
73A
7F8
E43
A59
99D
34A
7FF
3A7
C15
800
AAD
4AC
7FF
5F0
DBB
800
A1B
47F
7FF
4D7
CB1
800
A73
2E5
7FF
3B9
A13
948
955
2D9
7E5
68C
AA9
800
8DA
1B9
7FF
0FF
CCD
9D2
F81
6E9
5F4
491
AD1
800
EBC
42B
794
55B
B00
800
E88
568
7FF
0F6
81E
88B
E66
65B
7FF
1C5
84D
902
CC6
7C0
4B0
FB9
BF2
9F0
F07
7FF
676
372
A36
90B
F20
414
3A8
E75
856
800
1A2
5D5
668
D77
A86
B9D
1AC
60E
7FF
048
83A
84C
059
76B
635
D32
9A9
95C
341
7FF
7DE
FA6
800
AAA
204
758
66E
BED
800
A8E
00D
7FF
220
2AF
853
800
0AF
766
59E
C36
8C3
E37
306
5FD
7FF
D1F
800
B2E
366
50B
5CE
84E
800
BE8
25C
7FF
2FC
B0D
800
9D0
3A4
7FF
356
C0B
86B
A17
3DE
7FF
417
AC4
A75
D8B
676
523
1B0
BDB
800
CF6
5D7
7FF
2E2
A51
800
05F
7FF
7B6
264
8B9
85E
DDC
5CB
4FF
1A3
A91
998
D7E
39A
684
FF1
BA2
916
A6F
21E
440
D7D
A04
800
007
4DF
657
209
970
800
F53
5DA
6B0
FCE
800
835
D69
7FF
51E
F09
800
800
F8E
7FF
637
245
800
800
3FE
589
651
FB3
A5D
B61
F8C
7FF
7FF
E4A
8CD
920
3B2
490
470
B93
800
90A
161
5FD
7FF
C15
895
A42
551
709
6F6
EF4
906
A74
49D
783
21B
C5F
800
D92
68C
6BF
561
F07
82F
BCC
0E1
7B5
3C9
B90
BC4
B21
636
550
58D
B11
900
C94
45A
7FF
217
CFF
8F8
D6C
687
41A
2A4
DAE
800
DBD
715
7AB
155
C12
82D
FF9
57A
702
309
BCA
800
F07
5F6
75A
271
961
800
C25
619
635
1A5
99C
8FE
EE4
55F
63B
0A1
B60
800
099
636
7FF
DB2
8FC
BA4
DC8
7FF
6CB
EC9
C02
800
F70
7FF
53C
F6C
A7C
9BE
05D
7FF
62C
B61
A32
C44
087
7FF
5D2
E38
915
946
0EE
7FF
495
DE8
B53
BEA
21A
7BC
5EE
CB3
800
A08
3AE
431
253
C1B
927
B2D
02E
7FF
3FB
F31
923
E37
64D
63C
2E0
CF9
995
E07
39E
7FF
312
C25
A11
E88
45F
797
34A
A5B
800
B5E
3AD
7FF
2F1
800
800
EA1
499
6B8
EE4
C5E
800
D82
579
40A
120
BAB
860
DD2
748
71E
D49
8FB
800
017
4CE
79A
067
8DB
800
EF4
2F6
7FF
F03
800
800
10A
572
556
FFC
835
800
2A0
65D
577
E5A
800
99A
1D2
4F1
5E7
2A7
8DE
8D2
46F
75C
576
CD4
8A7
89B
081
7FF
607
DE7
92C
BAD
E81
7FF
5FB
B9E
A74
C47
453
7FF
475
E6E
800
CE9
41D
7FF
678
C76
800
9BE
389
7FF
4FF
A56
8C3
C60
56F
71F
60E
A88
800
FCE
566
7FF
47D
B32
800
DF7
46E
76E
1D3
998
800
CC6
559
668
191
9D0
83D
CB5
5EF
503
E3E
800
8D7
E28
5EA
7FF
001
9E3
800
E7B
7FF
7FF
1A3
800
804
011
38B
5EC
D97
84D
800
479
7FF
7D3
BAE
B2A
800
41F
7FF
3FF
F49
BFC
B00
0CF
62E
7FF
DA8
800
978
2EB
7FF
4E4
B4C
800
A3F
4AC
7FF
553
C04
CDA
8EE
639
7FF
322
CC1
8CF
A75
54F
7FF
248
B4A
8B0
CA2
64B
7FF
45D
DE5
800
C7F
43E
7FF
14A
D46
800
B2F
621
766
197
899
881
C15
437
7FF
1C2
A50
800
D4A
7BE
5F0
14F
C01
800
FE9
6B4
7FF
013
919
86F
C7E
598
76B
EAC
AF3
919
E7B
4A0
7C5
142
800
801
22E
5DF
7FF
D09
800
84F
D07
502
703
D6B
AC7
B14
FE7
3A2
575
FF7
800
91B
03A
6DF
61E
E83
938
A85
3A0
68C
7FF
BDC
800
BFF
061
7FF
372
F64
800
C15
589
7FF
4B9
DEF
AA6
800
2CA
5F5
303
D90
800
F91
2E2
7FF
30B
94B
948
A21
26C
7FF
2AB
AC3
800
D2D
6DC
704
0A1
D18
9D8
958
797
74A
33E
BDB
998
BCF
7FF
7FF
0F0
D71
800
D84
735
7FF
184
897
A90
23A
7FF
7FF
059
B8C
800
158
37A
661
F9C
800
800
05C
6D9
7F5
0CE
800
811
353
7FF
71C
E4D
B27
AFB
263
5FA
521
DF0
800
BDA
359
3CF
681
E3A
91E
B8A
289
7FF
6DE
C8F
800
B98
419
7FF
4ED
C1D
951
800
5E8
50B
2D3
BFD
800
EA5
3F1
740
574
AF1
A10
C51
220
7FF
667
A2A
9DB
059
401
7FF
162
ABE
93D
BB9
585
7FF
F6F
A02
963
D1B
698
7FF
0AD
AFD
800
E1B
7FF
7FF
F70
8EA
800
E39
3FE
584
06D
800
9CD
FAE
2CE
3D9
04E
8E2
C2A
071
7FF
465
C44
A1B
898
EDE
5B1
764
D22
910
CF9
28E
790
6DE
C4F
800
A06
2D2
7FF
4D0
D2D
816
B22
FD5
770
441
C70
89F
C2E
333
7D0
1DB
DC8
91C
B80
3CE
7FF
4A8
DA4
848
D7B
37B
7FF
066
A3B
9F4
EDB
470
63B
11E
A50
8F4
C45
69D
7FF
27C
C48
8B5
1C0
5CB
7FF
39A
A41
9E2
063
6AC
61A
155
B97
A2B
D24
7FF
7FF
2A7
800
800
005
448
7E9
E14
A4F
AB0
0C5
7FF
553
E4E
800
8B9
633
4B1
737
B12
800
BE3
0DE
763
56F
C8E
94B
B26
404
4BC
257
BF6
800
CCD
434
7D3
6AA
D85
ABF
9D0
30D
50D
433
B37
800
B38
3AB
781
5A7
DDA
800
B7E
40C
505
355
A13
AC9
C04
3E8
7FF
F66
A8C
800
CC9
5F4
7FF
009
8AF
8FB
C1F
49E
7FF
22C
BA0
904
12D
676
67E
E72
89E
800
D8A
5E8
6D4
1C0
8B8
8DE
01A
7FF
5E7
06C
857
C15
FFB
7FF
7FF
D95
8C6
BD8
0AD
765
699
F61
A5F
800
121
7FD
37B
C84
800
AD5
0F4
7FF
569
E0D
871
97F
308
6CC
403
C44
800
800
46E
7FF
592
86F
800
E7F
2E4
7FF
475
A5E
8F0
EE3
411
6F3
358
C47
9A8
A4B
5C0
7FF
2EB
B4B
800
CA1
580
73E
330
92B
B0A
DFC
64F
69C
FAB
CCF
AC2
FB0
6F1
707
2FB
800
87E
D93
688
560
D7B
8DD
89C
FF3
7FF
5FE
B8C
807
9A7
265
7FF
406
E55
97B
B78
06C
6CD
738
B4B
9CA
8DF
233
7FF
534
D5D
87A
B51
110
4E1
667
E3A
81A
881
58A
7FF
022
ADB
800
99E
547
78D
49E
A3A
907
FD4
79A
771
22C
9F8
9D6
DC2
581
4BA
4D3
A4D
B04
D64
3A5
6E4
E67
BA3
800
DDE
7CC
7E1
079
CB4
88F
193
3CD
7FF
EFF
9CB
A8F
F45
55D
716
103
9EF
A83
0A6
6DD
587
261
960
8FE
F81
756
6EE
FD9
803
800
134
7FF
7D8
D29
97A
B4A
F98
7FF
4C7
D47
892
914
30C
7FF
505
CE4
800
C68
05C
7B7
1EE
A65
800
B67
415
7FF
49C
A72
896
E05
499
7FF
591
ADD
800
D14
5B9
75F
0F2
C67
84F
EFE
4F8
6A0
FD9
A45
840
E2D
749
4CD
1D1
C1E
800
136
32F
67F
F50
800
800
EFF
7E9
7FF
1AD
84D
A4E
E1A
6AA
54A
EE5
9F2
B32
29B
7FF
669
DCF
A8A
ADC
F33
745
3EF
F10
881
BEB
35C
7FF
373
C9A
800
CF3
F2B
7EC
406
E76
800
BC6
55A
74D
4B3
F0F
800
CA8
23E
7FF
238
C9C
800
D18
1B2
7F9
275
B1C
800
C81
7FF
7FF
EC4
925
800
E51
419
7FF
0C5
933
800
C0E
7FF
727
08C
9CF
8C0
F5B
3F5
737
F1E
831
9EE
0A9
7FF
6D7
DBD
800
D85
1A0
5D4
550
CA0
85F
800
194
78E
6DD
DD6
84D
D98
372
7DF
4B3
AA2
800
CB2
2FC
6B2
389
AE8
800
B67
18F
7FF
529
8D7
800
A7F
249
7FF
37A
BD0
B75
D02
54B
7FF
2C8
BE3
8E7
F6D
709
7FF
20E
8CC
956
BD7
7FF
78B
233
800
9B8
023
4CB
7FF
02B
AC5
B74
1B9
70C
61D
1AE
800
800
1F4
7FF
62C
03F
B00
931
0B0
79E
478
F41
B38
856
145
46B
68E
1A9
800
CA5
134
7FC
512
E4D
A97
E66
55A
7FF
046
BC5
85E
E79
17F
73C
074
D1D
966
8BA
62D
7FF
35B
BA8
945
C5E
60F
659
2B7
AFF
800
06F
736
6D9
F2C
800
800
EDE
2E0
728
1C7
800
800
EDA
5E3
6BA
086
923
800
0F9
69B
68D
2B7
800
800
F8B
66C
612
E3E
817
B81
2EC
7FF
44C
E23
A0A
800
F68
4CA
3D3
D2B
911
B1A
40B
7A7
7FF
D2A
80B
8B8
3B2
53D
316
F1A
C0B
B09
475
7B2
247
AE7
9B8
B99
245
5AA
5DA
D55
BC5
E76
355
7FF
0E2
AB1
800
DDB
587
42C
1D8
A98
AD3
D47
4A3
7FF
61B
AA8
93D
0E2
6D0
6DA
1CD
A69
96F
130
7FF
45D
D4B
800
B33
F4B
7FF
7FF
D28
800
AC3
2BF
664
4D9
109
800
A50
49E
6CE
511
DA2
800
CF1
3C9
7D2
7FF
C7C
800
AF6
0B7
7D3
38D
D2C
800
F04
4C4
7FF
4C7
9C6
994
C9D
6C5
7D9
245
800
800
D58
4A8
7B1
129
98A
AB4
E6C
747
6E9
3B3
BE5
800
E7C
7FF
71C
04D
AF9
874
1B9
7FF
6E9
B84
8D6
92D
F65
692
3B4
EDC
9F8
800
024
743
76C
D3A
CAC
A07
2B1
58D
6DE
F5C
800
8EC
2AC
7FF
62A
F7D
938
EB3
453
7FF
7EA
F79
A2D
AF3
2D4
7FF
2C6
AA9
800
F57
65A
7D9
F7D
B2B
9DF
B07
58C
7FF
49B
A73
800
FB5
571
7A8
E66
A1C
BAE
E0F
6B2
74E
03A
987
A42
12E
717
7FF
F31
8CD
9D5
EC3
584
7C3
1A2
800
800
082
7F1
3A8
1FB
800
EA2
F23
7FF
4DC
BA3
96B
BCE
34A
7FF
52F
DEB
8C4
E04
53C
76D
4BD
DD2
9E8
A64
452
7FF
631
A86
835
C9E
63E
7FF
1DF
AC6
B71
A15
497
7FF
2C5
B8D
800
070
5D5
7FF
14C
B54
979
E2F
7A0
707
F16
9C0
A70
FA9
563
696
F1E
9AF
941
F7F
7FF
7B0
FE9
800
995
13F
727
4F0
ECD
800
966
20C
7C9
6A9
D35
800
A1E
202
6DC
534
D10
9C1
B28
59F
653
471
D30
945
CA2
350
7EE
61C
B42
827
D8C
404
7FF
0CE
C58
9EF
A20
5C9
7FF
1EB
CDD
800
1A4
7A2
7FF
2C9
98B
800
DD3
6B2
67E
1D9
CF6
ADC
04F
7FF
7FF
B99
814
9B5
0E8
6E9
7FF
CE5
800
AFC
030
7FF
40C
E70
893
800
19F
689
689
D59
800
D72
098
662
731
E75
800
B73
1F9
7FF
4D0
99C
800
DDD
53A
553
3D5
ADB
A35
172
5C5
7FF
FF6
B38
800
03A
6C6
576
EF9
BD6
8B9
0F7
665
7FF
34F
88B
A26
E12
6C4
72E
EFF
81B
D44
01F
5B6
4FE
0C0
800
8A3
284
601
559
D35
800
9B2
23B
7FF
0EB
BE4
800
B8B
348
7FF
4D5
0FA
A08
E94
447
75B
606
BF1
98D
B51
36C
6D9
412
8C5
87E
D92
39B
730
0E8
D08
8D2
085
6B1
624
3D1
C97
800
F51
603
417
153
B10
93F
E6E
7FF
592
00D
89F
800
F19
7FF
6D7
E63
8B1
B95
29C
761
7FF
129
800
B59
178
571
674
EEC
872
A18
037
7FF
509
B3C
800
BAF
12A
7FF
542
A6F
800
99C
291
760
328
8A3
800
DC3
0B8
701
56E
8C1
800
D36
6AC
7FF
619
AAD
902
136
679
7FF
0F8
991
A1D
F27
609
7FF
FDD
800
807
140
455
636
05F
9C6
872
E6B
65D
502
EC6
943
AD1
242
7FF
572
F5E
81A
FCD
22E
5EC
7FF
F92
800
AED
470
7FF
369
B7E
800
D6C
5CF
7D4
397
C2F
800
E98
4FE
334
1E1
A4B
800
DBC
243
7A9
1A9
8AE
800
079
590
796
C86
B85
A60
FE9
667
5C8
10C
800
A98
09E
7F0
68F
EA8
800
800
3FB
719
4E5
222
800
976
1E9
7FF
7C5
F11
929
A5D
0DD
6F2
490
B9C
800
951
62B
6AD
4AB
CFD
800
F03
26D
722
545
C9A
800
CA4
691
7FF
5F8
BA9
800
D35
7D0
7FF
19B
800
800
D3E
682
7FF
049
B9A
B1B
0C2
4E0
7FF
DAA
800
9F8
F2E
744
62F
F3A
800
B64
1D9
7FF
667
001
ACC
BF7
143
7FF
2CD
DC0
800
BE8
227
7FF
480
DCF
800
92C
361
6A9
314
D3B
800
DC0
556
7FF
5B0
E3A
829
EC7
6D6
7FF
523
B53
800
0B0
524
755
096
999
CCC
F7A
7F3
7FF
4EA
AA9
9FD
E43
7FF
5F0
1F9
9EB
8B4
220
7FF
2B0
F0A
AB8
9CF
D66
7FF
4C6
E2E
800
9C0
F80
42B
616
BE4
800
B0D
698
7FF
44C
CE6
800
8F1
262
7FF
1DE
90F
800
C94
270
7FF
2A6
90D
A24
B79
2CB
533
1C8
A69
AF3
F0D
636
66D
440
800
800
FC9
431
7FF
019
800
8EC
2C2
51A
708
EDD
800
800
30D
6AF
7FF
007
800
A55
224
7FF
6F1
B58
800
92C
253
6A9
245
A10
800
D9A
3F7
7FF
22F
C66
800
C96
33F
7FF
143
BE8
870
D20
533
5F0
2D0
90A
913
F17
6D2
62B
36F
A31
800
08B
65F
7AD
FBF
922
800
E4E
67C
664
D36
9DD
B08
E09
7FF
7FF
8BF
800
800
257
780
793
EDD
800
A54
036
69B
5CB
EC2
800
BDB
2E5
7FF
3C1
9B8
919
BFF
618
795
3B2
B92
800
C0D
671
747
3DC
B67
852
BAE
7FF
7FF
2BB
9E9
982
15F
1C9
7FF
FCD
C2E
800
0AD
662
7FF
141
820
800
0D1
7FF
72A
F7E
91A
B2D
FE0
57F
3A4
C8D
939
B5E
238
7FF
72A
CBD
800
AEB
11A
6B9
492
D5C
9F8
ACE
388
73C
62A
980
800
F74
543
7FF
14B
931
897
F96
6CB
37E
245
8F5
910
E1A
7AD
5F0
094
AB4
B55
151
639
3B9
F0A
800
C7F
1CA
64F
7FF
F4D
9A1
A8E
007
6A4
374
D47
800
9BD
53C
7FF
5B1
F68
A11
CF2
0BC
7FF
3FA
066
9D2
B5E
416
6F5
411
D9C
B60
C42
56F
7FF
080
D0F
800
D57
1B3
7B2
17F
800
A70
D3E
7FF
7FF
C33
935
800
100
588
5D2
EB1
931
AC9
0B8
596
601
2CD
DCD
AC5
0E2
5A5
78B
D03
965
9E2
135
6AD
544
E06
B31
A95
254
7FF
3FD
ECE
800
A4D
713
7C5
649
B05
800
D71
6FE
694
30A
97B
800
AF3
7B1
70F
2BA
AA7
86F
07C
3DF
7FF
F98
AC1
98E
F8B
6FA
58E
EDE
8E8
845
2B4
7C5
588
DA4
979
B31
00F
7FF
4C9
ED6
800
A6C
2B2
7FF
311
E90
89A
F6A
373
7FF
771
D5A
9E6
CDF
19A
7FF
303
9C4
800
C52
54F
6DC
279
A3F
931
B4B
6CE
5F8
146
954
800
F5D
4B3
7FF
121
800
83A
F06
6E7
7FF
2CC
89B
E19
2C5
6E2
732
045
931
ABB
EC8
7FF
442
19F
85E
800
3A5
705
610
E79
800
96E
33A
7FF
601
BF2
800
D89
4BA
726
128
BED
800
F32
652
7A4
256
AFF
800
E90
582
7B7
3DF
B3E
890
09C
538
610
ED0
BCF
967
336
613
502
F62
800
913
0D1
6D2
5B1
F45
83F
800
3D5
4E3
314
E33
800
A65
254
7FF
729
EE4
8B4
A66
44C
7FF
2BB
997
800
BCE
346
44D
499
CB8
B9C
F20
6D8
60E
221
9AC
8DD
B2B
7EB
7FF
488
92D
800
1B0
668
7FF
06C
800
800
F62
7FF
7FD
B3A
9A4
800
0AB
5EB
5C7
F11
800
B82
509
385
569
02B
800
C0E
236
739
32A
C57
ABD
BB8
423
7FF
198
A30
800
B01
33D
7FF
41E
B7E
800
D27
4C2
78A
296
A8F
800
B8E
676
7FF
069
8C5
800
FF4
4F7
7AC
EEF
BCA
800
2C2
76E
520
D05
DA2
969
263
6EC
6F1
DD9
923
A32
23D
7FF
703
BED
ADD
A27
0B7
5F6
459
877
89A
CCF
47D
7FF
48E
9C0
800
AD4
3E6
7FF
326
903
800
FC9
516
7FF
2A2
C19
887
DF7
7FF
5C5
D15
86D
800
E81
76E
68C
CE1
C55
800
5BF
7FF
7FF
11C
812
CD4
05D
665
247
DAD
800
A58
450
5B6
4C9
C50
805
837
274
7FF
45F
D73
800
C3F
380
796
161
A69
96E
E03
34B
6C5
335
937
800
CEA
461
5E6
F00
95B
88B
118
7FF
701
E48
AF3
B16
102
6BE
66B
ED3
9C7
897
2CB
73A
7FF
052
A2B
B92
6E1
7AB
594
8D4
800
9C4
520
7FF
50C
B67
800
CA9
16A
4F7
0F9
AFC
B6E
FDE
7FF
4F8
2F9
A5F
B48
DB4
7FF
542
0D8
9C6
ADE
01E
397
61D
EAC
800
91E
F7F
7FF
7FF
0C6
800
937
0E6
7FF
6DE
AC5
800
ADC
238
7FF
558
F00
800
B09
494
7FF
505
C7F
912
C67
237
7FF
439
9E7
840
B64
5C6
7FF
256
A4B
8A4
E51
570
626
0F6
B67
A0C
ECE
58D
62C
25B
8DE
800
166
7FF
6FB
EFA
800
800
21A
795
399
C3A
800
9B3
20B
58F
05F
D5D
800
AB9
400
7FF
12E
99C
800
FBE
7DF
7FF
1B2
BF1
C30
BA1
4FA
7FF
158
893
800
0FE
676
5FC
FF8
8FD
908
F8A
576
59C
007
800
D09
026
588
5A7
F73
A90
87C
0B7
2DF
4A8
CBC
800
AA6
2EB
3BC
1DD
C12
800
DAF
3EF
53D
4AB
D24
86F
FF3
417
7FF
3BD
C32
800
136
637
7FF
3AC
825
C60
D0F
613
5F9
212
9D0
A80
D2D
7A6
5BB
E9C
9E0
BB8
EE3
7FF
71E
BCD
800
9B9
49A
7E0
7C4
E40
885
855
2B1
60D
3BF
EA7
943
D91
210
7FF
2AC
BC6
800
C22
4E1
76E
296
980
800
DC6
50E
7D0
493
CDD
800
C72
6D2
2DD
04C
93D
813
1B7
6D3
785
2D5
A1A
85F
41A
737
701
E04
83C
99E
175
7FF
550
E43
996
9F7
F63
7FF
354
A6A
800
DF1
4B4
7FF
2D1
A10
800
DBE
473
70D
406
CB4
996
DE3
7FF
4BC
FEE
A17
999
F93
66B
5BE
227
AE7
800
293
4B8
660
E90
997
B74
1B4
509
7FF
E48
835
9B3
16D
7D3
7FF
DF9
800
B99
1F2
7FF
42A
C16
800
CFD
68D
758
53E
B92
800
E33
3FC
700
155
B35
800
D7E
6DD
778
426
9BC
BFA
09F
561
4B0
211
800
800
4CD
4A3
566
076
9F1
800
385
7FF
4FF
E3D
91E
8B1
2CE
608
7FF
D80
A2B
E0F
0A9
7FF
1CE
B4F
800
E1E
46B
6FE
29B
AD0
800
C22
2A2
512
FB8
A85
800
F05
7FF
7FF
44C
800
8DE
EE7
70A
5C6
02A
800
A92
FBD
6B5
6D7
EEB
800
AF9
2DE
7FF
48C
B6B
800
C59
20E
7FF
5DB
CB3
800
BFC
42A
7FF
58C
977
800
B6F
7FF
7FF
EB2
B70
800
A83
581
70F
073
964
B10
BF8
787
7F3
D84
840
936
F5D
6AD
671
0C2
800
828
0C0
7FF
7E5
D58
A05
9CB
E64
45C
6B2
A73
800
90D
181
7FF
320
C3B
800
950
459
779
0B5
BF0
9E5
0C8
5DD
4C0
06B
C4E
AF0
F6A
58C
628
FDA
815
89A
19F
506
70A
F1C
9EC
E5D
FB6
423
502
D5D
800
982
064
7FF
795
E93
8D6
BE2
12C
3C8
3CB
EE3
A39
B51
29F
7FF
526
C1A
8E0
E5B
5D7
7FF
46C
B09
800
F0A
4C2
7FF
228
ACC
843
E73
6DD
7C1
039
8A2
A0A
D9B
5CD
6E7
DA1
800
B5B
1FB
708
61F
D89
A5B
800
1E5
490
7FF
09F
9AF
D5F
394
7FF
4C0
C95
800
989
382
7FF
358
A1C
B17
F4F
493
771
0CC
BE3
B89
CFD
62A
652
1AE
C58
AD6
CE4
771
780
1D8
9BF
88B
F2D
7FF
5CB
F17
805
800
D93
7FF
769
E6C
A22
919
279
7FF
5FD
C85
AA5
BBB
10B
72E
2F7
CD1
9D0
B68
6ED
57F
3AE
B49
B0E
D04
7EA
7FF
354
A99
8D0
EDA
539
7FF
00B
A64
98D
DEB
70D
6FF
CC6
800
A35
240
7DD
4BB
DD0
800
98C
401
6E2
463
C66
98C
D2A
528
52B
39C
E6F
800
D6B
5AB
7FF
5C5
AD4
800
E52
5E2
7FF
F87
DAA
800
21D
583
7CB
EC1
800
92F
DEC
7FF
7C6
FBD
8F4
9B3
3C3
7FF
7FF
F32
8F4
A80
2E4
7FF
5C9
A31
85D
B9D
0AF
7FF
640
DF4
956
CA4
0F2
7FF
2FD
88F
800
8BA
763
7FF
1CA
A97
95D
000
315
717
087
BF9
800
007
7A1
4EA
E54
86A
800
30C
7FF
70C
3A4
800
BAD
F3A
7FF
7D2
E93
800
997
2BA
766
3FC
C1B
800
A5E
729
792
3F0
D55
800
EA4
297
7DE
435
BFE
800
F0D
7C8
6D4
1D5
AF4
A25
FBD
7FF
7B2
EDF
800
832
E97
537
46A
21D
B32
800
2D8
735
4EC
A67
871
A49
4BD
7FF
48F
DE6
B4C
CA4
1B7
5C7
4BC
A44
800
F1D
375
67C
58B
9DC
B1B
029
600
7FF
2CA
8E4
A09
0F5
70D
54A
F6C
800
A43
410
7FF
754
EF6
8FA
DBC
15A
73A
58A
07D
A06
B78
197
7FF
32C
9EE
850
F35
354
79F
0ED
923
8B4
DB8
4D9
518
3C7
91F
800
EA8
474
370
2F4
9CC
835
D47
7FF
57A
DF0
882
99B
D45
673
7B3
EF4
86E
A50
1A4
7DD
6D6
BEA
866
C71
1A9
7FF
6C3
028
950
D7D
DBA
7FF
304
A66
A90
E02
2A7
7FF
2A9
800
956
C47
4F0
5D8
FF2
A8F
8C2
E6F
5F4
7BB
E36
95B
84F
F6F
7FF
609
F83
84B
88D
1FC
735
394
FC0
B26
925
425
7FF
4DD
D6C
800
E0E
483
7FF
7FF
800
ACF
BCE
4EC
7FF
FCD
AD9
958
E35
429
500
2D7
96C
800
E38
566
681
1B6
84B
A3F
EEF
7ED
677
D87
88C
988
21B
5EB
7FF
DF6
800
800
4AE
7F4
641
C98
9DE
984
1A7
78D
422
A83
800
ED1
5AE
6B7
218
BAE
800
CE0
57D
63D
1B8
A40
800
F5C
7FF
7FF
050
BA9
94B
02C
7FF
6EA
122
800
D33
26F
7FF
618
F73
800
CE4
FC8
7FF
4F3
99D
8DE
D03
491
7FF
2F8
A79
95F
A6C
43A
645
4B3
BB2
866
EE0
332
7FF
F6A
A39
80D
164
7FF
51F
074
800
A08
0DA
5C7
40E
B59
86E
800
303
5F3
69F
EEB
800
A7B
416
6C3
660
E68
ADF
E70
225
7FF
24C
AF8
B51
C96
32D
7FF
3DA
B39
800
C64
53F
527
039
87B
800
EE4
7FF
7FF
D38
A82
AAC
3B3
7FF
589
B77
800
9DD
264
7FF
42E
C5D
8DB
DB4
2BF
72C
493
EF8
800
18A
33F
7FF
E7E
AE0
800
F0D
69B
5B0
070
84F
800
04E
621
6C9
FE6
E07
98C
293
7FF
603
F40
862
800
00B
51B
429
9F2
800
A44
EFA
6AC
5DA
BF3
800
C57
342
7FF
424
BDC
C72
ECC
5D4
5D8
685
8E7
800
DC5
3EC
3E5
2DE
CAE
864
D27
73D
7FF
0BD
8FB
978
FFE
620
6B7
C3D
800
886
34E
75D
489
04E
800
BE0
1C5
66E
0E9
C9C
A06
DFB
3ED
7FF
428
BC1
94F
C2A
4D8
7FF
FDA
C13
956
104
541
7FF
12F
9EA
C42
E61
30B
7FA
EDE
A48
ACD
422
736
7FF
CCA
884
CB5
F7A
7FF
6ED
D72
800
F28
476
71F
24F
C4E
84E
AD1
38B
7FF
06E
875
800
D9B
4D8
4E3
281
800
8E4
D4F
6E4
4D1
03B
B8F
800
036
71D
470
F27
856
A48
19E
7FF
6B6
ED8
800
C1E
2E1
5FC
4B2
CDB
800
D88
4CF
7E0
1EC
B07
800
ADE
3FB
7FF
06D
945
924
EDB
623
7FF
F90
B8C
B56
EA8
768
6A4
EA6
8F8
89A
39D
72A
6F4
139
CDF
A18
3A0
7FF
513
AB4
800
B23
304
704
3FB
BE2
986
DDE
3CF
74F
2E7
DF5
800
CD3
635
7E0
1F7
960
822
F93
4F0
7FF
14E
800
800
106
690
63E
E2A
943
B06
F2F
7F5
77E
F57
99A
B3F
2D6
7FF
7AE
95D
800
BEC
509
7FF
3BE
928
932
A35
359
7FF
3E8
D06
8AE
0E9
35A
7FF
169
800
970
E39
7FF
7A7
DEA
800
877
068
5EF
7FF
C86
BC4
A03
2D2
7FF
497
800
AB2
A31
251
785
7FF
AF8
896
C0F
35A
7FF
278
B8B
B40
C3D
66B
7FF
51F
99C
921
DBA
514
79D
EC2
800
800
2F7
528
71C
051
A1A
800
444
7FF
5CD
C83
B86
C9F
258
7FF
027
B85
96F
E9A
6A6
7FF
512
A41
800
F8B
547
7FF
FBE
A5F
9EF
DBC
700
7FF
051
800
9FD
FA3
47B
7FF
0C0
853
800
043
505
7FF
E20
800
B2C
2DF
715
4AD
C60
97C
B00
34D
7BC
573
BFE
800
D04
5A9
7FF
581
A84
800
D29
654
529
143
B78
800
E30
7FF
531
EAE
B76
9FA
2E7
571
67B
EA1
800
AC0
34C
7FF
5C2
006
800
DBF
38F
7FF
2AC
A73
800
E3D
475
4AD
521
93A
88B
EB6
5D6
7FF
02E
823
A51
F27
364
617
1C1
B31
81D
E68
7D4
7FF
E14
800
931
2F8
6B5
42C
CBD
83A
A23
1B4
6D7
530
D64
AFE
BDF
788
74E
3A1
A00
800
AD8
53C
7FF
17C
97F
B7B
063
39C
731
FD5
B5A
800
106
62D
6E5
DC3
943
B63
0AF
6A4
3A3
C1F
907
93C
00B
7FF
F03
C67
A86
C0A
49C
717
45B
9CE
9B5
99C
4D5
6E1
326
99D
993
0BB
637
7FF
FF4
9F3
800
0CE
7FF
4A6
1E5
800
9BD
110
6DC
71B
EFF
A30
A42
2D0
7FF
450
EB3
800
CB9
427
7FF
125
E47
800
A90
41A
7FF
1DA
96F
800
C00
72C
7FF
225
800
96A
2AE
7FF
7FF
220
915
B73
203
7FF
586
EAF
A76
8E5
12D
793
7BA
C15
823
BFF
318
764
34E
E56
800
CD9
553
3D6
19B
ACC
9F7
C20
510
68D
FBD
84E
800
309
5A2
78E
F77
918
967
E73
7F0
7FF
071
800
B36
0A9
7FF
61B
DDC
800
D00
24E
7FF
746
CA9
800
B87
60E
7FF
483
CA7
8B8
0CB
707
7FF
2A1
800
800
028
630
6C4
D88
AAC
C2D
FA4
543
5E8
E9C
800
9F4
D8C
7FF
4EE
DA7
8D5
C3E
2CF
7FF
382
C9A
800
D3F
66D
7D0
3EC
911
800
E1A
70A
7FF
F25
C60
800
F82
62B
7FF
50C
83A
A03
07A
750
5DE
1FA
A43
93D
FD7
7FF
2FE
D0E
9FC
CF3
2B6
595
455
D39
974
C48
49E
68A
342
A0C
8D0
D6B
758
7FF
0FB
AAF
800
FEE
5E4
5F4
C2E
BA2
A91
D26
7FF
4F5
E49
85B
922
FC9
7FF
5ED
E61
9AD
9E1
362
7FF
436
CCC
800
E6E
611
7F4
1A0
AED
800
DE9
392
6C7
0C0
995
A13
C96
7C7
7FF
101
800
995
013
720
6A4
0AF
83A
ACA
36C
764
59E
B56
C5B
9F6
436
7FF
629
A08
9CF
B2E
7FF
6D8
2D8
A65
8BA
D30
60A
7FF
1CD
AF3
86D
ECE
66B
7E4
0A9
855
E48
1B7
4CD
471
E72
800
B24
466
7FC
5DE
B1A
A1C
D7F
2D8
439
138
D6D
89A
C62
57B
7FF
3AB
A8B
B7F
A3A
6CD
74D
1C4
9BC
800
043
621
518
F0C
BAD
9C9
14C
626
70E
ED5
866
9A9
4ED
7FF
3CD
DA2
8A7
95B
272
733
4C9
D52
800
AF9
03F
7FF
16C
A86
800
CC5
437
7FF
0B4
9CC
98D
F68
73C
4B2
0B4
CCB
947
0D7
666
6E0
D63
82C
96E
149
783
494
FA0
800
AD1
36D
75D
1E6
D0B
800
CAA
3A6
7FF
3C1
DAF
800
EA3
350
7FF
267
8CE
800
C77
7FF
7F8
FCB
A8C
AEC
FC0
78A
7AE
E02
881
A9A
3BF
73C
611
D02
800
BDC
343
7C4
37C
EA5
89A
DE2
53F
6ED
199
A91
8E4
C14
4E3
6DF
1E4
8C0
800
027
6E9
70E
D18
800
802
266
30D
572
E7B
800
B13
14B
7FF
565
CD9
CF0
985
3AF
7FF
5E0
BC5
971
C30
6BF
7AA
1AF
853
800
FDA
7B1
5EB
177
82E
92D
0A5
720
7FF
EEE
800
CC5
090
593
72F
041
92A
9C9
2E8
7FF
3D9
C58
800
C39
48C
5C2
461
8B8
800
AA1
760
7FF
DA8
A53
824
E7D
7FF
789
005
90F
C57
2F1
44F
6C9
DD6
800
800
2CB
7FF
4FF
DC9
800
E09
336
5E3
521
C6D
800
AEC
63A
77C
3B4
851
800
E73
44F
602
337
A1C
800
D81
6CF
6C8
D68
800
821
D47
40C
7FF
227
800
D59
0BA
7FF
4CB
EA8
800
CF4
2F9
7FF
39C
AE9
800
8D1
712
7FF
256
D56
9E9
C5F
42A
756
37B
B6E
85E
065
69B
79E
1D7
800
98C
173
7FF
7DB
D44
8D6
A03
45F
7EF
4F9
BFB
800
A41
582
7FF
720
C55
800
CAF
63E
7FF
39F
A37
800
D8A
4BD
7FF
081
A70
A0C
EF3
7FF
546
F45
9CB
9DE
FEC
7FF
632
D4E
800
A44
3C3
741
728
B7F
800
ADD
393
7FF
372
B18
800
B02
7DE
618
364
C06
C2F
E16
7FF
7FF
24E
91C
C00
094
6F7
7FF
315
9D1
9D1
395
536
7FF
B41
9BE
F72
495
5E9
41D
BBC
A26
DD5
51C
7FF
3D3
8EA
800
14D
70A
5E2
1A9
9B3
81E
016
60B
617
FF3
C8B
A13
158
65C
7B8
D11
899
99C
18F
7FF
734
D10
9EA
CD8
4A6
522
40C
AEC
AE6
CD1
42E
6F0
2D2
B20
800
223
7FF
690
E45
995
979
FFB
7FF
723
1E1
800
A0A
F6B
709
5EB
CD1
800
AA7
003
7FF
208
B55
800
C12
329
7FF
679
9AC
927
C57
527
48D
158
8A2
800
F53
36C
698
F5A
86E
851
1FB
367
6E2
F87
800
800
252
7FF
683
BF6
871
D00
398
7FF
0DD
91A
800
DE8
720
739
E8F
93B
87A
DA5
7FF
682
FF2
9F2
800
119
60B
7FF
D4A
800
B2C
483
7FF
704
C75
800
A57
350
7FF
382
8F2
800
B52
3EC
59F
4C8
AC1
860
C3C
424
7FF
3F5
B21
87B
E18
62B
7FF
019
952
800
216
639
7FF
DD3
800
982
0F3
615
6EB
E0F
800
A67
609
7FF
4F0
ECE
20A
D77
0FB
031
25D
339
D44
F1B
FC3
FF5
025
C8D
0BA
D92
1CA
FF6
FF1
D0C
E8F
07C
0BB
FCB
096
E7F
1E0
EDC
096
D81
EB3
F16
DAC
155
FAA
054
E2F
1B6
DE5
DE1
E47
0CA
09C
223
E85
F36
F80
10C
FA6
2B4
C84
C98
2DB
143
D9B
ECE
217
1A9
F92
E92
F57
032
EF6
067
016
E0C
E67
EE1
FC1
18E
F76
E36
06D
CFE
150
115
0CD
FC9
D71
041
167
DB2
092
FDB
C7E
0D4
F15
2D1
E76
034
466
FA1
D9B
CE3
040
33A
D41
0DB
FC4
F48
CFE
F1D
F5D
16B
1C2
F47
042
227
F74
131
0F2
1C1
212
041
D30
EC2
EC7
EAA
FE1
3D0
362
066
2CA
123
E87
17C
CB5
0F6
360
F65
D3C
FC7
EFF
DDA
D11
FE8
E69
BEA
FE9
44B
ECC
E58
ED6
FD4
261
FA8
E92
D36
E9B
04D
F84
1F6
F7E
02A
1D9
FE7
D47
003
C90
E95
277
F49
150
0D6
DE5
FC8
27F
FCF
25B
2BE
EFC
03A
E94
D74
F8F
D60
FA6
08D
11D
054
D10
E3D
27D
103
D6B
FE4
001
038
F78
D3A
015
08B
0D4
FAC
185
0B6
F4E
250
F8C
C17
341
E7E
178
E0A
1E5
EC9
1DC
015
F27
E01
E66
083
003
0B5
261
F4D
0A5
045
18D
0E1
FAA
044
EFD
EAA
DE6
F06
EDE
174
101
1B5
026
FD3
C74
FAA
318
EDE
287
136
DD5
F17
18F
FD6
055
13C
1EE
F5D
F2B
0BF
E30
EE3
FFE
072
131
FDC
EA2
113
0A3
01A
D06
09B
002
EF7
E45
F20
E38
2FD
E0C
20C
040
001
1F0
00A
EF2
03F
F9F
09E
FE9
EF8
DAC
FE1
06C
ED9
E5A
11F
137
0D8
112
D89
F41
1F0
EC8
BC8
FC8
056
15F
0B9
F62
FE5
050
F10
0E0
178
FEB
D6C
F21
000
019
EC0
06A
BE5
FD9
182
EC7
F9E
031
03B
205
207
E4D
D86
D0A
F02
E0D
172
D21
E0E
12B
C75
41D
F84
166
142
FDE
F65
FB5
E08
0A7
F9E
07C
1E8
14A
EF4
043
05E
2BD
F96
EFC
C70
169
F57
F08
044
FE1
18C
FDB
1BD
F68
0A3
0E2
167
FD1
093
F8D
02A
276
183
E59
F8F
FD1
07F
F51
3DB
12B
E5A
F05
102
1BF
F65
362
1C2
E4E
4BB
037
2EB
F29
F5C
194
E36
154
D52
1D9
179
1E9
FFC
DBF
2E7
1A0
EC4
C4E
099
DF0
FE7
E81
F3C
E20
0E1
EF2
0F1
269
045
F68
D2A
253
022
0DD
E11
1AF
0B6
F00
04D
27C
D0F
3EC
EC3
F7C
240
135
C88
20E
201
18F
F68
099
F63
FE6
1DB
1CE
FBE
DD2
292
D19
F6B
022
ECD
3B6
166
DC9
09A
DBB
0A7
EB8
F2E
21A
1EA
FAE
EBF
F27
D12
21F
E8B
EC0
2B6
E56
263
11A
138
1A8
58A
E54
F20
1EB
FCD
052
16D
11D
EBF
101
278
07E
26B
F19
FDF
E3E
F67
D85
F2A
F25
F65
075
FDF
F87
DFF
0F3
04E
018
DA6
F69
022
FE7
ECC
FA5
CA9
EFF
D7A
274
2AC
ED4
D7D
DD4
D51
448
C82
F6D
30A
232
0FA
E43
DEE
E83
42A
202
E46
E7B
E92
FB2
BAF
143
21E
3F3
F40
077
E92
F67
0B2
1AB
02F
F02
FB6
FD6
020
051
075
E25
10D
0EC
233
CC4
1CF
E72
25A
F3A
FF3
D84
C3F
2FF
084
F87
FD5
FED
01D
C31
134
ED6
197
E85
DEF
DAE
DDC
2E6
F53
D65
01A
182
33F
214
038
418
00A
398
06A
243
0B7
EE6
E51
3E9
21F
2F1
F23
E36
FF9
EC0
CFD
2D3
27B
124
2C4
F69
032
18D
E68
0EE
E6F
071
F5F
F15
FCA
F4F
F74
F81
0EE
DD6
37A
040
F6F
055
FD7
06F
E0E
CE8
012
FF2
F5A
0CB
CBF
C76
EB9
D49
F18
20A
C1C
013
F23
05E
090
2DE
030
E9C
FF4
E62
258
F78
006
293
08C
195
D68
E1C
E84
29A
0E0
E7F
2B0
01E
CC3
066
EFC
F76
1DF
221
FFF
F6E
FC8
23D
F6C
FFB
F86
23A
FAC
FD7
105
F1C
06F
0A0
1DB
2A5
D64
283
008
C95
F06
007
F36
16F
C81
16D
262
D4B
ECC
14D
39B
00E
DA1
1C4
151
E4D
E19
098
EC5
2C5
46A
117
FC0
037
D14
9FC
122
0D5
030
E3B
CDC
DD3
F9D
0D8
08A
1CB
1D0
08C
0B5
F3B
00A
038
09E
33D
FC4
1EA
E78
F74
31F
F47
113
E2A
DBA
116
FC7
0F2
1E9
31D
1A3
27D
F10
0A9
ED0
EE4
F0B
0CD
056
1D8
099
D7C
DFE
1FD
EB2
CF6
151
19C
F80
FB2
E3C
EB3
FFD
ED9
0AD
086
F9C
0C0
ECC
111
EFD
202
DCA
151
170
070
205
13B
177
D53
01A
361
280
F55
D75
FDB
02E
074
153
198
18A
F60
F42
E88
F2F
EC0
171
1CE
F1B
06A
17E
207
E82
063
FCA
32A
156
12D
47B
F04
E75
195
E37
025
DEB
F1F
E02
149
107
F5A
FBA
F37
FB7
FF9
000
0D3
004
312
1FC
E71
132
E17
063
23A
EA2
E49
C6D
E6B
F14
D84
254
E13
EBC
34D
2D1
044
07B
199
06E
1B8
00B
1EF
E5E
148
EF2
122
D37
F74
0B3
097
ECB
BA4
140
E8C
EAB
ED9
138
DD9
C97
192
DD2
C7E
F7F
D8C
134
09C
DDB
DF2
FED
278
F77
DDC
184
EE5
2FF
B6E
0C3
2AA
D0B
EC5
074
06F
3EA
CF5
136
DAB
DA6
00A
0D1
F3E
220
F27
126
FD5
13F
FDB
F39
DD3
00E
259
039
097
117
FA8
DED
EEB
0A5
E88
FAD
FDA
F8A
231
100
291
070
14F
08D
30C
F42
311
E6B
0F8
049
035
277
0AA
DC4
3AC
F6E
E02
231
22F
128
07F
F3F
D80
E5E
F33
F89
123
EE9
24F
FB6
05B
E5C
025
014
FF4
0DF
F42
139
D07
08D
F05
E90
E79
171
FE1
36A
EDB
0C5
E17
0BD
20B
053
2FD
F78
F22
FAD
1FB
209
1AF
181
D43
FF2
234
124
056
077
ED7
FD5
EBD
066
C2C
FA1
FD1
F1E
DEC
0B1
F45
EDB
DEB
011
C4C
02B
14F
041
2C0
FC4
DF4
004
F3A
F3D
D27
1A6
028
F5B
202
128
FC7
179
251
D52
F8D
017
F61
1DA
DF4
FF6
100
1A8
2AE
D49
08F
194
F3F
0CA
EDF
E6E
F56
EFB
F4B
0D1
F70
EAD
1FC
FAA
085
06F
152
F3D
D9B
006
F55
E4F
FAA
21C
185
EDA
E99
A76
110
FBD
133
EDE
E60
027
076
08E
E34
E76
16D
283
049
F7C
07D
EF2
2F6
FB3
E66
E22
F4F
109
246
FFD
AD3
0B4
28D
0E7
FA0
E15
F17
027
F2F
2B0
DBA
159
FC9
12A
05E
046
FF8
0A2
F28
0FE
0DD
420
220
1DF
DF4
DA3
FCF
103
3E2
023
F25
FBC
031
10C
E8E
F6D
EF4
0E2
1EE
F46
FCB
C55
303
009
008
126
30F
E8A
084
0D4
0E0
F49
1F5
E0E
0A8
FA6
0A9
227
122
EA9
F03
063
0EB
001
239
EE6
D7D
0B9
E36
1B0
E5D
165
FD3
007
F0A
13D
D7D
30C
B95
EBA
1F5
156
ED4
237
03E
FFC
F8D
F1E
D3C
2D1
2E5
F8F
1BB
254
FAD
EDF
248
FDE
EE8
BC6
F3E
0F0
F57
0E1
E0F
E94
F33
08A
E5A
082
04F
DFF
0C1
F3A
001
FC4
F24
F8B
119
10A
E3C
222
238
F79
F5A
FA2
ED1
D71
F0E
07C
E15
0B9
083
08A
F71
E29
0FE
0BF
F25
E8B
E15
1E8
F83
212
DC3
D3B
076
197
17A
FD0
0E5
E56
CC7
089
D0D
F90
5BB
161
040
D8A
F6A
D7A
461
CFC
E7A
0EC
033
1C6
116
086
14E
130
319
F9F
CE7
190
F71
039
F1E
0EF
234
E85
EF9
4C7
0EB
0CC
121
09B
078
E54
288
E9B
0BA
F0A
0EF
09A
1D5
D76
1D6
D98
E07
07E
E1B
EE7
0A7
F66
F5A
0C6
35C
FD9
DFB
2AC
159
069
EC9
337
EB7
102
D39
FAC
0DE
B97
F49
FB1
002
F00
F60
0CE
02B
E53
2E2
327
F88
0C0
120
138
F6C
182
261
FF7
EB6
F28
CA2
E03
FFE
DCF
FFF
1D0
EDE
E75
F82
341
D32
233
175
193
FFB
06D
227
054
014
DB9
FA7
E0F
086
DB0
00C
2EA
CF6
27A
F44
E24
E77
0C8
170
FCE
D4A
0DC
D91
FC0
17D
F3C
D26
F44
0F0
0E5
0EE
226
CFC
DC2
1AC
1F9
FB5
FF6
F34
21B
446
E71
117
FD2
D38
235
37A
EE1
173
089
DA8
0CB
EB0
ED4
033
1B7
EA1
E03
E6E
F2B
E56
D3F
F3F
02E
E2E
F6E
01B
DD6
146
0E7
F97
EF8
E0D
298
1E4
F95
0E9
11D
22F
0A5
E34
1E4
3AC
189
FEE
0E6
D5F
28C
018
06F
E4E
37D
0E0
E42
03D
29E
E49
17A
119
2EE
F56
F1E
E25
247
1B3
DAC
DC2
F71
DF3
04A
FA1
F8F
1FA
248
F52
F54
D88
2B0
0E6
08B
D81
FE3
F88
2C2
049
E89
00A
03D
E07
F94
081
D5D
F73
036
C42
1AA
1BF
D4D
1BB
FFB
FD2
F79
EDB
197
021
13D
2BE
FEA
111
0BE
D9C
CE9
1A7
14B
27B
0DB
0B4
E6F
1AB
0F5
E5D
17D
E4A
127
4B5
F86
281
03B
E73
D24
15E
F6A
029
D04
FB0
F3D
F4E
D1D
C71
F24
DA7
FC2
29D
15B
CAC
CB1
EFA
05D
F2A
E5B
047
F3B
313
156
01C
168
E62
FBE
0AC
EC1
FB3
DC4
1E7
FA2
01D
F3A
110
E15
14D
13F
14D
189
04F
D2A
C0B
0E9
247
FBD
E9E
EE0
E56
FA2
CCB
071
F3B
FDA
126
058
FED
E63
0D0
013
F92
1D4
D97
FE2
F2D
F2F
FA8
224
EB9
120
F70
E19
D8B
052
17E
179
02C
1E9
217
397
E68
DF4
120
F9C
09F
FCB
1A5
FF7
070
095
E9E
15C
143
C2E
F6C
02E
016
1D5
006
183
14F
FB0
016
E87
226
334
346
F1B
163
154
D7F
3B6
031
085
C25
04B
F53
103
FC7
DC8
195
119
EA3
E72
06A
E01
DEB
D7A
F73
17E
169
0EE
0E7
D26
FB8
D5E
F62
DEC
EE1
0A1
2BF
095
0A7
FD9
FC1
38C
DA0
042
151
018
073
F3D
00C
E21
FC2
EC4
FCB
F67
DF4
D1E
F68
EC8
049
D98
1BE
02C
121
FA1
293
FEA
08C
E5E
0EE
19C
EC9
FF8
003
1EE
F7D
040
DA1
2D5
096
F44
DFF
FFA
2DE
EB7
F9A
DC2
0A7
ED6
208
172
FD5
1F4
011
FB5
F7B
10D
147
15C
10A
FB6
E27
0BD
FB6
E8F
EFD
ED1
F9B
01F
F03
F94
066
0C0
113
CF1
1CC
014
D51
06A
15B
064
0C5
DB6
E0E
D11
143
297
F24
FAA
E16
D98
3F3
3D4
E3E
EC5
E97
0EA
F6B
F1F
2C7
0A9
EE9
C5B
073
E66
2C3
E19
128
B94
1FC
262
DE1
318
C34
EE7
F37
EC6
EAD
1E8
167
088
F9B
E10
053
F7D
050
105
FA6
F99
10E
DFB
F04
DEB
1F6
02F
3D0
EDA
18C
F94
D44
E9D
E8E
2D0
056
25B
C82
17C
FBC
0B4
163
EED
F72
CA2
095
211
FF0
098
EFC
292
097
EC0
001
0E7
DFB
083
0DF
341
F79
FF9
EAB
0CB
F81
FBB
E80
0D3
F96
FC4
DAA
226
14A
13C
294
087
EBF
0D4
F5D
1F6
155
F0A
F25
EB4
DF5
1E0
372
1AA
B4B
F19
F30
2D0
208
09E
D9B
ECD
F5A
FF6
F58
0B2
E7C
D39
D4E
EBE
11F
02E
14A
1AB
040
E53
064
FA0
1AB
F4A
F7A
F7C
14C
FA0
01B
03A
F2A
C35
257
EFE
F50
DBD
E61
F4C
F37
E5A
440
1C0
1B1
F00
F86
001
114
FE5
25E
2C0
F4B
F41
110
261
42F
F85
D8D
CF2
0A6
FB4
E15
D52
05D
FE1
013
D2E
D1B
EE3
063
D2F
507
D47
F89
183
EE7
F40
0D4
F2F
FE3
005
F0F
BF8
D2E
202
ED1
2A2
EAF
339
017
468
DA4
044
E2C
D72
DFE
E91
F5D
DC8
070
014
0D8
0FF
EAD
301
05E
C25
1FE
DC4
E01
14F
FA4
E79
01E
FFA
ECC
E99
2BD
E54
F94
1BE
26F
F0A
0AE
060
294
0C6
13E
EC6
1BF
D0E
E68
2B8
221
3D4
141
EBF
37C
066
06C
104
FC1
F2B
E34
F2A
F5F
117
E5D
F37
CC2
225
F24
198
004
F41
1A5
071
DCF
DBB
ED5
FB4
11B
E95
292
DC0
395
104
ED8
F6B
0C1
E9A
FF7
EF9
E6F
FDD
2F1
16D
E42
091
EA9
F2A
E0C
2D2
157
FD5
E02
20E
12D
FC9
08B
E43
F93
1A0
FC4
154
2D4
DBA
1FE
F68
DE9
16F
130
FDD
1BA
2E9
E7A
F3B
DEE
F05
16F
0C8
E65
072
F02
EAF
2BC
178
0AE
C9F
FA9
FD3
F52
070
326
B9E
DB7
0ED
DF2
F22
205
06E
F0F
015
E97
1B0
CD3
FFE
E97
FB6
0D7
296
F4E
F19
19A
042
1F3
F63
BB0
FFB
E88
E18
E9F
222
D5D
EE5
07B
F0B
F99
F8B
CDB
F09
0FA
FB6
1AF
23D
2C0
0B6
081
D6E
F43
117
E04
F6A
F23
222
073
041
31D
07E
D18
180
FB4
0C2
1B4
FA5
14D
0B2
F76
F7D
BDC
1A9
E68
F5A
F68
1F6
1BB
141
E9B
E5D
16D
F7B
E0A
20A
16A
FF9
D88
D64
092
041
F06
2EE
0D5
2B6
FAF
054
325
0E6
FE6
11F
0EA
4C3
EED
FA7
257
18D
108
0CA
E0C
EED
038
1C7
F5A
ED9
136
040
F3A
027
F36
DD1
038
DF6
EE1
0A8
EB5
1A5
142
022
0B4
0AA
1AC
E66
0B8
FA7
111
F88
F6F
31C
00C
E2A
E66
130
D9C
391
02A
15B
FB7
1A5
169
313
0C4
E37
D5D
048
D3D
FFA
049
045
102
FFB
28D
E71
E5F
F52
03F
ECB
F11
EA9
179
F10
E8C
23C
238
28F
BEE
084
48B
EC6
FC4
042
DD6
B93
EB8
0A2
B24
0E1
F6B
E91
354
F41
C90
C39
F43
F0A
E7A
EB1
1E7
FF0
0F2
0C9
CF2
141
EBC
DB7
F7A
E44
F65
E40
04E
EC9
301
297
EE8
F64
21F
13C
25D
1FF
2E3
095
0AB
EF3
2E8
DBB
E6F
D52
580
F73
EE9
CEF
0DD
F42
102
EB9
0BB
24F
0DC
37F
229
2A8
DFD
E94
F40
1C5
25A
130
036
DE4
F6A
06F
0DA
007
030
368
FB8
07F
047
0FF
05C
F87
137
D3D
FDC
087
02E
103
F68
BC6
D84
1BD
07F
E8B
E0D
CF2
D1E
1FB
138
083
EAE
FCD
23F
F92
1BF
F0B
F4F
E45
DAC
0DE
FA6
238
CAE
F31
0E8
D70
F73
12D
EF2
1A3
124
C1F
2FE
0CA
F04
F72
EF4
FC4
E46
FFD
F4C
DC3
EF7
111
EBB
FB4
CC5
F02
185
01D
FA9
037
CDC
E7D
BAD
EBE
246
22F
E45
2BD
0E3
3B3
04B
F9D
F5C
CDC
0C7
08E
260
EFF
EE9
FF0
FB3
20C
2F5
0C0
DD9
169
CF0
01F
154
D7E
369
F2C
DB3
E48
F28
240
F3C
FF9
026
FEA
187
EA4
147
0F0
D28
EB1
0E6
C3A
CF8
DBA
FBA
0B9
B36
144
00A
F8A
04D
1C8
134
3CB
0C5
E1C
28F
EF2
136
EC4
F22
EBE
DC1
EFF
07E
303
FA5
13A
EAE
C34
E96
1E5
F23
E87
0F4
E49
530
F3D
32C
07E
03B
014
033
1A4
DA6
DC4
DFD
17E
0BC
D7A
1FC
EC5
CB2
F59
FC3
FAE
341
00C
F63
E4D
E92
FD4
24E
057
D00
F4D
F77
D87
052
1F6
EFD
E3C
E6A
C53
1B5
10A
416
F59
095
00A
001
FBD
1D3
050
F62
FBD
ED8
EC6
F85
FDA
383
E2E
E69
F8B
EDE
004
EED
18B
16B
0E0
EAC
018
0F2
1BB
DBF
05C
09C
0B2
3A8
01C
F89
00E
008
0D9
152
16D
FE8
1C2
17E
0DD
083
E39
B8A
045
169
2E5
281
E9E
23C
FBA
04A
FD3
109
EE5
EC9
0ED
16D
FD7
2D4
0D5
FB9
04F
FEF
ED6
EB4
DE2
F49
C59
104
FE9
FDF
071
36F
F0F
EA1
E78
FCB
2C0
FE6
E3B
071
384
035
E3F
228
186
DA7
21F
175
EEC
1C2
2D4
01C
F51
EDC
F68
FCB
1D5
E29
03D
F1B
10C
EDE
FE3
DCD
001
F84
F7A
422
EEB
0D4
1DD
009
E15
DE1
363
F3C
440
FED
E64
1AB
E5B
073
189
2A2
047
D7D
2F7
08A
F3C
E95
F30
0B2
099
3D0
148
014
039
E2D
1D2
F2F
127
EFD
190
00E
28C
0EE
F1D
1A6
F66
35D
06F
FE6
E2A
F2A
CB6
13E
F35
DBA
FC6
F67
0DA
3CD
039
FB8
04C
226
EAE
F31
234
CF8
071
FE6
02C
1DF
023
C91
FE5
FCA
E04
134
C9E
0A3
0EC
FEA
1F2
162
230
DE2
13B
0CF
271
DE6
191
B73
15C
ECF
2A2
E8B
FAF
FF9
124
1F4
0AF
FF5
13D
F67
FB5
E86
1FF
D6E
D6D
079
32A
F4B
1E2
0F6
0EA
F81
D63
34A
C1A
050
E05
242
D2B
35E
FB4
168
1A1
2FF
204
157
EFC
06F
0E0
E06
E6F
EC0
084
0A9
285
ED7
F99
FBC
D51
DCA
04F
E8B
145
0A7
FA5
130
2E1
F3D
049
F7F
F77
D18
FD5
213
62A
066
0C8
267
3A9
EFD
120
0DD
C0B
083
0E6
EB5
0F1
E61
D03
064
F9B
CAB
069
092
15B
F17
0FD
3E5
162
0B5
03B
1FC
027
B3E
028
2FE
1E9
03C
F5C
15C
144
126
DC8
0F3
E44
DA1
08E
D7C
213
F37
013
28F
090
1A5
DFB
E17
DFC
CBF
0E8
F03
F42
2E1
0BB
F5E
F6B
EB3
08B
EC2
E6B
19C
F7E
15C
08F
12B
DFD
098
E13
F21
F85
176
027
FAE
E7C
CD2
0AE
DD2
EBD
03C
E34
E84
F15
29E
E9E
F3F
0D0
00A
CE1
477
050
FFA
F29
0C5
069
144
0E5
125
0F5
370
E4D
