064
151
092
D5C
028
EDD
FF5
DF3
DA3
11B
FCB
FD3
E74
E5C
2F0
1B7
FFD
EAF
1B5
DFD
C9B
FE6
428
157
13F
EC0
118
E47
FF2
ED3
F49
29A
0C5
18D
133
05C
281
F7A
0CB
EDB
19F
E08
DF3
E37
03F
169
E09
2EE
06F
E22
0B3
0C9
F8B
14D
F95
DD8
FEA
0B7
EE2
085
ED6
13F
033
E76
FAB
F3F
1B7
E81
CAB
057
D26
C3C
090
FDE
178
D3A
0ED
212
0C6
05E
2D0
0ED
149
1C2
0EA
D1C
F51
19F
F21
EA5
00A
FCB
11C
DB3
CD3
2DE
D55
DE9
0C1
283
E1A
EA4
081
26C
058
E6A
E70
EDB
141
ED5
097
E12
07B
1D8
F06
DFB
164
058
E92
FD3
0E2
DB4
050
F1A
E2A
373
104
18E
24E
166
FB1
FF0
D92
D27
117
FF5
266
E49
0EF
DEA
41F
EDD
112
0D2
12C
2E9
E91
1B8
DCF
FFE
B49
EE1
EA7
0BD
112
019
F2C
F08
029
DBB
092
EAD
DB0
F26
DFA
23A
04A
153
D5F
2AB
EF4
12C
F5F
251
0ED
F31
1C1
EF9
2A4
CA5
F5D
02C
FED
2E0
022
ECD
03F
135
FE2
E8B
FF4
078
D9D
010
D43
1CC
2BA
E83
DF9
10D
E3D
056
D59
EC8
E42
ECB
C4B
F27
11F
25F
DC3
242
F05
D26
F9B
F0F
0E5
E3D
067
E2C
FB0
FB9
112
F4D
F4C
057
F92
11E
007
282
BD2
129
EFE
FE7
223
216
104
D4D
0EE
039
E45
ED0
0A8
D24
F57
2C9
EB4
29A
074
063
F2D
DC5
0C1
058
FCA
F99
EE9
F63
EA8
0F5
1D5
F2A
153
F37
E94
EA9
F02
0F7
E18
F63
0D0
015
FA4
E46
013
BEA
C14
2E3
FFE
071
D0C
EB2
517
0E4
0DC
0D7
F23
07E
0CB
14C
DC2
F20
173
310
1BA
E14
341
221
F13
10C
F37
17F
17B
D24
E9E
F35
E44
196
DBD
D5A
1BE
F0F
D97
11F
EA3
0C3
FAB
F1F
1CD
FF7
F39
D96
124
E0F
14E
FB1
137
BCD
E62
FA9
0E2
3A0
F2E
FB7
E2D
371
D83
FF7
D8B
10A
F3E
CB1
126
E1E
2A1
183
34A
069
EB6
082
FD8
E5C
149
EF9
1FA
ECE
E59
205
C80
D9E
F1B
057
1BE
F3A
25B
00A
0CA
E71
068
35B
0DB
EF1
127
0EC
FF5
243
E26
F7B
021
FEB
19E
01E
117
F65
EA0
FC7
E92
E9B
FD9
206
066
17F
CDD
1B2
E27
ED6
18D
1A9
0F3
3F7
01D
C16
CC9
EA0
0C7
E8B
E00
032
FFD
0D6
1FD
D74
C5E
2CE
E90
01A
3A7
12C
F47
078
DDA
051
255
14C
FD6
194
D00
EC2
0B0
F03
FC1
10A
0B1
FF0
DBC
F63
225
137
C26
DEA
15A
FC5
2D9
E94
29B
152
096
ED4
FAC
E3A
D87
095
E04
E32
C1D
0EC
0E4
14C
021
1C4
0B0
F7E
10B
153
034
E93
33B
FB5
266
1EB
2A2
059
191
157
286
E72
F8E
F0D
485
F45
2A9
155
F59
1EB
00C
CCE
FA8
223
F03
084
067
089
F98
FBE
05D
FB5
004
129
D32
279
079
022
F2E
0F7
102
E3C
112
1C8
2D3
1DD
E07
120
1AC
E8D
D6E
26C
0DE
E3C
096
D97
E08
FBF
213
EF0
13C
E17
DEA
0AC
E71
08B
250
11D
F93
13C
159
157
31A
EF8
EC7
379
232
0D2
F7C
ABB
CDF
2BB
F75
0C9
FB2
1B1
E47
0C7
E2E
002
1DE
C8F
E11
350
200
218
1DD
0FE
0F7
259
01F
EA5
C4E
F0F
04D
FC1
081
C97
F8A
166
F5B
0FC
E9B
F91
D84
F16
FDC
0BF
246
E09
FA0
E11
172
D34
12F
183
BEB
0C6
055
CDC
187
1B4
349
037
211
06B
0E9
FA5
F17
158
C92
236
F38
1EA
F82
FB2
001
053
005
F47
140
0FF
F86
03F
FC3
E37
0B1
0EB
0EC
FB6
DB7
DF8
32D
1E4
E4D
F74
248
F55
1AD
1C0
FA7
FED
096
28E
F69
14C
DEE
204
335
DF9
FC4
055
F85
E87
0B7
FE3
214
F35
0B9
F5F
14F
061
C5A
F88
148
145
FDE
E79
180
120
16E
233
C71
208
064
F0A
099
F71
BDD
DD2
091
181
276
F7B
1A1
030
1BA
254
0E9
197
058
DC0
053
006
D0A
E86
145
285
E6E
1D4
E39
199
DBF
DC1
0A4
021
EF9
F00
DE7
2C1
FF5
0BF
FD1
C48
02E
C68
F30
F48
EE1
FDC
0D9
EC7
F2C
0CF
068
1D2
FBD
D85
EE9
E28
0DF
0A9
FF5
EF9
0C7
E20
EF1
11F
305
F6D
020
E11
BAB
09A
E78
0D1
133
E06
F5B
FA2
F71
E77
F70
10F
E37
D1B
0BC
0F2
161
180
1EB
1C7
DE1
FE2
022
F4B
F4C
072
1A5
E34
12D
156
019
1EF
FF8
078
E79
E29
1D6
12C
12B
32B
110
EED
E29
D60
F18
CE4
0DB
F8A
001
369
F9F
EA9
E9B
166
2BD
DA6
125
F1A
106
E4C
0D2
1E0
152
04B
058
F92
1A6
23F
06D
F23
06B
225
FA9
E2D
057
1B1
01B
0EE
F30
F12
D7E
E91
D63
067
E91
D99
40C
ECA
1A1
F60
126
D2A
F78
1DD
F90
FC6
DD8
3D1
EE1
EF6
2EC
204
FA6
FEB
14B
253
066
10F
1D2
EDF
382
277
003
DAB
0A5
F5E
148
FDD
FD7
CD6
E18
CD3
F63
0F5
D61
EDB
109
283
0ED
0D2
366
190
E82
1F9
FAD
206
2A8
FAF
F30
DA1
F10
02B
D68
1D4
EE9
F79
F24
F62
0DE
F11
F63
FFE
F9E
2B0
096
186
F3A
2F0
EB8
D37
04C
07C
07A
0E8
EBE
E89
E9C
FB3
237
0FD
EFF
07D
EC7
E60
F48
FA4
116
FFE
020
01F
E5A
0C9
049
E67
E1A
DD0
5D3
028
12B
000
F9F
221
083
E6E
0AD
2DE
470
2A7
118
F83
DB4
011
1FE
CE4
E77
13B
08F
F6C
05C
F87
364
D55
CE9
0AC
092
F78
3C4
2C4
129
254
EA5
D32
F59
F7A
F5C
188
FCE
146
3A8
24C
063
239
163
F58
D1B
009
F57
07B
0FF
FDB
3EB
2F6
F13
ED2
DAF
38A
149
CE7
F96
210
F35
16A
17B
190
01C
F4A
14B
F8A
0CF
FEF
BE8
DC5
FDB
2AE
192
0E1
0A2
331
CC4
F8E
239
022
05E
198
E80
ECE
0FD
0FD
01C
E3E
BE5
D18
F01
D7D
26A
23E
F90
D8D
2B9
F29
F7D
051
059
ED2
0AB
E4B
0F7
FFE
F09
028
EE2
E9D
17A
D25
08E
E00
364
E31
19E
0B4
BF0
1D1
048
EEF
D6B
ED1
F52
EC0
1B8
CCF
2A0
08A
3A9
E9E
E52
F46
F27
0C9
04D
078
FA0
037
FC6
1CA
F72
048
219
425
0AE
D61
D8F
283
F56
FBE
0B6
FCD
052
CC1
261
EF3
056
EFC
011
D00
3BD
072
0F6
E76
D86
F9C
0A1
FEA
131
F38
1DF
DFA
EC6
D25
197
192
00B
0C2
36E
195
F2E
C51
057
04C
088
E09
189
FBD
FA2
09E
08F
E55
EAB
B4F
1D4
FD0
31F
048
0C8
01F
DF4
EEC
36E
0FB
EC2
E30
14B
E3D
E2B
031
31A
075
022
FE9
EED
029
D97
14F
E3E
2AD
0ED
FDC
E49
10F
FD7
DB8
0FB
F33
38C
3D5
24E
F95
216
E81
EBE
013
F9F
394
D48
09D
D28
E23
373
162
048
2AA
103
BB7
CB4
E78
085
1EC
F0B
FE5
E11
E56
252
081
1BE
4CB
04C
33D
FD0
1A6
F71
E11
C73
105
EDC
DD3
09D
EF0
DF3
179
080
FAC
0BD
F1F
ECF
0A3
F84
0E3
DBA
089
D79
1CE
D89
161
E93
E34
E21
050
F6C
E6B
0A1
03D
D76
282
CD0
FAE
EC4
0E1
003
08D
312
F88
CAF
0F3
F31
E87
140
F82
E07
DF4
214
0BD
F94
12E
DC5
FFC
0E4
112
181
FDE
0B3
0F7
346
033
E84
262
DB9
0C3
DA3
2D8
E15
254
E70
04A
18A
0E0
F17
FB9
FCD
0FA
F16
BBD
FCE
146
EA1
D3A
FE9
D8B
17A
4E5
0A6
F25
072
ED6
FF5
FC3
1FB
09C
F97
12C
0C9
223
F09
00C
C52
FB1
F70
0B2
FB8
EBB
F66
16B
F06
025
0C8
1C6
23F
FBF
308
F6F
EBC
F72
BA7
EA0
E1A
C68
2FD
F40
043
04B
319
F3F
FA0
14B
FAF
1B4
F47
CE9
ECE
271
1F1
D12
FDB
C8C
E33
182
F70
0DF
E01
064
D24
11F
0CE
17F
F27
E85
149
33C
14A
007
0A6
ECF
015
E58
F6A
35C
214
0CD
E50
3EE
FFC
0B0
14F
E89
1E7
EE3
1A9
234
FB1
0FA
BE2
DA3
CC8
C7A
1B5
24F
F1C
D63
F14
FD1
FF3
3E1
F87
F33
187
DE6
E21
F26
187
CFB
11C
F68
EF2
0E1
F38
386
FBB
EEC
2BE
E71
FFB
B4F
F5E
ED8
10E
F19
EAB
10B
CFE
016
F4F
1EE
F50
E16
F2B
24F
08C
24E
D9A
FB8
F1D
FFF
100
002
0C8
156
EC8
0BF
00E
FE4
15C
FFE
05E
22F
101
FC0
F49
0EB
F53
1CF
1A9
E8E
DAD
EC7
03D
1C0
F71
1C6
E54
3FB
189
3B6
190
393
FD7
104
EEA
E2E
F9C
FF4
383
FC1
E08
FD5
1CC
05F
352
292
EF9
088
E09
0F7
D82
298
3F5
09A
F32
00D
ED0
F1D
D1B
19C
1B1
0AC
FF6
D6E
08C
27D
1CB
1AA
0BF
FCD
D5D
FD0
1EF
110
238
312
0F0
10E
150
EFA
FFB
21E
FEB
13C
F46
DDA
E43
033
D7E
44B
08B
275
052
1EC
0BD
122
23B
0E3
F56
EA6
097
D8A
0A9
FA7
FA2
00B
F4D
F7E
E95
F10
09E
17D
20E
1F7
FAC
196
F9C
EFB
0A7
E29
FAE
F07
2F4
F07
F7F
1FC
D66
CD9
0CB
173
314
F9B
144
CD6
2BC
082
18A
F85
028
074
EFF
189
E52
396
1C7
D50
FBB
09F
011
06D
F46
087
09E
070
FD4
0DA
06E
F58
EEE
0E7
1E3
0B2
01E
17C
C0D
E55
DDA
C88
03E
D82
F53
03D
EBD
0EA
F83
080
0C4
0DA
19E
F28
2D8
16A
230
E35
088
237
D47
115
32C
047
143
FCC
242
F99
F45
F43
D34
391
EB4
FA3
0A2
F49
FA9
D3F
D4F
0C6
F5E
1AA
134
1F1
013
F8F
F78
F2E
FD0
EDF
139
FA6
471
FF4
FCC
EA4
043
FE6
19B
006
078
16E
0F4
D54
0D7
BFA
E93
0FC
137
D74
C81
27E
147
1BB
E3B
058
047
28A
23E
07A
DC6
EA7
F3E
F16
108
083
FE8
EE9
0BF
22B
EE9
1D1
E89
069
2F4
B83
FBA
171
FE5
D75
07D
F35
F06
2A7
E08
E5A
FB3
100
D00
01D
062
F1C
2D8
12C
F8C
110
F47
E00
093
0B8
F10
1DD
E6E
3E1
FD9
103
EC9
0E5
10C
3CD
EA1
0D9
0A2
05C
E92
EDE
080
F83
035
0D5
F32
17A
044
103
F77
1F5
F19
EA8
34E
0DD
196
E01
036
02E
F31
F1D
076
F9A
145
BF8
040
306
E67
05F
175
F7C
E97
1C1
DCE
F98
F4B
14B
FE6
F53
059
0F9
2A4
E45
F83
291
0C3
188
FA8
06E
FDA
DBA
E05
D55
EC1
03E
FE8
F4F
E27
F58
BF1
CA6
0BD
FA2
0FD
321
EB2
FFE
331
09A
F1F
F06
FCA
F5F
155
E0C
139
17D
075
2B9
E53
0C5
268
F94
262
E61
074
F9E
12D
12D
1E6
1E2
C6E
E10
E36
F16
071
FB8
068
3E0
F8D
E8F
F62
192
011
4B2
0B7
F7B
FB2
E20
DE4
FD4
C98
0AD
D84
B56
F96
EA5
E6F
F32
F7D
F75
00C
FCB
FBA
F19
F73
1B8
F5E
0C1
0F8
0B9
15F
F84
FAD
E05
174
FE5
FD7
0CB
08B
F89
4C1
08B
EC9
1F1
C39
DA9
E7D
13D
109
F5A
035
C6E
292
0B3
F75
FF8
046
27B
056
27B
EF2
19F
E62
3E0
CF5
1AE
1C5
1EB
EBE
F7E
FDD
E06
F81
00B
FAB
2D5
ED5
054
059
232
C23
F51
1DF
D8B
F36
30C
306
022
00E
103
FE3
F64
7FF
3F8
C9F
8C1
800
F60
656
7FF
58F
031
B62
A72
E3B
364
7FF
7DE
071
800
800
CBB
2A5
7FF
6AB
02B
960
A9A
913
539
5E4
7FF
387
CBB
929
AD4
3AF
7B1
7FF
1BA
D74
9C9
811
13C
710
7FF
2E9
D58
800
BC7
1DC
7FF
7FF
00D
EF9
800
850
1FF
7FF
7FF
325
E3C
800
915
FDC
1EF
7FF
567
E96
ABD
800
D60
597
512
5C5
F9D
964
C08
BF6
22A
76F
56E
FD2
A31
956
93E
4C3
761
4E9
DE5
8E6
800
A83
25D
4BE
7AD
386
923
B4C
9AC
E3F
748
6FC
FC5
800
800
A95
15A
7FF
7B2
315
B37
955
9A2
188
6C2
7F1
242
E50
ABD
800
E32
4B2
760
79C
D7F
8D5
9EC
EED
7FF
71E
55A
C13
9A2
800
ECB
52C
5BB
7FF
083
B93
800
BEF
3A4
7C4
3AC
EE5
8EA
A89
C47
23E
4E5
430
DB7
910
944
9AA
5D6
6E6
53E
12B
A6D
800
D94
371
650
768
2DF
CE6
800
AA2
3D6
64C
7E0
24E
B92
800
B4C
117
7FF
56C
1C9
BBC
A80
A78
D78
7FF
5B5
328
DBF
800
9F0
FF7
7FF
711
445
F76
91A
A54
E7E
74A
7FF
543
E82
8C7
989
ECB
5C6
7FF
570
3EE
9B2
800
9FC
3D2
3AE
688
DE6
9AA
898
E19
4BD
7FF
7FF
193
AA3
8E9
A85
1CE
7FF
709
001
B17
800
BAC
210
670
521
FE2
C39
800
C06
E0A
671
551
0D0
A03
800
B77
F63
58E
7FF
342
D3C
800
B56
0F1
41D
6BD
55D
F2A
800
986
DA8
6FB
7FF
5E5
DEC
800
A33
F0B
4BD
7FF
68A
106
9D6
800
DEE
4D0
78A
503
0FD
A93
800
E77
3AE
7FF
43F
E92
BC5
88C
E3D
40F
613
768
373
9EA
997
C07
2CA
7FF
3B0
FE7
96B
800
9AB
0B3
7C4
53B
07F
B48
800
DB5
181
77F
7E4
EAB
A64
800
800
152
66D
7FF
17E
DB7
8DF
9A3
150
487
781
27E
EA5
A9E
850
F04
5D9
5C9
740
AFC
A15
944
057
3BF
7AA
552
E97
885
800
D14
3B2
7FF
5BB
D4D
831
81E
D70
0FA
7FF
4B4
008
800
800
C42
48A
7FF
31C
0D3
BE0
800
D35
F54
620
56B
0B6
B05
800
90F
307
6A7
7FF
1C2
A99
86C
8AC
046
635
78E
320
AD5
ACA
A30
0C1
2CE
7FF
470
C79
800
800
EA6
4C8
650
535
927
800
8FA
C2F
741
7D7
57B
CA0
800
A58
FB6
2AD
7FF
4DE
168
BD4
93C
CB8
54D
7FF
5B7
1E4
800
908
BC1
384
7FF
7FF
EE2
AB0
800
C37
071
7FF
5D3
212
947
800
B5D
52B
612
5B5
27D
800
8BC
8B6
1C6
7FF
691
30E
AAB
800
82D
F6C
3D2
428
38A
DFA
800
AFA
D7F
7FF
7FF
420
D79
9B3
800
D4C
53D
6FB
49D
D03
800
849
FA6
7FF
7FF
49E
E2F
800
800
E50
4EF
7FF
2CD
F86
945
800
EFF
59D
5F0
63C
1E4
8A1
9CB
EB9
13C
74E
7C4
2F2
800
800
CD9
222
7FF
6C4
2F3
902
9A0
B63
1B6
7DB
6AF
1A6
978
800
DE6
F95
7FF
7B4
591
E88
800
DC9
094
5C2
54E
167
AA7
81E
A72
0F4
581
7FF
11D
F5A
86C
911
066
5EF
768
657
0E2
8CD
A42
06E
107
7FF
5F8
E44
985
94F
FA4
490
6DC
3AD
BF9
AAF
865
E9C
3BF
7FF
467
D82
A98
800
B71
7FF
683
752
DBE
ABA
8D6
B5D
E91
7FF
6F7
E9C
800
800
9B4
FA1
6D5
63F
FA9
9BD
800
838
328
658
7FF
4DE
A99
800
C68
32B
651
40F
353
80A
B4C
A7C
2D4
6C0
682
2F8
C42
800
B25
FC8
56B
7FF
326
800
800
C89
1EF
620
7FF
217
B2F
800
AD6
EE3
46F
62E
0F5
B55
8B0
800
CFA
677
7FF
38B
EA2
893
941
FEB
642
7FF
62B
0D8
854
C1D
A86
5B1
7FF
48A
C5D
C08
82D
AB4
2F3
7FF
5BE
044
9DE
94A
C99
44E
7FF
713
17D
E0E
889
A05
F41
7FF
565
F87
8D0
87A
B91
1AC
7FF
575
1E4
AE6
800
800
20A
7FF
4C7
260
819
92B
A19
364
7FF
5EB
2C3
BB8
800
CF4
E56
58B
7FF
4E6
CA7
AB2
AF4
E31
4AD
7FF
5D8
C59
800
9CC
E1F
57D
6BA
3B6
DBB
800
B11
05C
4CB
68B
63B
E57
800
832
F1D
346
7FF
7A2
E7B
800
8F1
F6B
572
438
7E2
D8E
A7B
800
A04
322
5CF
225
D34
861
91F
E81
5A9
7FF
42A
F36
C6C
800
D4A
FAC
63D
7FF
146
C88
800
BFB
120
54E
7FF
226
800
800
C33
194
625
444
225
A62
800
95B
F3A
579
6A4
1CC
CC3
800
800
ECD
197
7FF
4AC
A94
800
B1E
030
2D1
46A
609
F71
800
9E8
057
598
2C5
52F
E30
8CB
800
CD1
574
7FF
5FD
1A4
800
807
F46
E6F
7FF
685
F6A
AFD
800
B33
783
5F2
423
197
9B7
846
DBC
3FB
7FF
74A
087
800
800
A91
409
7E0
46F
463
B96
A57
A58
0B6
7FF
69E
1EA
A53
800
C4C
2FC
653
678
38F
B69
800
800
E76
483
7D5
E4B
9C3
803
C85
123
707
7F9
350
D75
800
800
E50
6F4
778
4F4
D03
800
96F
EFD
3EA
7DE
386
B61
AA4
800
EF4
4BC
7FF
5D0
EA6
887
920
CD3
7FF
685
6FE
E83
942
9EA
C48
56E
783
324
014
800
8B4
DB0
590
2F4
710
FC7
CAF
800
E24
108
6CB
48A
03B
B6D
800
C06
3F0
7FF
7FF
054
C2B
800
BA6
153
6F6
723
165
C2F
894
A8D
FC5
6B8
4FE
F54
A31
800
917
0CA
3D2
7FF
1CC
B9A
99E
ADA
E52
67D
7FF
290
BB4
959
8EC
BD8
74C
7FF
403
D65
97F
CE3
0AF
3DE
66C
2D4
BCA
9FF
800
F6C
742
781
5A1
EA0
8B9
989
E1E
6EB
7FF
7FF
E93
A90
800
BBC
43A
7FF
706
017
800
C81
D20
46C
7FF
73A
F21
81F
A2A
CBC
2E1
7FF
4D9
22F
878
800
BDB
527
7FF
7FF
14A
832
800
E7B
017
595
69B
04B
965
800
C73
270
6F8
7FF
087
C91
800
A86
031
7A9
70D
0B6
9FB
800
800
F92
749
72C
187
E3E
800
A11
189
6C8
7FF
363
DFA
856
895
218
5E6
7EE
68A
C3D
800
8C7
DF1
663
7FF
2E8
C23
965
901
CB9
553
7BC
333
EB5
800
86C
07B
385
6C1
7FF
E96
800
A95
C84
437
7FF
5C2
E6C
BDD
800
9CD
2D7
7FF
7FF
048
8AA
8E9
BF8
35C
503
6BC
0CA
C7B
800
C53
21C
7FF
4AA
DB6
A61
800
AA2
1BC
7C1
6FB
0C8
AE1
993
A6F
325
7FF
5DF
39A
B6C
800
F9C
2A5
7AC
53E
352
A65
800
948
EF7
5E1
7AB
4C5
B04
8D0
A23
D68
7B0
760
1F4
BB8
9B6
B9F
1E5
7FF
7FF
39E
C35
800
95B
174
4DE
7FF
336
AEA
800
994
0CA
7ED
7FF
4BB
E6A
8C1
98C
C6D
39C
7FF
48F
B48
8AA
800
DB5
355
711
754
E65
800
800
CF6
37D
7FF
543
0D4
C6D
800
D58
597
345
3F3
106
B86
948
B9B
1CF
3E4
4A0
027
F07
82E
B3A
635
7FF
766
F72
A7E
800
98C
447
753
525
001
D00
800
BC4
ED5
6E5
6DE
FF0
8C0
81F
9B9
1EB
641
71D
39C
BC9
800
8FA
2BE
573
499
3FC
C66
800
800
3DA
7FF
7FF
198
CCC
802
9CC
08C
5B9
741
45E
CBB
888
8EE
F1D
7FF
685
5BD
C29
973
800
1D4
534
56D
4BF
D92
A26
935
D9A
643
5FC
458
E27
A1A
83E
DD9
454
7FF
694
CA6
800
800
05D
358
607
78B
E19
993
800
E59
25E
7D0
72F
205
86B
85D
9D7
5FB
7FF
522
23E
A5B
84D
D21
331
785
535
F42
A5A
AC8
B50
5F5
72B
687
2F2
B3B
800
9A1
1C7
7FF
7FF
00E
A4C
800
B9E
18B
67E
7FF
F61
8B0
800
915
245
59B
5C8
5A4
C58
800
9BA
161
4EB
652
0DA
DD4
800
800
FCF
3BC
7FF
28D
1A1
800
88A
F47
729
50F
45B
F75
800
8CD
F50
50F
761
50F
D94
A0C
922
FEE
78E
71B
763
C64
800
84B
BD3
69C
7F8
4B2
FB8
B09
974
E75
51E
7D0
52A
D47
800
827
E02
1A4
7FF
378
F8E
800
959
B07
2AB
7EE
371
FFA
800
950
E83
231
7FF
7E4
272
9F2
92A
C27
372
7FF
745
18A
F35
800
D76
2BD
465
4CB
3F8
800
800
93B
0ED
5E3
608
231
E9C
AE2
A13
03A
7FF
7FF
470
C12
A6A
B5C
036
75D
60D
02F
BD5
800
9FA
048
75A
693
326
E28
800
A05
CB2
6B5
6C8
381
E16
800
C73
0FC
565
652
2B2
F67
8E6
8F3
E30
14F
7FF
470
EA0
A5C
A9C
D43
473
71E
616
DD0
800
975
D0D
42F
53B
6B8
EDB
8A8
800
C95
5AE
612
5AD
EEA
800
83A
9E8
462
7FF
5FA
F5C
A24
AB5
BE1
56E
7D6
4B5
09B
AEE
8A0
A93
49F
661
7FF
06F
824
800
D11
0FB
7FF
21C
F32
C9C
800
CEA
5C1
749
7FF
E5A
94C
ADF
C3A
1D9
5E6
7FF
1A3
CED
800
A45
076
7FF
6C2
273
B99
8F0
AF4
28F
696
57B
3D2
907
800
B02
135
7FF
6C7
54C
A25
824
98D
FBC
6CF
7FF
3C0
C16
ACF
B93
CF2
583
764
4CC
EEF
8CD
91B
123
6D8
7FF
627
E06
849
9A4
CD0
553
7FF
4F7
D96
8C9
946
D26
313
7FF
547
FBE
800
885
DA0
7FF
7FF
7A6
EE9
A6E
800
D7E
1C1
7FF
4FE
00C
874
800
DE6
3AF
747
606
279
9C2
A51
084
1D2
7FF
76C
13E
899
800
CF6
3EE
7FF
2D6
CCA
91A
800
BBC
0C4
588
613
2B1
B2F
95B
ED2
5EC
7FF
4EA
0EC
9AF
9EE
AD4
DA3
62D
579
163
B04
841
C01
38D
377
7FF
05C
AEB
800
A44
1B7
4B3
549
1AF
A88
963
B62
291
7FF
7FF
568
D51
800
C8B
01B
51C
7B8
2C4
B4A
800
9C1
E6B
6F3
57F
1F5
E18
8D1
C1C
F2F
3E8
478
2EF
BA4
A88
9D5
E8B
490
7FF
587
B34
8AF
C13
E0F
454
692
3F7
E28
984
87A
054
7FF
6AC
7D5
D9C
849
848
07A
5B1
7A1
487
E81
A09
9A4
BE3
4DD
7FF
4FC
1B5
A36
9C1
D66
5B8
652
3BF
C6F
9AC
800
DBD
3A5
7FF
7FF
105
80E
8A5
CA4
3E8
659
7F7
F6B
8BE
A65
958
1C6
7FF
699
1F8
8BA
800
DEE
253
7FF
4B9
15D
ABD
838
A92
1C1
7FF
688
106
A50
800
F93
202
5E8
64B
027
CAB
930
B98
399
7B8
713
287
B82
A88
A13
21D
626
5F8
4BB
A6F
800
B8C
102
7FF
503
F70
9C7
800
800
084
68F
7FF
045
CC9
800
9B9
01D
4CA
716
492
CE7
8D4
B06
F80
6EC
630
365
CA5
800
988
C9B
5CB
53E
631
C85
800
9C4
D99
4D0
6EA
4D5
C67
8B7
A00
146
35F
7B7
7B0
E72
898
8B9
384
4BC
6A9
43F
A91
800
86D
C52
445
7FF
41E
D91
800
9C7
D7E
589
781
7D9
2A1
800
84F
051
3D1
671
6A1
1CD
BFD
917
F22
3BB
7FF
4BC
EAE
AD9
800
DC1
7FF
7FF
48B
076
800
800
9D9
3D5
7FF
4E6
F6E
9C5
800
AAF
333
5EB
7FF
074
99E
8E2
F17
032
7FF
4B1
144
B6E
800
CB8
38C
76C
4EA
3D8
A95
800
A48
409
447
479
10B
C3C
800
B50
266
7FF
654
20A
8A9
800
B85
30F
7FF
7FF
FD7
800
800
800
FFB
702
7FF
031
E03
8A2
D76
14C
7FF
6D5
2FF
B31
9F8
9E5
094
674
7FF
371
B96
914
800
FA8
7C4
6F8
33F
C65
84B
BBE
102
75D
7FF
0FD
DCA
800
86F
21B
48F
7FF
3AB
F22
800
800
E70
726
784
494
BF9
A08
800
BF8
73B
6AB
7FF
F04
800
96D
EFB
7FF
6F3
635
ACF
912
C86
17E
59D
7FF
5F4
F78
A0E
AA7
D37
743
7FF
6AE
F72
A28
818
E42
419
7AE
505
018
800
800
CCA
160
645
540
F58
A63
800
C4B
40A
484
4D1
D07
A65
800
CC9
385
5FD
55F
E0C
CF8
AAF
CD4
385
7FF
365
FB3
8C9
800
E80
0C3
71A
713
1EE
800
A25
EE7
0A5
61F
66B
D22
C3D
800
C19
40E
7FF
7FF
35F
B70
862
A7B
1C8
5AF
5BC
041
B3D
805
A3B
E32
5D7
4D4
34A
8D9
800
A4F
276
6D2
6A9
2DA
A52
800
ADB
FA2
7D8
7FF
430
D6D
BCC
B0E
0A2
7FF
7FF
59C
B71
9E2
9BC
D34
625
7FF
0FB
DE9
800
9DF
187
7FF
520
666
C1B
868
9F3
F65
58B
7FF
4C5
B9A
800
827
ED5
759
60B
31E
E6D
9C4
800
CC7
69E
68C
1BF
AFD
8EC
800
D25
4D7
7FF
75D
E68
862
800
B8B
154
7FF
4E3
E1A
CF4
860
CDC
7DD
6F1
330
046
9C6
91D
DA7
5D8
7FF
2DB
EA3
800
800
ED8
33D
7FF
560
1CC
A1F
8ED
C0B
3F0
6E7
547
C1D
81A
800
D39
550
7FF
45C
FD5
ABE
94F
CC0
712
7F0
7D2
E63
B02
A9E
C54
5DD
7FF
424
07E
C2A
800
DB5
56E
7FF
62E
18A
8F0
800
BE3
336
7FF
7FF
D1D
97D
800
C99
149
69A
65C
17F
B38
800
D1D
2B2
7FF
7D9
22E
9E1
D07
AD3
53A
7FF
596
2BB
D4E
800
C27
1B4
674
46E
1B2
B99
800
A58
255
5ED
66C
040
AD4
800
BE1
46A
7FF
722
3FB
99F
800
AF3
DAD
7FF
78B
263
B79
BAB
800
158
62A
7FF
27D
AAC
8BA
AAB
33A
657
7FF
227
C7C
800
B14
2EE
546
7E8
7FF
B14
800
800
233
25B
7FF
47D
D4B
A6D
800
E05
3D4
7FF
298
920
985
88C
091
47C
7FF
6D0
CB0
800
8A0
F45
67C
7FA
298
C97
B27
B86
D97
573
7FF
4FF
E1D
800
B46
DAC
455
7FF
58F
E75
B60
800
C62
663
7FF
458
EBB
800
9AB
E28
770
758
3BE
FB9
955
800
FBD
396
7FF
4C2
CBD
AD8
A8B
CAE
38E
7FF
616
CFE
800
802
D86
3B7
7FF
728
14A
800
800
F7B
4CD
717
54E
22F
800
800
DF3
42F
7FF
5D2
003
910
912
B95
37D
338
68A
F2F
94C
800
E25
19B
7FF
696
0E9
ABB
800
A3B
348
6DA
495
1E5
87C
8A6
8F9
30B
7FF
5C4
36B
9ED
80D
E72
492
7FF
6C4
28C
ABB
97B
C12
530
6EC
6A3
F72
A64
A1C
C16
232
7FF
5CB
00D
AAA
A8A
A60
163
606
7FF
2EC
D29
8BB
B1E
F3A
7FF
7FF
420
CE2
800
DD0
061
7FF
78A
2B7
A5D
800
D97
E24
633
59D
222
AE9
800
800
11C
62E
6AF
E95
F6A
800
BF6
D13
775
7C3
1AD
84E
810
DAB
18B
4A5
453
19B
E92
800
9C0
08B
7CD
6D3
51F
BA7
875
800
041
704
7B7
4B3
DB8
BAD
A0B
04F
62B
7FF
2D5
B8F
825
B24
005
656
7FF
386
E68
800
D04
28E
6EE
7FF
461
F3E
800
B57
EA2
7DE
7FF
193
B4B
B22
A7C
DAB
4A1
7FF
471
CC2
800
988
F90
548
57A
4BD
ED6
800
977
0F9
543
60F
3B2
D6E
800
800
073
75B
7FF
FE7
DC3
800
90F
FA3
3E6
7FF
56A
EB0
C07
82C
DDF
34B
6E3
05A
D09
933
8F5
144
574
74B
2A7
F32
800
95D
AB3
605
6C9
7EF
088
800
935
D2B
39E
7BD
469
F10
8E9
A30
C0A
583
7FF
518
D7D
A6C
9BE
AE2
60D
7FF
7FF
E88
800
800
D4D
49E
6F0
7CA
E71
800
B51
E5F
1F1
7FF
44F
023
98A
800
F63
230
785
46E
CB9
C10
800
D8C
163
5B9
36C
189
800
8A2
DA6
404
702
7FF
29E
C80
800
E2E
350
629
4BC
332
98F
800
CDB
277
7A1
6AF
EA3
B21
930
E6F
4D1
73D
5D3
19E
B3C
87D
D19
4F5
578
7FF
EF1
AD3
800
D29
03B
7FF
63E
1AA
A49
9AD
DAA
FB4
7FF
6B6
FF9
C11
800
EF7
291
7FF
606
0B9
B7F
980
A61
383
7FF
7C1
2A6
A40
800
D9E
FC1
409
7FF
477
AA5
874
A43
25F
7E3
33D
DEE
B7F
800
A8A
2B0
7FF
719
079
B03
800
81D
0A1
7FF
66D
1C6
B36
800
E5F
049
5AB
7FF
2C0
A43
B3B
93F
08E
7FF
707
24B
C8C
800
B70
232
7FF
7FF
447
ADB
AF8
800
22B
66E
7FF
116
B4A
8F2
F59
E06
7FE
7FF
24C
A91
A78
C71
221
771
7FF
0BB
B4E
800
800
268
40B
7FF
698
D85
800
C57
ED6
63B
7FF
3F2
BD9
800
BE4
E82
5C5
7FF
43C
B7C
9F5
AAC
020
312
447
3B3
995
942
A6B
158
631
7FF
606
D16
80A
8AA
349
5F0
7CC
5EA
E05
B81
800
C2E
6DB
63D
33A
FA8
800
ABF
E22
357
5B6
3AB
C53
A5C
94A
387
46A
7FF
33F
F52
A8B
8B6
F4E
4FE
783
33C
CF4
C78
C3B
0A0
605
7FF
3CE
AC3
9E7
8B7
BDF
4C4
580
73E
C65
8DA
800
DE2
584
610
5BC
E89
A7A
800
9B3
571
7FF
435
FA3
938
800
098
394
7FF
65D
EFF
9D5
957
C3B
214
7FF
748
0F1
800
800
DE4
647
6B1
4A5
EF8
891
915
FCE
16B
7FF
232
D5F
9FE
800
F2F
482
7FF
632
B28
800
800
037
635
7FF
5B7
F7E
C69
800
D10
2F9
7FF
7FF
FD4
904
800
CE3
286
549
46F
E2A
ACC
800
D48
15B
777
7B4
D47
800
A70
C77
5D5
7AC
7FF
0D8
91E
997
C9D
2D2
7FF
5AA
307
966
800
C36
4B3
737
392
FA3
AFF
803
C65
4BE
7CE
66D
D2D
AB6
859
E05
2EA
7FF
536
FC6
800
95D
B61
2FC
64E
4FE
C98
800
800
BA4
0AD
7AD
5E1
ECC
84B
A50
AD5
4AF
7ED
7FF
F06
A04
877
844
3A2
7FF
6EA
089
C9E
9DB
948
479
4F9
7FF
03F
95B
97A
A0F
251
7FF
6D2
09B
B39
800
BF5
2BD
696
7BF
F5A
B67
800
0FB
202
7FF
768
38F
CF6
800
C23
634
7FF
414
0F2
D9D
800
881
464
772
7E1
DB3
944
800
B04
011
44C
526
49C
AA1
800
E70
3CB
7FF
5B6
1A1
A6E
979
B1A
380
756
7FF
F6E
982
800
ACA
2B9
69A
741
304
A8F
800
A81
24F
756
5CD
F23
C10
827
B4A
10E
63C
7FF
044
DE7
877
D97
216
7FF
457
262
800
8CE
B44
17F
699
65C
099
A84
800
96F
405
29E
791
1BD
B7F
A31
BD6
F38
6A0
694
171
CD6
93F
AAA
0B5
7FF
7FF
48B
C21
800
CBC
1D1
6B3
7FF
FC8
DAE
894
AE8
0A9
7FF
5B9
1AA
BCF
8D4
A7E
0E0
558
642
2A0
CE5
800
9C2
2F5
730
753
213
A57
9A0
A53
370
70F
7FF
1F2
8B4
800
800
321
7FF
534
1BB
B93
800
DDF
0F3
7FF
591
32B
B9E
9B0
BC1
375
62F
7FF
132
A60
800
C2D
397
54C
7C6
112
E96
800
955
48A
7FF
7FF
4E9
CE4
800
800
002
550
7FF
FFB
884
800
800
0AC
737
65C
272
C20
9FE
B93
22B
64A
7F4
1B2
AD1
800
94B
094
5CF
3AC
393
B54
B4F
D8D
42A
501
65D
2F5
159
91E
A63
172
690
7FF
2DF
BA2
800
BD6
059
64C
7FF
29C
D55
97E
A7A
0A9
686
6AF
577
DA5
82D
D67
2F1
620
500
1B5
9D1
800
ACB
FB4
573
7FF
529
C4A
800
D90
BCB
662
7FF
184
BD5
B6E
800
F4B
555
7FF
5C7
F23
800
A17
0E7
506
753
1AE
D7F
800
AFA
F47
558
7FF
368
C5F
807
ADE
FCA
7CD
663
0C4
039
832
DE7
FA0
6F8
4BC
40E
E42
800
8DC
F11
42E
4D6
29C
A38
AED
800
27C
40A
56E
121
BC4
800
9FD
013
47F
7FF
2BF
BB9
9E2
866
FA7
6BE
7FF
401
C9E
922
992
00D
507
622
2D6
C43
C3D
838
F70
44A
7FF
3A3
BB6
800
B1B
F06
4A1
5C2
545
B29
965
A52
F51
7FF
7FF
12C
EE1
800
916
176
7FF
7FF
379
EDE
800
A23
E91
581
64E
216
D40
9B3
B50
244
5FF
6EF
166
E95
B16
B59
F9C
7FF
2FF
19E
CAB
8E6
800
E66
7FF
685
3EE
D1A
82B
AAA
1FE
69B
417
37F
AB9
888
8C3
01A
3D9
7FF
23B
EAA
96E
9E5
01C
529
7FF
076
9F0
800
AAC
136
699
7A6
2DE
CBA
800
A04
E10
6DA
7FF
215
C95
8D5
B1C
E55
305
789
07F
C79
800
AEE
E9D
577
7FF
384
CD1
800
800
2D7
300
72E
36E
DC6
80D
895
EB9
447
674
3EF
E1B
800
9C1
2D8
0F0
7FF
43E
B27
AB2
800
15B
74F
63C
552
CB9
800
800
ECA
2E3
55A
38C
C9D
800
C22
00B
7FF
736
173
CF1
800
800
DED
67C
7FF
464
E6B
800
90B
F87
696
659
44E
D1D
800
8A9
30B
588
76B
3CD
D63
800
A4D
0ED
7B7
7FF
31C
B03
800
8D4
157
719
7FF
39B
96A
800
800
D5A
536
54C
055
CDB
970
A7A
E95
624
7FF
4C6
C8A
95C
930
FC8
7CB
7FF
3B3
B5B
800
950
EAB
332
73B
7FF
E28
800
90C
CC2
7D0
7FF
519
008
8DA
8C8
142
249
6A0
199
B7E
9AC
B16
0A9
70E
7FF
0FD
C35
8D7
921
091
278
7FF
7FF
D88
800
8ED
0E5
73B
775
361
CD1
912
868
F5B
557
7FF
2F6
E29
8E7
800
EEF
52D
7FF
1BF
8F3
882
800
064
466
677
345
BA3
800
A3F
0B2
4E8
7FF
30E
D1F
800
979
0E8
64D
7FF
3FD
BC4
907
DB2
F07
2EF
740
1F2
C57
892
800
ECA
3A1
7FF
451
BB2
9BF
98B
E63
687
50C
5E3
CB1
800
9D3
C47
61D
7FF
2C5
D9A
800
9C2
12A
562
7FF
255
A94
800
825
12E
248
7FF
120
B4F
800
E4C
ECF
7FF
7FF
EE1
C4E
8A6
A12
123
48F
59A
1B3
D2D
86B
800
0C9
5E7
638
466
ACD
800
A8C
167
5C1
648
2C7
B4F
800
98B
208
35F
4FA
1FF
963
8BF
8CF
020
566
747
20B
DCF
995
83B
DEE
595
7FF
2FD
DCE
800
81D
18B
65F
7FF
2D0
C36
800
B21
313
7FF
7FF
066
B7D
88F
B6D
D67
7FF
5C8
22A
E5E
800
B39
162
48B
7C3
2DE
CED
800
AD1
F50
766
61F
47D
E7A
800
800
0FE
6A4
4C5
225
E59
800
ABE
471
6E2
66F
2CE
A22
800
A6D
237
779
7F5
2A0
C45
800
9DA
11F
4E7
7FF
67C
88D
800
A48
015
7C0
636
370
AB3
8D9
894
2DE
35E
7FF
264
800
99A
800
36D
7FF
6AC
070
F4B
800
BA0
132
5FF
1B6
0CB
A94
800
800
12D
7FF
7FF
160
E24
876
BD4
339
41E
523
32A
A97
8A2
E2A
F71
6AA
6AA
2D1
800
80B
C42
152
5E0
7FF
2BD
D27
800
B2C
27D
4FC
7FF
10B
DF2
82D
D25
408
6F5
740
07A
8C3
800
814
2DE
4DF
77C
0BF
BC5
831
A77
498
798
681
027
AA1
974
8A4
525
71D
7A0
093
8B7
8CD
976
1C3
7A6
674
F74
992
8A9
A1C
ED4
480
64D
084
946
9E1
E86
49D
7FF
62F
011
A2F
800
DCC
200
4D1
7FF
FD0
892
800
A33
2DC
7FF
7FF
0B8
800
800
D29
4CA
7F6
6C6
016
B0D
88F
B47
30A
662
7FF
1E0
AA5
800
B77
2CA
586
6D5
FCA
BA6
866
CB5
5D7
7FF
7FF
E90
889
800
C84
365
71E
7FF
0FB
A63
80C
F19
30C
7FF
7FF
E79
8D5
8B9
A08
4F2
765
612
F76
86A
800
D32
3B4
6A4
7FF
04C
BDD
8A1
CBC
29A
7FF
709
FE3
9AE
89F
DA9
5CA
7FF
739
273
800
822
D93
447
7FF
773
031
D3E
905
B14
1DD
7CC
7FF
FA6
800
800
11B
363
726
782
227
814
8DC
985
4DB
6E6
7FF
DE2
8BB
8A9
D09
30B
7FF
3F5
FCC
C76
800
B42
442
475
45F
D17
C2A
855
C4A
643
7FF
3BF
D60
876
826
F56
493
68A
68A
BAB
800
819
BCB
499
7FF
786
E0C
800
9CE
DB9
637
706
26B
0DB
800
8A4
9BB
4C0
7FF
2AC
DFB
827
800
EA0
424
5F2
3D8
C1C
82A
800
E67
547
7FF
519
EAC
905
9C1
F80
6E0
7B8
309
1BC
A22
800
D47
557
5AC
6E7
F5C
93A
855
EA1
3F6
7FF
4B5
CA1
800
985
04F
63A
7C6
307
DE7
979
ABE
F19
254
7FF
471
AE2
9B6
B86
D1F
51B
6B4
47D
CF9
A82
902
E62
704
767
454
A06
9E1
800
ECB
38E
7FF
3BD
B76
A0E
A1D
E48
7FF
535
56F
D25
800
8E1
0D8
7FF
7FF
32B
E77
800
A5C
F26
644
7FF
3E2
FEE
94D
971
F7D
617
61C
114
09F
A5B
9CA
CE7
7D7
656
1C7
AFE
AB8
954
EEE
7C2
780
440
B61
934
DA4
DA2
467
5E2
598
C8A
800
AEC
23C
7FF
7FF
0CB
0A8
861
A16
065
7FF
7FF
246
D38
8B8
880
1FF
7FF
7FF
333
A41
800
AE6
048
7FF
772
1CC
AAA
933
936
3B6
7FF
56A
287
B1B
800
A58
023
7E2
5F4
0DC
BC0
89F
B79
245
463
7FF
190
C0F
800
ACA
1BD
7FF
763
1E6
A30
800
AC4
080
6F6
7FF
144
F81
9CD
FA7
276
5D7
7FF
F0D
973
800
F17
24D
5FA
339
31B
D3B
84A
AC9
054
59D
7FF
036
9EB
935
BF9
328
694
4AC
25D
BA7
B8D
B1B
15A
750
7A5
221
8E9
893
AFB
2EB
6CB
5AA
1A7
A07
857
BED
4DB
7FF
7FF
00A
8B5
8F9
B3D
2E6
70D
7FF
FD2
800
A7D
9EE
362
7FF
5E7
FF4
9FC
800
BA9
2E8
7FF
7FF
F80
800
800
DC1
566
5DC
642
DE3
986
800
E7E
607
6D9
706
DDE
8BC
98A
CBC
261
7DD
596
E8A
8BA
800
BA4
52B
7BB
42F
F21
821
9BB
C14
3C9
7FF
750
E9D
913
83F
D89
419
650
488
F22
9BB
ABE
CB2
23B
7FF
566
EEB
A00
851
E77
66B
7FF
360
CC5
800
903
C47
469
7FF
2A7
CED
AA6
820
D84
7D0
7FF
286
DE6
8CE
A38
CC5
6F0
73F
695
F8B
BA9
C88
D24
4E8
7FF
4DD
CDF
800
A26
0A0
6B7
422
484
E3A
823
800
076
6C3
7FF
0E8
915
800
A0D
FAA
3B7
712
4FF
AEC
AFE
9CF
D88
706
7FF
250
CB6
800
9D0
291
7FF
7FF
0D8
CEE
C19
83F
156
7FF
7FF
4F0
927
8D7
903
258
7FF
698
5AD
C70
91D
A8F
1A6
3E3
6BE
479
B97
800
B66
033
648
4DE
0A5
9B7
8C9
AE6
27E
761
7FF
22A
C23
C73
9A7
F42
506
666
17A
E5A
800
AB5
13C
7FF
7FF
138
AC9
800
E20
1CC
602
79E
F80
8CF
800
DF2
2A9
6CE
7FF
0FD
E70
A12
B23
FCE
7FF
3B9
E1E
93D
800
98C
4A9
7FF
7F4
18A
81B
834
B4A
343
7FF
5AE
07E
AD6
A86
B1D
39A
67C
4EC
248
800
800
D2D
FFC
7FF
644
1BC
B3A
93C
CAD
39E
747
44F
F2F
94A
800
BBF
09B
7FF
4B2
E99
9A2
800
C10
3AC
6BA
729
EA4
9B7
912
CB9
53D
707
731
E93
991
8A4
B20
7A2
790
414
E21
800
8DD
F4E
479
66B
52F
E40
800
ADF
CC3
4A4
73D
3C3
FDA
809
A4A
02B
112
7FF
563
B22
A18
9E9
EDC
635
6A6
1BA
D4B
A19
B59
DAF
71C
7FF
2C8
EB3
94D
AA1
E2A
256
71E
417
C00
9C6
933
ECF
7D3
7FF
50E
DE6
9F5
9C4
FC5
4D8
7FF
225
F9C
8FA
941
0CD
77C
503
2B4
CF8
AE2
BC4
0BF
76C
774
121
C45
800
9D8
F0E
7FF
7FF
431
966
800
BB1
010
7FF
7FF
3BB
AAA
8A0
A81
079
7FF
66C
365
9F1
88E
A54
E56
73D
7FF
5F1
DBF
800
9D3
F9A
70E
5A6
55E
D59
8B5
C9F
EDE
7FF
590
322
88A
800
C09
2DE
3D4
7FF
F04
800
8B2
AF2
074
7FF
7FF
EA0
80D
8F6
A8A
167
7FB
7FF
1A7
C18
BEE
800
01A
7FF
565
0F2
AA6
800
CF6
46A
7FF
7FF
3EB
ABF
836
B47
21D
76C
7A2
1A3
A9E
C82
B80
3C2
7FF
38A
1FF
8C8
89A
F3D
2DC
7FF
504
FC0
86F
971
B76
372
7B2
6E8
05D
97F
800
CB3
3EC
63C
399
0FF
AF1
800
CF8
5B3
7BD
5B6
FED
ABB
800
0B3
7F3
7FF
3B9
E16
93D
86D
CA8
522
7FF
59B
F1D
A9D
800
D4D
40D
7FF
7B0
E47
800
A68
010
78F
7FF
5DA
C85
A20
BA8
F87
2F6
643
3E6
079
800
932
E6E
4F9
773
52D
FF1
832
81D
F86
5E7
6D9
523
FAC
800
800
B8D
715
71B
63B
D33
8E2
994
CFC
7B6
7F1
286
D70
800
822
D0C
7FF
6C9
308
AD5
900
C2A
05A
503
7FF
5CC
CC3
800
8FB
2D0
79D
692
2C2
CBB
831
C66
140
26D
695
F03
A99
9B0
A38
16D
7FF
7A6
43F
906
A3B
80C
EA2
7E2
728
51A
C78
800
C26
032
3EE
7D6
EC7
D0C
800
A9E
078
7FF
65E
196
BF8
800
E93
37D
6D2
4E1
118
912
800
C25
6D7
385
7FF
154
C75
80C
DDD
412
7FA
69F
E94
9EE
800
C21
556
7FF
736
F1D
BF4
841
B4C
62D
7FF
7B1
14D
ACD
8BA
D37
2F7
7D8
541
FF8
9F5
933
CBC
509
7F9
634
027
A0C
91B
9F8
6AF
7FF
4BB
E7D
B0A
8ED
D40
5ED
7FF
55D
E20
CBB
800
E5D
2B9
4F3
273
0F9
800
992
E32
432
7FF
587
E30
99D
BE9
0C2
4B3
6E4
48B
E31
800
9DB
EFB
556
7FF
715
EA8
930
9AE
087
3F0
7FF
370
C7D
97D
800
E7D
5CA
584
6A7
C90
98A
90E
FDD
799
5FF
695
D18
87F
A71
327
514
52A
08E
A00
9E4
800
0FF
502
725
153
A64
800
A4E
DAF
733
5CE
3E9
DF9
800
C53
34C
53E
7E4
05E
DEF
800
B0B
1CE
7FF
52C
F59
A3D
928
9B2
12C
6A2
6B8
28C
9C5
A48
B38
4F9
4A0
677
2F4
C06
9FE
C71
610
7FF
3AF
F95
800
8B2
CD8
37D
4F0
5A1
DF0
8C9
839
D31
4F5
7FF
53A
05F
BDC
846
F58
31C
7FF
528
FB1
800
800
BD4
170
593
585
EE2
A71
90D
D33
444
6CF
393
DC7
800
871
CE5
49D
56E
591
B7E
800
A07
366
26B
6B6
271
DF6
858
9C7
F62
629
6C8
456
BF6
800
800
08F
6A5
7FF
34C
C40
800
B0F
E43
589
7FF
33A
F62
9D6
91F
0C1
7AF
7FF
1E6
ECA
9C8
8A7
D43
475
7FF
520
ABB
803
929
FEF
432
793
1D4
BB5
99C
A7C
186
7FF
5D4
0CA
D2D
800
CE5
01A
5B2
72E
112
AB8
800
AD8
303
7FF
7C6
F07
9F0
800
D22
1A6
7FF
68F
274
8F7
800
C43
054
724
685
2B5
A56
800
A5E
24C
7FF
69C
258
977
800
C50
155
706
7FF
272
D3E
869
8C6
2C8
58C
633
018
800
8A2
C2E
1A4
57D
60B
F47
D17
800
C36
4D8
382
747
E3E
800
800
E82
4CF
5E0
6F3
F4A
92C
919
0DA
60B
58D
605
CAC
97F
856
E64
59C
528
774
C74
800
8DD
B50
53A
6F5
35F
D38
962
866
D75
494
7FF
608
BF4
9D0
B00
FC8
4F5
7FF
70F
167
800
A0C
FBE
6D0
4A0
323
BC3
950
86C
037
7FF
7FF
EBE
CD2
800
BC5
E3D
7B9
7FF
1B4
C74
800
90F
2A1
771
7FF
23D
DA8
800
D52
045
7FF
5AB
153
AD7
924
DA3
09D
600
7FF
27F
C5B
853
D3A
2EC
7FF
7F0
35A
B9A
8D4
CC8
3C0
7FF
7FF
15C
B3E
97D
E97
0C1
57C
66E
0C9
ACA
825
F98
343
7BA
5DD
3BF
B6F
800
CFA
507
7FF
241
F6D
975
800
E46
45A
43C
5EF
B77
97A
8CE
FD3
257
7FF
14E
FCE
B13
908
C90
30F
7F3
3D3
35C
975
892
DB1
483
7FF
48C
C61
800
A9E
06E
7FF
7FF
57A
C39
8E0
888
F93
5BA
664
3D9
BCF
9BE
A3E
EC5
5E2
7FF
428
B79
A16
800
CCD
7DA
73F
2AD
DBB
800
A00
FA9
76E
7FF
30A
9C3
800
983
242
732
6CB
074
B6A
890
A3B
0A1
4BE
7A9
13C
A02
ACB
E21
351
4A6
6E3
266
BC7
9AE
C31
28C
71F
3D4
FA8
BEF
9C7
A86
0BB
7F0
704
187
BEA
8DE
DF2
2F2
7FF
63B
FED
800
800
E53
41D
7FF
789
ED4
800
A1C
DA3
191
546
5BA
D97
A6E
97F
B7F
3F7
6AF
4CA
EC5
800
D50
FED
7FF
646
4DD
DE8
800
800
E8C
50D
7FF
6C3
E79
B4B
819
044
613
785
2E2
DD0
BD8
9C5
136
74F
763
0F5
FF4
800
800
E9F
239
7FF
369
8B4
800
9DF
1C5
1FA
7FF
52D
D5E
9AD
CDC
194
418
7FF
2A1
C0F
800
9FB
0FC
426
7FF
004
C9F
A29
BC4
FFC
7FF
728
093
800
800
D2E
17A
7EF
5F7
1DF
A8E
8CA
AD2
F47
7FF
706
3BE
D3C
800
B78
2B3
7FF
6F1
167
C52
800
CE2
453
680
66D
E1F
800
8E5
DCD
4DE
7FF
5E6
FC2
8E5
92B
F85
590
7FF
7FF
212
800
A50
D52
51B
7E1
484
CED
800
9F5
B52
613
7B5
53E
DB5
ABD
ADC
FAC
515
7FF
281
010
800
A1A
D15
4C7
725
2C0
E43
8B5
938
EC3
5AA
7FF
3A8
ECB
92C
B8A
CE6
53D
7FF
21E
D8B
A6D
800
124
490
4F5
3ED
AE4
800
910
344
51F
7FF
485
9F5
800
800
073
7FF
7BB
10D
A23
9D6
8A0
102
611
597
011
9AB
800
B44
2EE
7FF
4E6
094
A96
800
BE3
12A
6C1
5C2
F8A
A1C
81C
BAE
288
50A
77E
073
A5D
800
C71
238
577
74C
EF3
984
800
C5E
35E
7FF
5BD
FCA
9F0
946
F70
195
7FF
23C
D3A
B24
800
D40
3A6
7FF
34A
B3C
AEA
800
EC6
47A
6C9
43D
F1C
A8F
BC1
04D
733
7FF
2F2
E5F
9F9
879
F75
3E7
7FF
2F8
886
A33
B59
F10
5AA
4B6
580
D81
800
800
E70
7FF
773
431
D66
800
98E
131
7D0
375
150
B85
800
A73
328
7FF
7FF
1D8
CD8
800
B75
3CF
6EA
7C9
F91
9DD
8E5
9BB
064
618
36D
0F4
919
841
B18
52F
72B
54A
107
936
800
A53
047
719
7AD
F02
8F7
800
B6B
209
7FF
63A
E3D
84D
800
F7A
403
662
7FF
018
ADA
800
D69
38C
7D3
6DA
151
9EB
856
C5A
4F7
7FF
201
AE5
800
ACA
D29
39A
7FF
408
EC7
979
A9C
0EF
698
6B2
58E
D8E
800
8D1
067
510
7FF
1A7
C7E
800
800
FAB
7FF
7E5
3EF
EE5
800
88B
025
723
72C
210
C7F
B8D
9C5
095
7FF
5D2
3B2
C35
800
B38
0EB
7C8
7C3
F12
D10
B75
87D
1BF
706
7FF
387
8A6
95D
9F5
2DB
7FF
726
12C
9E0
85A
DF0
4AF
7FF
426
D03
A8A
8DD
D17
6A5
7FF
37F
EF6
800
800
E0F
56E
7FF
5CB
354
881
A2B
E89
7FF
6FC
62F
ABE
800
800
DEF
65E
7FE
6D5
B77
800
939
F59
603
7FF
312
D27
800
83C
0D5
56A
7FF
326
A9D
800
A91
00A
6F5
6C5
47B
BFF
800
95D
28E
54A
7FF
398
B03
800
A46
200
7FF
6EC
3D9
EAE
800
BF1
0BC
7FF
4FD
F9C
9ED
A61
B70
2DD
7FF
731
0CA
A29
800
D3F
5E8
665
502
162
800
BC3
A8E
1E6
6CC
41D
00F
800
AEB
C60
439
60E
53B
EA4
800
833
DC0
3EB
7FF
4A9
00C
B46
9AA
FB3
451
7FF
31A
D10
800
80E
F7D
308
7FF
61D
0F9
8C1
9E7
193
5D4
790
2F0
C5C
9B0
984
FCC
3AB
7FF
6D9
DEC
9D5
9BB
D34
266
7FF
174
CE1
964
B2A
275
7FF
712
415
ED7
800
86C
317
643
589
2C6
B7F
BED
A40
2B3
462
5F0
FB6
D05
836
A9D
09F
7FF
3CB
2D1
AB8
800
99E
EEF
7FF
2E0
04D
9D0
835
C83
251
78A
5BF
11C
8B0
800
AC7
1A0
7FF
493
E67
814
800
C23
60D
73D
6E5
DC0
87D
9D1
0DD
698
7FF
4C8
CE0
922
800
049
30D
7FF
422
D80
B3E
A5B
F53
793
7FF
456
DCE
800
9D2
E7E
2CF
65F
244
DF0
800
BA6
1C0
5BD
615
231
9D3
A25
B2E
0EA
7FF
7DD
43F
A86
800
9A8
EBD
635
5FE
164
A2C
A19
A2A
0F8
7FF
677
161
CEC
800
E5D
263
7FF
431
08B
B6C
800
A4E
38E
7FF
399
DA6
B8F
93D
CE8
49C
7FF
697
164
A26
800
CAF
54C
6E9
39E
125
A72
800
C16
7DC
7FF
4AE
BF9
A4F
BBC
D9F
5AD
7FF
082
E6C
8CE
893
264
68F
7FF
71F
D0F
800
B52
FE5
62A
7FF
48F
B8C
BA2
A90
0A2
5BF
7FF
E62
B9F
8CD
954
E60
7F0
57F
1C5
BB0
800
C57
04D
7FF
649
14A
97D
800
CB0
FDD
7FF
4E5
FE5
BF4
9E1
E92
367
717
459
0A9
B35
8C6
F7E
750
7FF
7FF
164
94B
800
C2E
035
6F8
6C8
EFA
BA0
800
EEA
1DC
7FF
57B
EBD
B4D
800
B68
637
7FF
692
F0F
993
869
E4B
5A8
7FF
18A
E35
908
800
FC6
626
697
3D6
ABE
800
A05
0BF
462
476
253
AAF
908
B4E
000
431
722
2C3
BC4
800
8F7
631
716
7FF
246
D9F
831
B56
46E
470
702
067
A99
800
AC6
398
645
542
40E
CBF
A0B
052
634
6D4
7FB
159
9E4
A6A
E44
565
5E1
6F1
D7E
8E1
800
D36
2F6
7FF
3B9
FCC
A68
800
E48
4CD
523
501
1F1
800
800
E78
435
7FF
3EA
B22
94D
838
B6D
69A
7CF
431
B77
9A8
947
0CE
40E
7FF
2DD
CB7
800
800
4C1
68C
5F1
302
B59
8A6
8E5
FB9
5AF
5A5
0D3
B4C
9DB
800
2A4
7FF
638
2B3
A9E
800
BC6
071
62B
4C5
148
B81
800
B5A
1D7
7FF
778
00C
A7C
800
CEF
1BD
7FF
592
FCC
B17
855
C1D
420
7FF
65E
E46
800
A18
CD3
4E5
4B1
583
117
84B
895
F90
738
7FF
6F4
DD7
800
87C
F44
5B7
7F0
439
E48
835
800
F2C
4FE
7FF
2D1
9A5
800
9CB
304
6DC
7FF
438
E74
BE5
988
DA6
69C
72A
1DA
882
800
A09
FAE
7FF
7FF
455
C62
9C4
D94
F2E
7FF
68B
FE7
A76
83B
B06
33C
4E7
638
272
96B
897
B42
226
750
7FF
FBB
AF7
800
CCA
19C
7FF
7FF
E22
B28
83D
FA8
3CB
7FF
3A8
D43
88D
A47
E4F
445
7FF
214
DB5
972
BD4
ECF
514
7FF
4F1
03B
800
CB6
FA9
77A
7BC
324
B09
800
A6A
082
7FF
7FF
1CA
CA3
AE7
999
EDE
705
54C
309
9B9
800
A29
212
7B8
662
E77
BAE
92A
CF2
515
7FF
7FF
D73
800
800
963
41D
7FF
56C
081
B4E
800
BD1
176
7FF
6E9
CCF
83A
8F5
CE8
3D5
7FF
4D9
F5C
87D
91C
ED2
4EC
7FF
127
FCF
9C9
92C
DC3
702
7FF
533
F92
800
800
FB8
507
7FF
3E5
AB4
892
A29
F0D
715
7FF
FE4
BBA
800
B0C
156
5B8
5C7
51A
9C6
800
C34
05B
7FF
657
1F9
911
93A
A03
026
54C
67B
15D
C34
800
9A6
338
6B6
7FF
095
BEA
90C
B3F
65D
79A
5D5
FB3
C3A
828
E97
41A
7FF
3D9
FD0
BB2
95D
DCB
505
7FF
2A2
EDE
9E9
A11
045
FA4
7FF
506
C35
BE7
9A0
003
6FF
556
1A5
EAE
9B1
A6F
F06
701
7FF
4DB
C73
A2A
8EE
E27
6F0
57A
217
CDE
800
BF9
FE9
640
64E
02E
9E8
800
8A0
574
7FF
5C0
193
9B8
800
837
461
7FF
694
135
800
800
B70
487
630
607
F7C
800
8AB
E2F
431
6D9
585
135
842
800
C5B
FE0
751
621
D8F
936
9C3
ED4
2D3
5C5
77E
B50
948
80B
BB0
732
617
597
FE3
800
A37
056
35E
569
3B9
042
800
8E5
E8F
7AF
419
24E
B5E
800
800
1B2
610
7FF
3A6
CFD
822
B20
326
739
7FF
29A
B91
95D
A76
1AE
7FF
7C9
04F
9F7
8B6
BA7
19F
5F9
66C
023
96A
B2A
A34
3AA
7FF
668
F3F
B85
924
F18
54C
7FF
7A6
F0B
92F
95A
E8D
42E
64F
442
C62
800
B16
FE8
30B
7FF
3D9
DBE
ACB
800
E02
4B2
7FF
587
B4D
800
9D8
08D
7DA
724
116
C7C
999
91C
161
709
419
13A
A5B
95B
AD0
308
711
354
053
906
800
CF6
390
4A3
568
254
83A
A67
CD7
152
74E
7FB
F20
8D3
800
A43
457
7FF
743
17D
800
93C
CD5
474
688
5D2
01A
9A1
9C3
FFC
499
7FF
3F4
DFA
88C
859
0F4
45D
72F
418
E81
800
92A
F63
702
7FF
6C8
DDA
A36
8C5
18D
5EA
7FF
1A0
B50
81C
B20
ECC
708
5FB
389
C62
800
967
5CB
7FF
70F
E87
931
800
E5D
1C8
7FF
46C
1F6
832
804
C83
345
647
375
087
A18
82C
A78
448
7E3
776
F66
800
A1E
9E4
5F3
7FF
4A5
BAA
879
800
CAC
7FF
7B8
3D8
EA8
9E7
8A6
F76
6DF
7FF
F54
C53
800
B8C
104
4D4
7FF
1A9
F03
800
9ED
F6A
64E
7CB
1ED
CFC
82C
8F1
FCC
6AC
776
235
A6D
800
ACF
57D
7FF
6BB
0E3
89F
800
B88
444
6AD
682
FBB
B7C
9D8
F8F
3C4
7C5
597
0C8
800
DC6
D52
58F
675
656
2BA
AB8
891
DBC
29D
7D3
508
DA9
A1E
899
D52
563
7FF
F53
E48
800
8AE
FFC
5FF
658
2B4
E86
91B
9DD
14B
7F2
735
232
BE3
800
CB2
131
722
7FF
4DB
B30
800
CDE
2DC
7FF
685
1BA
AD8
800
DDF
384
7FF
39B
159
985
9E0
CEC
289
4AE
635
028
8AE
A39
DD7
63E
7FF
405
DC5
857
800
F92
3EC
7FF
429
CC2
800
953
FEC
683
7FF
3F9
D32
800
922
013
6E6
6E4
0E0
E2D
A12
B58
01D
5E1
7FF
038
AC6
8B7
AE3
1CF
7FF
57B
38A
A44
800
BB4
1B6
72A
502
FF6
87E
800
D55
446
75E
496
025
A3B
800
BDA
3AB
7FF
6E5
FFA
A54
B56
D28
5B9
7FE
7FF
E9A
9EE
800
DD2
551
708
635
DC2
800
800
EB8
744
7FF
49A
DDD
8B6
800
14A
7DA
7FF
38B
E3F
800
8DA
0A6
640
67E
3CA
B74
92B
B34
14D
4DC
7FF
1D5
AF9
8BC
A72
141
708
436
12B
BB7
859
A59
492
58C
7FF
0B2
800
800
D8A
544
6EC
5C5
C7E
89A
983
CD8
572
6D9
4EB
F5C
BAA
AB8
04A
553
724
1E6
F5A
800
910
CCF
38D
7A4
422
FFB
B80
AFF
FB8
544
7FF
396
960
813
A74
D88
6EE
67E
025
B34
859
C77
192
7FF
7FF
235
DCA
800
952
485
7FF
7CF
165
800
952
BFB
526
7FF
7FF
241
B7F
B2E
C97
EF6
6E5
7FF
D4C
9AE
B2B
CDD
16E
7FF
6E9
F6C
800
800
F7B
2CA
7FF
5E2
E22
8EC
8D7
F4E
2DB
7FF
50D
BDE
800
901
032
786
6C6
3D8
C76
952
AE1
03D
6A9
509
462
8E8
800
93F
F00
656
577
36A
AD7
800
D0F
0A6
7FF
72F
CDC
9BF
9E3
C03
195
7FF
3FF
D80
840
800
011
4BA
7FF
658
04B
800
800
DAA
3C3
7FF
46A
E71
8DB
9C3
DD1
419
48F
7FC
D80
800
800
D32
6D0
7EC
2C7
BF7
800
D3B
013
54D
7FF
430
EE6
800
B51
319
678
5EB
225
A8D
807
964
0B4
7FF
7FF
0C8
A97
800
872
158
6D4
7FF
E60
C24
961
CAE
2B9
53B
636
D5C
800
873
ED8
397
7FF
589
243
AD7
800
E26
4B2
6D1
4D5
E68
DD9
9CB
D8B
52F
7FF
1E2
C78
994
97A
140
529
728
053
C56
9DB
AC6
2E8
5E7
777
3CA
86A
844
8AE
3A2
7A8
68E
03E
A46
920
FF1
039
7FF
6C3
454
B42
800
DBA
1B5
7FF
308
EE7
980
A35
B0A
4E1
7FF
7AF
C6F
8A6
800
CB1
4C1
75B
4F3
E01
80D
8B2
F93
7FF
73A
672
C36
9C4
B11
DE6
4BA
671
249
BDC
800
B7E
04F
3F1
7FF
17C
8F1
A69
D49
1C9
4CA
734
17F
837
A03
ACB
3B4
7DE
7FF
FF5
82F
967
957
176
783
4F1
F8A
AE3
800
C9A
452
7FF
499
F6E
A21
A76
F8D
4C3
7FF
719
CA1
931
A57
EAC
7DC
7FF
1D0
E79
923
B26
E8D
740
64D
2B4
C0E
8ED
800
D27
7FF
731
111
B74
91C
A58
1D0
52C
7FF
30E
82E
9DE
AEF
029
476
5F4
1B3
BF9
A44
E34
422
7A5
53D
EBB
AEB
800
B3E
478
61F
7FF
FAE
86D
800
EF3
459
7FF
517
EFC
800
A14
2F0
30D
7FF
2B8
E40
800
A12
EC5
51F
5BA
73B
D29
800
96C
07C
6CF
7FF
108
C94
800
B4A
286
689
7FF
FCE
B4A
800
AA1
35A
7FF
4E8
161
A0F
AC5
B26
321
564
7FF
0F2
999
800
D45
648
7FF
510
01F
C08
800
F45
4EA
5FF
4BD
BFE
800
997
F76
613
7FF
40E
C8A
A0B
C09
123
7FF
7FF
361
C57
82C
800
12B
5CF
7D4
283
A16
82E
D5F
22B
69A
7FF
180
B4D
800
F03
403
7FF
575
F0D
B1A
800
924
1C9
758
330
F46
879
A37
CAB
493
7FF
7FF
1B6
88D
951
C8E
51C
7FF
45C
01B
A12
A48
DFF
47D
7FF
237
C24
90D
957
051
4AC
67A
581
D51
800
9AA
29D
778
7FF
4E9
BCB
800
BFF
0DE
45F
576
222
834
8ED
CC4
192
78D
4E7
0DA
B32
800
D59
627
7FF
69C
0DB
833
800
E71
494
4CE
71A
D4D
946
932
D54
2E6
7FF
35C
079
800
800
DD1
450
5EC
6B3
C51
800
800
255
498
7FF
1F5
A96
8AE
914
FAA
7FF
7FF
07D
BF4
933
9C7
35F
7FF
655
12A
B4A
A51
BD8
091
4D4
652
218
AEE
800
E4D
5A8
7FF
5A7
C76
86F
800
F82
260
7FF
4E7
C3E
A06
B5D
060
71F
679
53B
B0A
800
A6A
DE6
5DB
67A
3FE
C5F
800
983
F9C
492
7FF
243
B53
85E
C6A
26D
7FF
632
21D
CD2
8C4
C4A
1A7
62D
440
32D
D1D
800
B08
358
798
55E
01D
A38
9E6
B5B
3EB
7FF
40B
F65
9A8
810
D87
501
799
0C6
E52
A21
91D
E0D
7B4
7FF
50A
8BF
800
9C4
15E
415
767
4E8
D51
800
A99
1CF
3C8
7FF
4F8
BF7
963
C8B
3AC
7D4
54B
2A4
984
879
E53
0C7
783
7FF
FA7
BAE
800
93C
5D1
7FF
63E
C4E
A45
8D1
01E
50A
7FF
21F
EE2
B1B
815
C5C
3ED
695
423
332
C3F
800
EDC
388
7FF
201
F36
9BA
C32
FAB
7C7
77F
00C
B96
800
A2D
1A4
769
67E
18F
C10
961
D91
EA7
5D0
6D5
2CC
8FA
800
EF4
1D8
5E4
5B5
F29
9D9
800
BA7
366
7FF
554
F83
9FB
90E
D18
471
7FF
2B5
CA4
CEE
92E
F78
4B8
5B2
500
CE1
914
85A
137
53A
5E3
57C
C37
B40
B5F
07F
4AD
60F
6C5
BC7
849
BD3
2CA
7FF
612
06F
B39
800
ECE
0CA
7FF
3A8
071
9D8
A3C
BD6
648
55B
4EE
D52
940
9A2
B6C
7E3
7FF
5F3
C91
8C5
847
CC8
7FF
61D
25E
AEF
93D
A08
F80
703
7FF
4CB
E0C
800
DB7
F75
7FF
7FF
EEC
B03
800
8DD
200
430
630
F6B
ED6
800
D92
458
7FF
7FF
19D
9A6
800
C9F
63D
536
596
053
9D7
800
CA6
0DD
64B
7FF
E22
B3B
9C2
F39
426
7FF
389
D07
800
AE7
ECE
7F9
6B2
5EE
BF7
800
9E4
1F0
7DB
5CF
5DA
D7B
800
A9A
1D8
516
7EA
2F1
A68
823
C08
05E
7FF
7FF
1A0
8BC
98F
8A1
2DF
7FF
42F
2EE
B42
94E
F21
7CC
7FF
3E8
1C4
8FD
800
D6B
5D6
5A7
501
F89
8EC
8F5
EBC
580
7FF
701
CEF
800
9C7
0C1
7FF
7FF
576
E0B
84B
950
E11
3ED
544
3C7
B11
800
CF5
2CA
4BC
7FF
EBE
8FE
800
D22
087
7FF
66D
10C
C39
BAE
B1E
574
4A9
7FF
0EB
800
872
B44
304
7FF
712
BF1
8D6
A97
211
7F2
7FF
579
C9F
800
829
0EB
714
397
34F
FF4
A6D
A9C
04E
7FF
798
411
9D0
800
A51
33A
7CA
5CE
2E9
800
A3B
D63
2B9
7FF
665
EF4
B39
800
F96
2DE
7FF
638
D7E
91D
BF1
F1D
576
5D7
633
D8B
800
8C3
E2C
7F0
6F1
42F
BA0
BBE
BA0
174
7FF
504
3DF
DE7
800
AB8
0DD
7FF
61E
4C8
811
80C
835
0D6
6F6
7FF
2BA
84A
800
90B
256
6CA
76F
1D0
B9E
893
EBD
3FA
7FF
46B
EBD
A84
800
DFE
546
6D2
30C
D08
800
948
D72
2B4
7D7
261
D39
800
97A
1CF
74A
7B8
096
B2F
800
B28
124
592
6C2
2F7
AD9
8FD
BF7
244
726
4DF
147
A05
800
AFA
216
743
648
147
913
CE1
C61
2F3
7FF
3F9
C0F
800
C13
E01
60E
7FF
574
E80
849
98D
DE1
74A
79A
5C7
D9F
800
924
27F
745
47F
F59
DB4
824
CC5
278
58A
55C
FC7
905
800
87A
17A
751
7FF
EF7
94D
800
CFB
2B0
7FF
656
060
94E
868
D4F
63D
6E7
6BA
CAF
951
800
EE9
47F
7C9
0C9
DC4
9F1
995
EDF
7FF
7FF
144
B4A
800
B97
E5E
7FF
7F6
4C3
E1B
A77
AC6
014
3E9
629
3EB
AE7
800
951
F80
7FF
774
E77
800
9B0
D9F
37D
684
79D
F48
C1E
ABC
0A8
7FF
588
42E
124
9E9
800
EA6
4B3
7FF
2D9
DC7
800
AB7
1B1
661
676
EBA
C68
800
B2A
FF3
3B1
7FF
2C2
AC4
800
B46
490
7FF
7FF
DD1
99B
800
BF6
5AE
6E4
3F9
F17
98C
800
A7E
2E3
4D9
289
DC8
801
800
E5E
45E
781
3ED
C3C
A81
800
BE8
471
618
5A5
983
80A
8FE
230
50E
7FF
343
A97
996
A1D
12B
7CC
5A5
EB1
9D8
800
8C3
0CB
7FF
436
E7E
853
800
B0C
377
799
591
31E
B94
800
B81
4CF
48D
6A0
E1B
800
897
E55
7FF
561
65C
CF2
86A
96E
091
680
7FF
48F
E2E
800
8ED
0FD
7FF
713
2DE
E2D
94F
956
144
7FF
4E2
1B4
C31
800
8F4
3E4
7FF
1B1
F07
8F7
800
0C6
395
776
745
F4A
800
8AD
D7D
7FF
75C
68B
F49
8C7
A32
029
58F
7FF
39E
EE4
800
A1E
E52
470
576
1D6
E12
800
800
428
7FF
6F2
01D
DAA
800
800
F7E
7FF
71F
1F1
AAE
B97
8E2
3E1
70C
520
0AA
A79
83E
DD1
628
57A
6B4
0D2
800
800
C5E
52D
7FF
302
BA0
9AE
800
F51
580
67E
2BD
B3F
800
83D
FD5
7FF
7FF
147
9AD
800
BD9
FD0
3B8
6B7
EBA
B9A
800
D5A
59A
45D
7AA
D6E
9C6
B00
EDC
27E
7FF
3BF
B21
B09
8D0
009
438
7FF
358
DF9
949
D8D
D85
75D
64C
364
909
986
800
F76
5F9
7FF
425
DED
800
9EC
2D6
67C
769
FFE
A4F
800
CD3
55D
7FF
622
242
800
800
C07
425
6E5
7FF
081
A65
A01
C4E
1E3
602
56E
CBF
824
800
CB0
619
7FF
4B1
D27
800
B31
F70
771
7EC
2E9
B6F
875
870
18B
721
7FF
F2B
E3D
97E
A3D
1CF
76D
7FF
35D
BE6
A91
C6F
0F1
7FF
347
FD0
A0E
8F0
CC0
54C
7FF
508
E72
A96
800
15D
26F
5D6
5DD
CC4
8D3
AE6
ECD
6BB
785
52E
A2D
838
909
DF7
290
697
385
BEE
A05
A33
386
74F
52D
F1A
C3B
88F
C4B
FBA
6F2
7FF
FA1
A17
91C
CE5
35F
7FF
545
E9A
800
800
E2F
528
7FF
314
F03
8FF
B3A
131
440
7FF
2A4
F0C
800
800
F01
6EE
7B8
215
E20
800
800
0F9
7FF
7D0
19A
961
800
B9F
540
490
400
016
800
800
D1B
720
54A
517
E68
A4D
B38
E37
400
7FF
6C8
DEE
AFC
99C
F5B
331
7A6
485
C9E
800
A9E
286
7D0
751
56F
B00
962
999
0E0
43C
731
365
90F
8E6
B0E
028
7FF
5E6
FD4
8F3
990
DC1
5D3
77C
663
1A1
8B0
800
DF5
517
7FF
49F
00A
A6B
BB9
F23
51B
7FF
51B
C69
A17
800
ED0
3FA
784
433
B32
800
D4B
169
5A8
673
227
DB5
800
AB4
0C1
780
458
2BC
A51
800
A12
44A
7FF
4F3
09F
924
800
D8B
506
7FF
0E9
F49
824
AD8
E47
4DF
7FF
20D
CF5
800
B39
0E3
457
6A9
396
ECA
800
D30
EE1
5C8
7FF
FF7
88A
9B5
CBA
3B3
2D6
7F8
F32
A8A
800
9D7
4DB
6F6
7FF
EC3
800
800
EE0
59F
737
639
DE1
800
A40
AEF
3B0
793
515
B06
BDF
916
E84
2DC
4E8
3C2
C87
948
837
E24
50F
7BC
0B7
9F7
800
B86
05F
687
753
6C9
9D9
9AD
E81
0F5
7FF
713
1FB
97C
B38
ADD
3DB
673
6BD
0AA
83A
8FA
D75
3A2
7FF
43A
168
AD2
800
042
3CA
7FF
139
C4F
9DA
8F6
FFF
67A
7FF
25A
B72
800
B96
364
7FF
7FF
194
A12
908
0B8
2BF
7FF
6AB
258
B90
800
E35
433
7FF
5EB
C9F
BD2
863
C16
FB1
667
1BF
E9A
8E8
96C
D03
630
7FF
258
DEF
800
9E4
0EC
35D
7FF
3DF
AFA
B68
C16
212
72F
7D0
DE8
92B
9A3
943
1A4
7FF
4D8
06A
B13
B75
BBE
6E9
7FF
5C6
C91
812
8C2
DF8
283
789
659
CC4
800
9A5
195
464
594
112
C28
800
D9A
BE5
7B6
76E
4BB
D12
800
F40
36C
7FF
6B2
E0B
989
800
DD4
239
5DE
58F
DED
800
800
B5B
295
7FF
57F
1B6
8BA
800
CA7
446
7FF
1CD
C79
800
ABB
138
7FF
7FF
405
BD3
862
849
063
552
7FF
660
AF2
800
B0A
322
7FF
582
FF2
811
80A
A41
297
76C
7FF
213
80C
8FD
ED0
384
786
4B4
0B1
9B6
9BF
04F
415
7FF
047
FC7
9B4
B2E
F67
7FF
5EE
23B
B3A
800
9B3
212
66F
7FF
391
BB2
821
9A6
542
6A7
657
173
BCB
800
A07
4DC
7FF
686
F08
9B2
800
E9F
3FD
7D8
5CA
DE1
800
A7B
D75
7FF
758
6AA
D81
ACD
A3A
E85
4B9
6C6
595
DC9
876
9E9
DAE
7FF
58A
1EC
BBF
800
9B9
145
6A1
740
256
84B
800
D5F
261
7FF
6B8
D25
BB3
863
B2E
4F7
7FF
77A
F7A
800
850
AC7
540
707
5E5
BA8
800
957
E62
528
7B1
3A9
E27
800
B08
D01
459
6E2
33D
CC3
8ED
9A2
3FD
507
7FF
06F
800
A5A
CF6
76F
539
6DA
FE0
AAD
800
E81
222
7FF
2C0
CFE
800
800
DBB
73A
784
44E
E20
87D
9E8
0D9
6B9
4F9
4EB
C52
B22
BF9
EB5
7FF
7FF
22D
822
800
D9A
2B9
6C9
581
CDC
BE8
9F1
C26
7FF
701
27A
B51
800
800
D27
529
7FF
4E8
D6B
8F0
AF4
EB0
7FF
7FF
0EA
D43
800
A24
EE9
7B0
7FF
464
BA6
A1A
B94
2F9
630
661
123
B1A
8D6
B29
53F
7FF
7FF
11F
AF1
920
BC3
554
662
75E
160
800
96A
C97
6F3
759
0C4
B91
944
94B
0FA
77C
75F
685
AEC
800
870
1F3
67D
7FF
DD4
B4E
95D
AFB
428
69F
26F
FF2
96C
800
FD2
36E
431
645
F1D
C96
800
FF9
521
7FF
745
E52
95B
95F
F6E
7ED
61C
1D7
B2D
D14
9B6
05C
3D5
7FF
1E9
AF5
800
B14
184
7FF
504
11E
9F6
B38
C72
236
7FF
521
176
B08
9D2
C10
37E
7FF
52A
E01
800
A98
ED5
4D1
7FF
568
CC4
800
B2F
1B8
663
7FF
3B3
CBD
852
965
0B9
7FF
462
160
DE0
8C1
E1D
F4E
50F
6CC
0E0
C78
A6E
B3E
481
7FF
772
F8E
B7B
800
E9D
7FF
6A9
414
EB5
8C6
918
E67
64A
648
3C3
CDB
800
86F
1DB
7FF
74E
422
C75
800
B69
104
7FF
5D1
3F7
CE1
A2E
B07
4B7
7EA
7FF
FA7
C1F
874
F05
104
6E0
4C2
EC0
800
800
18C
583
7FF
2FB
E1C
800
800
E52
4FF
781
2E8
B74
800
800
247
78A
6A4
37D
E4A
800
AE4
268
7FF
637
311
BB1
800
AEE
335
736
6DA
EA5
832
B40
088
7D1
7FF
557
E38
800
800
E0A
6F4
756
4C4
D0F
800
B65
217
688
673
2CC
A68
800
873
D4F
7FF
596
FB3
800
800
B4C
549
754
6F3
CAF
B09
800
D72
443
7FF
525
F73
800
98D
CF3
7FF
7FF
44C
C55
800
800
FAA
6DA
4D2
13B
E02
BEF
8B7
222
624
672
31C
A8A
9AC
8CF
508
7FC
583
244
9B7
800
AE4
6A4
766
3C7
FE4
800
808
B12
076
7FF
573
E4C
800
800
EE3
7FF
7FF
3AF
B6B
800
C5F
F6F
7A6
71E
175
9EC
B18
A58
F65
4F6
63E
11E
A89
800
DB8
3DF
6F2
7B4
ECC
993
83E
D53
19F
7FF
392
15A
800
800
DDB
3A5
64E
2C3
D71
800
FA1
003
7FF
603
02B
9A8
AA1
CFC
CA8
7FF
7FF
2DC
ABE
9DA
AEF
2CB
7FF
7FF
06C
CDD
AC8
F8C
324
619
608
062
800
869
BE2
63F
65C
14B
ABA
800
A4B
F5E
7DF
753
504
B54
800
963
132
7FF
6D5
3BD
C0E
BAF
B28
F78
68F
44C
021
AAB
9D0
8B3
2BF
3DA
6A6
E3D
973
85A
F8D
458
7FF
5A6
DBF
AA5
957
02F
540
7FF
3BA
B7A
800
A83
FDC
4AF
61E
37D
B19
8F5
B2D
E1A
662
7FF
066
A35
800
EEC
44B
7FF
7EC
113
98F
800
F2D
68E
729
707
EDC
B50
A57
CF7
51D
61C
758
C39
962
800
079
372
7FF
366
0A2
800
C50
2F2
609
723
46B
8AA
800
CA0
28F
7FF
6BA
F56
ABD
A77
9C2
090
7FF
7DE
024
822
800
E69
4E1
7FF
5BD
AA2
87C
ABC
2A4
474
6A6
40E
D6B
915
DC9
DBE
6A2
7FF
3C8
847
8BD
987
191
649
56A
203
A99
A84
DA5
26F
7B6
63C
12B
800
963
B66
3CC
7FF
60F
1DF
800
9B0
E5C
612
715
62C
DE4
825
A63
316
77E
637
130
9CA
80D
914
2BC
630
7E1
441
A94
800
E2E
4D0
671
579
165
800
B0B
E3C
46B
7FF
710
C5E
800
800
EA1
5D0
6BA
60C
BFB
994
C5F
DC5
7FF
7FF
034
A63
800
C79
267
7D9
632
3D7
8B8
B10
B63
65F
7FF
586
F7E
AB4
800
A14
3A2
7FF
51C
ED2
800
945
D2C
467
7FF
455
BBD
96E
9F0
EA1
7C6
4B5
2DC
B45
92C
E4A
394
689
544
FD9
92C
800
F82
54E
7FF
7FF
F14
B11
A34
BDD
4B9
7EA
1A8
E1F
94B
91A
06D
34D
65B
19A
BD0
800
C53
EC4
7FF
7FF
2D6
992
9DA
A43
E97
762
755
049
84C
800
EB3
3D1
7C0
7DE
011
8E5
800
C51
0EF
7D1
6CE
1AF
CA3
8B8
D17
494
7FF
1B6
BC1
891
974
036
596
53D
396
CA1
82B
C2D
301
7FF
779
1AE
96F
800
C91
083
7FF
64F
0D0
AE5
800
C75
371
7CF
774
00C
800
8CA
D06
4D1
7FF
546
BA0
800
AB2
F8B
7FF
457
37A
9E6
800
BB6
24E
7FF
70E
1E9
C2F
A6C
CF0
5FC
601
725
283
C75
A61
BAB
1D5
7FF
5AB
F20
800
B9E
E86
5D9
621
37A
EC0
89F
C85
EC9
462
602
286
AE3
800
800
42D
6F8
535
FFC
BC3
938
AD5
5E3
7FF
754
17B
C3C
800
CAC
4A4
7FF
3F9
0E8
800
8C6
D03
33C
7FF
346
EC8
B89
C4B
0D9
682
78D
4E0
A4E
84D
C3C
1D6
747
662
099
E21
800
C6C
232
5F7
7FF
E84
A2D
96A
9C9
589
481
52C
D85
AB0
800
A42
42D
7FF
273
A3C
985
9FD
E15
3F6
7FF
272
BC6
958
AAC
FBE
461
7FF
015
B11
943
D66
F66
6B4
5B1
1B8
800
800
E85
480
70E
669
E90
854
952
F0A
6CC
5FE
23C
CB1
922
C09
EA0
66F
7FF
40C
E56
A6E
CF3
05A
5D1
587
7FA
B72
9F4
83E
0C3
7FF
715
1A8
95C
A63
9CF
546
7FF
510
D6C
C49
9B4
CD5
45A
3E5
1C0
DD2
800
C22
FB2
7FF
7D0
17D
C66
800
941
054
6C6
7B4
FC3
A10
8D4
E98
214
7FF
7FF
F6D
845
8FC
DFC
361
7F9
611
D73
909
803
A54
49A
7AC
5EC
DD5
927
8CC
071
614
7FF
173
C51
895
E2F
3B7
663
7FF
1F4
98F
869
92D
349
5BF
740
F7F
A80
A02
E2F
3C8
7FF
67A
DA3
AE7
800
F3F
42A
7FF
568
A22
800
9A3
168
7B6
649
436
CD0
868
B74
04E
65B
538
083
96A
800
BAE
5DD
6D4
619
127
B09
800
E51
3F6
5CB
71E
B45
800
9F8
B80
635
7FF
3A7
B1E
800
996
0EB
6DB
710
16A
D36
9F1
8F5
247
750
4BA
197
ACA
9FB
925
258
7DB
73B
0B4
AA2
9BD
D33
3C2
7FF
7EE
E8D
A38
B2C
CA4
714
7FF
544
F8E
924
B83
F3F
5B6
707
059
A2D
B9D
B8B
F23
72C
7FF
F95
AB2
800
A35
2D2
7FF
7FF
04D
800
800
DCA
507
7A2
679
E73
800
89B
EE1
790
7CA
1D8
AF6
D28
AE6
00F
3B3
6A3
1C5
A89
800
B05
37F
731
7FF
E64
E8A
800
B09
43E
6A7
163
E7B
800
800
F03
44B
7FF
481
EA7
9DD
A88
D2E
5E3
57B
27E
D3D
800
8E6
0EF
7FF
7FF
183
A9D
800
CD7
EFB
464
647
EB0
963
AF6
BA8
3DC
758
28E
F51
9D4
A7F
F25
5F4
7FF
51F
D60
8DA
800
146
4F1
7FF
237
C2D
800
BE9
108
7FF
7FF
248
C44
800
AD6
39C
753
7FF
DAA
800
8C6
C05
5FC
7E9
7FF
EA7
946
A0D
EA6
537
7FF
65B
C87
A8D
873
1F7
590
488
259
E52
800
87A
323
57A
7FF
F44
B55
964
9E6
377
6EF
629
123
A1F
800
D87
43D
7FF
57F
F38
800
800
092
4C2
697
3F9
CD0
800
8F1
E46
301
5F6
121
AA8
A93
B97
19C
5BA
52D
0FD
BBD
800
C72
09B
669
271
074
A1F
9A2
CC0
664
578
386
D73
876
923
FC0
6C1
7BD
3BC
F97
800
994
0F2
690
7FF
171
A67
800
D2C
29C
783
7FF
08A
800
86B
C27
13B
7FF
56C
DCF
8D0
8E1
FEA
5DF
7FF
416
CD3
8C4
CD1
D99
4A2
797
291
B87
8DB
B24
08A
704
514
225
A56
800
E65
556
610
460
DF7
896
800
E76
7FF
7FF
4E1
14D
971
800
E02
5A4
7FF
4FE
FCD
83A
A61
1B2
6D6
425
013
E2F
A75
B1F
04C
3A2
697
F23
B44
800
C25
3A4
714
4FC
EAB
89E
87A
D54
2A3
7FF
39D
C6A
800
800
E02
676
7FF
2F7
E5D
800
C4C
037
7FF
7FF
3C3
B95
800
A54
217
7FF
311
F49
B12
910
BC1
5F7
7FF
740
17C
800
92D
D24
4FE
7FF
3B9
D16
996
98F
D5E
71A
791
156
CA4
C09
C00
ED7
5A3
773
0BE
CD9
8E1
EA3
2ED
7FF
60F
E4A
800
821
949
3E0
797
4A5
D71
841
800
D76
57D
735
5A4
EF7
800
8C0
106
24A
7FF
0CB
C2D
90B
B85
0BF
7CA
3B3
3CD
800
889
A77
050
7FF
583
D91
800
800
0C8
461
7FF
3F0
B8D
893
BA0
D7B
508
7FF
5A7
E37
800
B18
0BA
74C
774
008
C51
800
A9B
392
7E7
439
0EF
800
800
B48
4A2
7FF
7FF
EEB
A4D
855
019
638
7FF
355
F99
800
8C3
F01
5F3
4FC
47C
977
800
C94
48E
6FD
727
204
A05
A05
DB1
490
761
5B2
E64
925
800
DBF
57C
7FF
440
E3F
813
D04
073
57E
7FF
3BE
BB4
928
8AC
088
418
7A2
FA3
A44
BC5
C67
F88
502
687
1B2
805
B92
EDE
34B
7FF
6CD
EBD
800
9F7
B69
23F
748
561
DBD
9D4
80D
EBC
424
6F4
097
DDB
836
A98
0E0
77C
6F4
EB5
9B2
800
BAD
343
7FF
5DA
103
A8B
AB6
B74
1EC
694
35A
14D
94A
A08
DE0
5EA
746
60F
ACF
800
800
191
6F5
759
14F
B26
8BB
D52
08C
7FF
7E8
153
800
917
C8D
178
7FF
229
F85
800
8E0
E73
329
7FF
529
CEE
9A3
842
062
5B8
7FF
2CB
D37
829
B24
29B
79F
7FF
2B9
800
A52
BC8
16C
66B
421
F64
854
800
CDB
231
6EB
648
F24
98C
917
F08
68B
509
491
E0F
B64
821
191
7FF
758
158
89D
834
A23
386
7FF
4D5
173
97E
800
A79
393
73A
530
083
800
800
C58
5D6
7FF
2FD
C4D
AD9
965
079
2A4
751
2CB
ADB
8AA
C1E
110
5F9
632
315
8D8
800
CAE
2A1
542
6DF
FAF
8C3
B13
AA4
29F
4E3
6D7
DB1
8C3
8F9
125
5FE
614
E9F
CD4
8B4
9DD
125
7B0
7BA
29E
BD0
9A9
B56
30E
7FF
419
E5D
A07
800
C7C
38A
768
768
098
B32
92F
E74
4EF
7FF
5D4
B4E
800
A34
13A
670
78A
37F
CA1
800
A4D
2B0
7E3
7FF
369
A5D
800
A7E
47B
7FF
72D
1BA
8C5
844
AF9
62F
764
3E9
D8F
83D
800
1DC
66E
70E
36C
B2B
800
800
272
5D0
7FF
22D
EA1
800
9F3
136
695
70B
EF9
93A
84A
138
190
7FF
569
E61
8C7
A37
DED
404
7B4
424
FB7
A2C
800
1A0
2BF
7FF
2E1
8CB
800
C5A
0D5
635
4EC
E98
B21
8AD
A76
1E1
7FF
620
DDC
91A
800
CEF
465
64F
597
F6C
800
AA7
F4E
4BE
7FF
20C
B1B
984
C02
EB8
44D
7FF
455
927
AF5
973
2B6
7FF
692
1BA
88C
AAA
D37
605
711
214
FDE
BC4
867
0A3
4EA
7FF
251
BC7
800
B4E
E3F
73E
6D2
1D6
C7B
B2D
DDE
261
7FF
613
EDA
800
800
C96
27C
7FF
547
0A1
9B4
800
FD1
24A
7A4
435
C87
800
A90
FE5
63E
53E
1CA
8D7
9F0
CCD
197
525
663
F48
A12
822
9C5
510
7FF
541
FFF
800
800
A14
5BC
546
582
BA4
B78
901
EA3
7D6
7FF
350
DD8
800
A85
36B
7FF
55E
050
C68
800
A2B
382
7FF
3CC
F30
A6F
8EC
969
4C9
742
675
054
A63
A47
E34
7A1
7FF
691
B76
B81
A35
F50
6AB
7FF
FB8
BFB
A0C
AAF
2C7
7FF
6FF
106
800
860
C43
4A2
75E
3CD
EA0
95B
988
E03
23E
7FF
5A3
D02
AB6
910
CBE
6E3
7FF
46F
A04
800
B7F
106
69A
54F
2CB
BA8
800
C1C
24C
7FF
7FF
C6A
A0C
800
ECC
515
7E5
22B
D71
800
A48
0F7
432
7D1
347
E1C
800
81B
3B5
6BC
27B
413
D6C
ADC
93E
2FF
7FF
5C2
E6C
95E
800
F77
31D
7FF
61A
0CD
800
837
098
7FF
7FF
143
BD1
C15
BBE
1C4
69A
24A
24D
B56
800
E52
37E
6EF
4A5
F40
824
800
A56
250
74A
779
FA7
A3F
800
F67
4ED
7FF
2AD
CE8
91C
C1E
15F
360
66A
03F
E3C
800
800
257
6A1
7FF
E34
951
920
A41
41C
681
2EF
F84
800
94E
DD7
421
735
338
CFE
BA6
800
1B5
78D
640
2AA
DAD
93C
800
BF3
76B
7FF
053
A14
800
F2D
1BD
7FF
656
ED7
800
BF9
FCA
603
704
371
C3A
8AB
8C5
0D7
316
668
36D
B07
800
D90
484
77E
45C
2EE
800
94E
9CC
563
697
64F
0A3
966
AF5
EB4
419
7F8
376
DAC
C7C
D6A
9EC
648
7FF
4B1
CF4
800
B44
092
42F
7FF
F23
C33
9E2
BF0
2EE
7FF
7FF
F46
800
800
CD7
11D
7FF
52D
DE3
B22
914
231
3FC
7FF
F44
857
800
C0C
247
650
6C3
0DE
91E
818
A60
0E4
739
5FE
F34
9E1
800
BC3
0EC
7FF
516
D2E
838
90F
03D
387
7FF
59E
C04
9F9
A42
E43
646
77C
372
9E6
800
9C9
070
7DF
704
24A
C80
914
B6F
2FD
7AF
2CE
BFB
800
A68
B68
483
7FF
4CE
E03
A06
9B4
E7A
43C
7D4
373
CDB
800
89C
078
706
7FF
C1E
BBD
B13
986
311
3C1
7BB
D3A
A5B
868
E3C
3B0
7FF
47A
DA2
800
800
F0D
6D4
7FF
3F3
A76
938
800
1AA
481
50F
21D
BB3
924
92F
61B
7A8
7FF
F08
A2D
A4C
EFB
2B2
7FF
6E8
FE6
885
ADB
17A
3FA
7FF
5B5
C1A
AC7
B10
375
554
7FF
2D4
CA9
9CD
A89
3B4
67A
625
D6F
86B
800
F5A
75B
59A
399
EA9
933
800
F4C
6F9
784
52F
CE4
87C
95D
0B4
67F
79B
3F6
AC4
810
D0D
1A5
7FF
6D2
04F
9B2
B8B
BC3
06C
6EF
4B5
FF8
800
9F1
26C
650
68F
35A
8D2
8C6
B57
314
7E6
7FF
3CF
BA0
800
927
236
7FF
6ED
E64
992
800
F11
20E
7FA
337
DE7
AF1
CBB
E43
68A
6F9
246
B8B
923
BF3
28B
612
537
DF2
904
A57
848
34A
7FF
5F1
214
B64
930
EA1
297
7FF
4CD
E1E
A58
963
FCE
603
7FF
128
ABB
800
A64
0E1
6F2
4A4
1CF
C08
CE7
AC8
20B
7FF
7CC
F31
8A8
A8A
DAE
18D
7FF
355
C1D
912
83F
ED0
3AB
621
5D7
CF4
998
CDC
01A
28C
7FF
1FA
8FB
800
BDF
2FC
40C
7A7
0B9
800
88A
CC5
529
634
2AF
DC7
800
95E
EF8
414
76B
54A
DDA
85E
A08
F3A
75F
6B6
511
CB5
84A
C80
4F7
4D6
76F
1FB
8E3
888
D8E
558
7FF
5E3
14B
B03
8FF
F1C
447
554
48D
DCC
8C2
9EB
1A6
7FF
691
121
D0B
800
860
EED
7FF
740
DA2
8AE
800
D99
27A
5EE
5AE
04D
9DD
800
E92
586
6C7
53B
E99
802
A40
FD0
608
75B
588
C8D
800
A0B
FB0
7E4
7FF
136
C8D
BF5
E66
481
7FF
6C2
43F
800
800
E9D
7FF
6D8
4B0
CD4
948
B42
05E
488
65B
25C
935
800
AB6
0CD
4EF
24A
045
C0C
800
C66
241
7FF
29A
D35
944
800
C5B
54E
7FF
477
D00
800
AC5
0CE
61E
615
382
E4D
A20
B54
288
4CE
6D0
F83
AD4
9C8
CD7
11C
796
5F9
E67
A12
9AD
FCE
361
7E5
581
C18
839
BAA
14C
7FF
6BC
2C2
E35
800
A0A
23D
781
7FF
0BF
C92
800
C68
440
7FF
619
EB5
800
9E2
E0E
6D9
660
3A9
D9F
9FB
86B
048
7FF
7FF
42A
BCE
975
C86
30C
686
7FF
033
8AB
A82
CA9
34F
5E7
3B8
DE2
C0F
BE7
DC5
574
67E
39B
B6F
800
C57
1A9
561
40E
064
948
896
C8C
462
7FF
6B8
E20
ABF
800
A48
2C2
738
474
FD9
949
8C5
DA3
5A2
6E6
59A
E97
882
9C5
09F
3FC
7FF
0AC
AB1
800
AC0
390
747
76B
226
800
900
BD3
45C
7FF
46D
E2D
811
800
E42
79D
50F
571
CE1
835
946
28F
78B
6BA
308
B0E
800
CE9
330
627
6B5
E0C
870
9FD
BC1
6B6
792
6BD
E21
A17
961
E3E
32D
78B
EBD
B46
800
957
2E6
7FF
7FE
264
800
A47
B0E
1EB
68A
7FF
F87
B8E
8D8
DEC
43B
6F7
5A5
D87
93B
A61
FE2
594
63E
362
FD5
85A
800
06C
7FF
7FF
178
9C6
83E
ADC
312
6F6
424
02B
959
800
CF7
643
5CD
581
F0C
A32
BA7
029
562
7FF
4D8
D20
800
9FF
161
772
7A7
EF7
B25
800
D15
2E7
32C
5D1
DCB
858
A20
EB2
5D9
7FF
4FF
EE6
800
800
E0F
7FF
77E
198
C2E
800
A1E
2C0
643
51A
12B
9D4
800
97E
008
7FF
7FF
D74
9E8
800
E2F
5C0
7FF
73E
D00
800
800
00B
3ED
7FF
303
BA1
800
B18
1E2
7FF
7FF
310
937
9F3
D4A
327
7FF
702
17F
8FC
800
D3B
50C
7FF
577
ADE
83D
84A
F12
73A
7DC
1AD
C63
946
A8E
2DD
49F
677
220
800
800
BE8
53F
5F1
705
DDF
800
800
267
178
7FF
556
E7F
800
C22
0AD
7FF
7FF
20B
C34
AC1
D6C
393
7FF
7FF
1DA
B3E
B3A
CC4
337
7FF
6DC
C8A
800
8A2
EB9
7FF
7FF
666
CAC
D40
938
139
7FF
7FF
245
A16
800
E7D
1C9
7F9
7FF
14F
B17
800
DCA
61E
7FF
5F7
CFC
894
C08
E06
7FF
6CE
0E1
E54
800
DBF
032
5B8
7FF
3C4
AB3
B3D
9F1
55D
535
646
2D8
A97
81C
B03
37D
5B3
2BC
E8B
A7A
999
ECD
576
505
3F4
AE5
800
A12
0A0
7FF
7FF
197
CE0
800
D0F
02B
494
75C
E80
B21
879
02D
2FC
6EB
7FF
D61
800
800
F5D
3CE
7FF
41B
BCF
800
8D5
10C
7FF
63B
15C
984
800
D2B
380
7FF
4C5
FA5
800
800
D6B
7FF
7FF
6AC
C94
800
ACA
E2D
4C6
7FF
1FB
B50
8AE
846
18F
552
528
09B
C56
94E
973
4F3
77C
681
EF2
9A2
8F4
D00
6AC
3D3
526
AB6
AE1
850
09C
5D7
4C3
F78
800
800
F30
0A7
783
49F
078
C58
8D5
EBD
63A
7FF
277
E4C
AA4
8FE
15D
72B
78B
280
C75
8B2
9B8
35A
7CB
7FF
1FD
B02
800
C1C
194
7FF
7FF
0D2
929
A30
067
740
6FB
4AA
E03
8FB
998
D28
70C
7FF
4A9
CC3
849
A40
0D0
7FF
54D
FFB
C6A
800
9CA
23E
7ED
7FF
0F2
9DF
800
AB8
4DE
7FF
635
E54
9F4
800
2FB
572
7FF
FA7
E00
9C1
800
259
7FF
50F
FCC
800
800
BB4
7FF
737
6D9
E16
9D4
B1D
DBB
651
7FF
62A
C0D
800
AE2
1D1
6B0
7B5
3E6
B58
800
DF1
2B2
575
7FF
0D6
A0F
800
BE1
584
7FF
3EF
C35
8AB
859
E0D
7FF
7FF
16A
C81
800
800
202
7B0
52F
313
956
B98
9D9
393
7FC
734
E08
9CB
800
DDB
29C
7FF
60D
F17
800
A43
0B7
38D
7A4
3B3
B62
A01
B98
13C
556
7D4
1B1
AD1
800
A11
3BD
5CC
7DD
F50
818
800
00C
409
7A0
28C
D98
992
C01
F32
6E3
7FF
1F9
AF8
800
896
32C
7FF
6B8
2BE
982
8B0
B22
3FD
774
314
D56
968
92C
E00
7FF
7FF
14C
0DA
9BB
C4E
F50
740
7FF
3B4
A28
800
AB8
290
7FF
467
09E
A45
800
DF1
470
7FF
499
E34
877
800
167
67A
6A9
5F0
C38
800
C3F
2CA
7FF
6B0
1DA
CDF
800
C46
468
7FF
7FF
E3C
971
800
F97
5CA
7FF
464
DE2
800
800
060
7CC
68A
FD3
AD0
800
C77
3D9
618
7FF
2B4
C4B
DF2
B2D
2B9
7FF
63E
EE7
800
844
FCD
72E
6DC
1E7
ED1
800
812
1F4
7FF
758
28D
9C9
827
CFB
243
7FF
351
0DF
A3E
B41
EB4
2A8
7FF
65F
BD9
800
8FE
070
78E
7FF
348
A70
800
AED
179
62E
60E
379
B86
800
D49
468
7FF
7C7
EB5
800
C18
F40
427
7FF
489
AF1
800
800
D4D
7C2
7FF
126
B17
B0A
840
034
754
32B
ED0
B20
A28
FC3
47D
7FF
612
F99
A35
8B8
F07
259
7FF
3DE
D1B
8A7
904
0FE
6D6
7FF
103
D22
800
8E2
268
7FF
346
DF0
D65
B09
C61
147
777
475
D74
800
B97
F6A
5EB
7FF
6B3
AE7
ADE
BB1
35B
7FF
49C
290
AE8
8D2
800
48B
5FB
6B0
E5E
932
A5D
0A5
39E
7F1
61D
CCB
80C
8CB
DE9
6D2
7A4
4D7
CE7
8F0
8B8
082
7FF
762
FF8
97F
BA0
B06
35B
757
5AE
047
800
A28
C4D
39A
73E
245
D25
8CF
921
D24
6FE
59F
1FB
893
AC3
E0E
1ED
7D4
66B
E92
BE8
800
CD0
5B6
7FF
726
DC9
800
8E1
F21
7FF
72B
4A3
ABF
800
800
3BB
6FD
73A
13A
815
800
ED2
595
4FF
50A
F30
84E
94D
AA6
680
7A2
520
FB0
914
AF2
26C
7FF
6F2
1C0
B61
81E
CE8
1AD
745
6F8
1D8
829
800
DEC
500
7F2
418
BEE
800
99D
DE2
5E1
675
0DF
CBE
800
811
00F
77F
775
224
C96
801
DE7
4E6
7FF
778
EA2
8CF
800
E1E
399
7FF
2FC
8A6
870
96D
D6B
7FF
3DB
27A
97F
956
C97
3E9
73A
645
187
A07
851
CCC
2FA
7FF
7FF
C83
9E4
AF7
EC6
58C
727
5E2
B9E
8D8
AA2
FA1
6BB
500
330
954
800
AA9
578
4CB
6F0
F4E
950
800
BAD
26F
74F
6BB
BC6
810
800
E70
505
71B
0DA
CD9
B08
CB4
2D9
7FF
7C9
2CC
A4B
800
D01
319
7FF
54A
035
907
BD6
FCA
7D6
7FF
15C
E4B
800
8CB
260
7FF
7FF
056
D35
914
8D2
23A
6CC
7FC
0F9
800
800
03F
358
7FF
28D
E84
803
A72
388
5AB
5A3
256
E22
A8D
AA8
129
746
666
179
914
891
AA3
3E4
7FF
584
0F0
8A6
95D
DD1
3D1
7FF
12C
DA0
BEA
85B
054
708
492
634
C89
800
983
1A3
7FF
344
0D5
800
A8E
DD4
5B9
56F
603
FBE
800
984
E3F
55D
7FF
348
C9F
8FB
B4B
3DE
5E2
7FF
F40
9DA
86B
986
293
6B7
364
BAA
B31
8F2
02B
70B
7B7
3FB
CCF
800
800
0E4
507
7FF
2C5
A74
825
B72
F45
7FF
717
EE7
99C
93D
D5C
554
778
5F0
CB0
800
800
EA4
6D5
7FF
466
D2D
800
A5D
FA7
659
79F
EE9
A0B
800
E02
410
6CC
643
B4B
887
9BF
EC6
0E3
7FF
533
D71
800
AC8
E54
4CC
671
1C8
A68
800
97A
459
736
7FF
C6C
9A5
800
060
52D
7FF
613
07E
836
BC0
0B8
64C
7B3
49F
E11
9B2
B4F
23B
5FA
7FF
00D
AD3
800
800
465
527
6BC
F8D
800
922
097
3FA
62C
123
C0F
891
BB5
F30
70A
76C
21C
8FE
800
B48
237
712
7F3
FC6
9F8
9E7
C46
488
7FF
25A
E3A
A4E
99B
F6B
7C5
7FF
18E
9FD
861
93B
16E
320
7FF
2A9
B1D
800
D54
47D
7FF
4FA
F8A
BD3
881
09B
3CE
703
27E
C65
800
800
E24
7FF
7FF
22F
E88
800
E1E
203
595
71C
3E5
A29
98F
A98
529
7FF
715
98B
800
825
E6C
43B
6BD
439
9AC
A66
B7E
166
7FF
55B
070
B08
96F
CEE
287
3FF
7FF
FAB
8EC
ACB
F4B
576
359
6B9
21F
800
B84
F0F
7FF
7FF
121
ADF
800
9D3
367
7FF
493
C42
B44
800
D80
46F
7FF
3A1
C7E
800
9C6
152
397
698
0C2
DA4
8FA
A8C
DF2
7FF
2A5
2DD
8B0
800
C9B
42B
7FF
554
C43
800
A43
EDC
74F
74C
5CA
D5D
852
C28
F71
7FF
65C
264
A0E
800
80F
49B
7FF
5B5
322
800
877
E87
5B7
7FF
3D6
E02
902
9C6
F19
52D
668
EA0
A2E
A2C
A54
211
7FF
54D
086
80F
A0E
BEA
7FF
675
7FF
CAB
B40
800
DDB
748
7FF
499
D1E
B1D
C2D
239
63F
4AC
11B
C24
800
A08
19B
7FF
657
E50
8D8
81B
AD9
421
55B
27D
B3A
800
D31
15F
784
62A
36C
8B9
800
8AD
EA6
2F7
5DC
166
8C2
9B7
BD9
5B2
7FF
523
F93
ACD
B95
FC0
6CC
7FF
308
D3F
800
C62
140
7FF
7A7
060
86A
800
E64
605
7FF
4E6
DBF
A22
9B6
DD5
54F
7FF
49F
CCC
88F
9DD
0DA
7FF
779
0BA
9F0
9C6
C9E
425
799
7FF
FCF
95A
987
F61
413
3B2
5DF
F08
800
C6C
EEC
70C
7A7
326
C96
800
9A3
199
577
7D0
0EE
955
800
92D
4A8
7FF
7AA
EED
800
812
059
3D6
7FF
3A7
CBB
800
811
083
7FF
6E6
209
BF0
800
BE9
308
7FF
5ED
0BA
A9B
B2F
F72
59E
7FF
381
C93
800
851
1AD
7FF
4CA
134
BEF
9EC
E10
2A2
7FF
68B
07F
8D4
A86
D90
30C
78E
26F
EED
8FE
800
E96
633
485
4A9
800
800
800
334
7FB
4D2
E1B
8D7
B69
D30
44B
6B1
5A9
F3F
800
B04
D6B
5DC
7CC
5F0
E5C
800
8E7
295
71A
7FF
38A
8D8
932
B04
0EF
75A
608
04C
800
A81
040
6C5
7FF
15B
830
992
9D2
2C2
61C
7FF
FFE
B91
800
BD8
35D
7FF
49B
159
945
800
EB0
333
7FF
53C
AB9
8C0
8C2
0EE
593
5B9
3E2
C23
9F3
A3B
2F3
765
7FF
11D
AA6
AEF
C5D
18B
403
5D6
D44
9C6
800
F8E
57E
69B
1AC
BCE
968
845
265
7FF
734
51B
A0C
9A9
C81
43D
7FF
5B1
1B1
AE0
800
E3F
532
7FF
6BF
DF6
800
937
1DF
40C
7FF
1B6
884
95F
A6F
3B7
687
49D
FA8
B3A
871
E8C
3CD
774
2A2
FD6
8D9
AB3
F12
427
5B8
49D
93F
C14
E29
F6C
7FF
6DE
256
C80
800
C00
5A9
7FF
3D9
072
800
B53
150
615
6DD
386
CC8
800
A7A
001
65C
728
D38
A14
800
B35
48C
7FF
6EE
E1F
800
800
E70
7B2
669
667
B6B
8BD
8CF
211
639
7FF
1BC
AEA
800
B6F
657
712
78A
F00
BBD
800
D24
5C3
7FF
1BE
D63
9EA
A9E
14F
62A
7FF
1F7
8E0
90C
B71
1B5
74C
7FF
259
800
891
ACF
6A1
6C4
4CC
FA6
B12
B71
F2E
4A5
68B
27A
A2E
D5A
B82
F91
75E
7F8
050
A92
843
8AF
18C
739
4D9
020
800
8BA
04B
6E3
7FF
2D7
C5B
800
8C8
0DB
7DC
628
0B7
B24
800
93D
2AB
7FF
7D4
CE8
806
866
D72
5C1
6E2
796
E1A
A99
A7A
045
7FF
5C9
2FC
AA8
92F
C2F
592
7FF
556
ED8
800
800
D91
381
7C0
26B
FFC
8FC
9F7
B3B
7FF
798
671
D57
89B
B66
F86
7FF
62B
2E1
925
800
CDF
1C7
76D
5E6
F1E
85A
829
E14
4F8
658
57B
AEB
800
800
0A6
7BC
40F
E4C
A8E
800
B58
4D7
6BA
324
023
991
842
B4A
6BA
7FF
034
F48
924
908
FC8
5C4
7FF
FBA
C94
81C
E17
3E9
773
33F
0C5
C89
8F2
184
0EF
6BE
366
E33
991
9DB
20D
551
78B
036
C8A
800
800
2DD
6BE
7FF
15C
A65
8F0
CB3
39B
51E
716
CA8
800
942
3BE
4CE
7FF
2A4
CB5
AA4
D42
FBC
6C4
760
23F
92A
800
F69
441
7FF
3FE
EF3
8E0
92E
01A
7FF
6F4
41C
B3F
A5A
852
F1B
7FF
6C9
1E7
800
800
F20
415
7FF
614
E50
903
88C
E9A
5C6
7FF
0E7
C8E
973
C01
067
7E5
7DE
3C6
D8C
838
AAD
2A1
68B
771
128
85F
891
F9B
4D1
73D
48D
C83
800
B06
FF9
7A4
780
183
B35
800
C65
07A
7FF
723
0AE
8F3
ADC
E8A
414
6B1
655
DFA
800
D26
2B8
7FF
7FF
F51
DE4
A8D
D9B
674
7FF
4C1
FB1
DEB
800
AE6
2CA
7FF
451
F70
86F
BC5
166
381
7FF
557
DB9
87A
AC2
F9A
7FF
7C4
038
C19
869
D99
11E
7FF
580
B76
CD8
915
EAE
354
7D4
5C3
E92
89F
C25
E30
789
7FF
F08
967
868
DFA
4B9
5B0
6FD
F33
800
8FD
FDA
478
7FF
2ED
DAD
800
B90
F61
590
721
01D
A87
800
BCD
595
3F3
56C
EFD
815
87C
D95
6BF
67E
2F9
E53
A2F
800
E11
62C
7FF
1D7
DDD
800
8F5
55C
7A9
52F
F37
8AA
A89
DB9
422
7FF
6FA
E88
800
8E5
EE0
5A5
67A
364
C51
9A3
ABB
28E
7B8
7FF
F61
B4D
831
E83
35F
70A
5DD
E14
800
800
FC8
5B2
7FF
3AD
B46
8C5
B1C
0D7
51E
459
13E
B73
800
F6A
603
716
1E8
0F6
934
800
E10
6A8
74F
3AF
D27
853
D81
018
6A4
435
1F7
A13
861
C72
0A3
751
581
D02
800
90E
F23
306
77A
2A1
EC3
800
9C5
14F
670
722
144
C22
800
D0F
2B4
7FF
66D
E8D
800
98A
CC8
576
5E2
4B5
DFB
800
9D3
D6D
7A5
7D3
3DB
A22
800
C13
1AA
7ED
65F
F88
96F
954
BDB
45A
7FF
49F
BF1
954
A25
FC2
648
7FF
157
A73
800
A9C
14A
7FF
503
DCD
A9F
962
FA5
713
7FF
465
D53
869
800
F05
5EE
5D8
113
D28
800
ACC
384
618
4D5
2AF
CF7
800
A88
304
6A8
61F
B84
800
A04
F98
41F
7FF
3FE
9FB
800
F5F
110
7A0
7FF
1A3
936
9FF
D50
1B7
6B8
49F
DD8
856
8AB
E9C
7FF
7FF
319
A14
800
BC5
119
6EA
6D7
2A6
A6A
800
BFB
394
7FF
2A4
C90
800
952
E5A
381
7FF
2FE
E4D
8C0
B79
190
5B0
4FC
11E
DB9
862
CF0
360
6BA
52E
11C
8B2
A3D
EA0
514
782
6E6
DA3
800
D4D
FE5
49E
7C4
F37
B49
800
B10
2CC
4A7
6C7
137
81A
8D6
F6D
408
7FF
5C8
E10
800
992
0F3
613
7FF
215
D53
800
9A9
33A
7FF
18E
E85
8CE
90F
F4E
47A
7FF
480
DED
9C3
A84
F8E
602
7FF
1BF
DA9
800
8D0
224
7FF
7FF
22C
9EE
951
03F
311
5B4
24E
CFB
A3D
950
05A
2AF
6C7
03F
C58
861
B3B
28C
55F
7FF
294
AFD
800
F33
3C5
7FF
5FA
D3B
800
800
2DF
7FF
7FF
231
A53
8C2
A19
1E5
7FF
564
FA4
ADB
A83
D97
26A
6F3
1E2
D77
800
92F
255
6D8
428
0B4
918
800
D5C
0B6
4A4
716
199
975
8E1
8C5
3A4
6E2
539
198
800
AF4
F1A
6BD
714
FA3
C7B
B23
DAA
F11
638
7FF
D18
A07
800
DB7
494
7E5
548
EA3
800
AFC
E15
493
7FF
274
C92
800
B47
1D3
7FF
76B
2B6
800
8C2
C90
3CA
7FF
258
0AE
813
A8B
EB7
671
7FF
396
BD5
800
9AD
17F
6E3
4B3
0FC
D7F
800
C8F
1E8
6DB
583
040
8D4
95F
C0B
6DB
7FF
18B
D7F
B79
E3A
11B
63E
3D6
1D6
B35
800
B02
142
79A
71C
FE8
9A8
9B0
EDB
4F7
7FF
516
B63
8BD
C3E
FCC
6DD
7D7
2AD
B37
800
CA5
27B
7FF
4B7
138
800
800
E12
582
590
41E
E5F
915
B08
149
7FF
550
FB4
BAD
800
AD0
30A
7FF
458
C5C
82C
9CD
D74
6B3
752
51F
BF1
800
94A
F14
7AC
788
2E3
ACE
A60
C8B
12E
7F8
62F
04A
800
90C
E1E
6CB
7FF
2D9
E25
9E0
808
20D
7FF
630
216
DE2
91E
D34
1B5
6BD
7FF
06E
C91
926
E1B
75D
4D1
313
B74
A34
A3A
30C
5E4
6C2
1B4
AD0
B5E
EE2
160
7FF
5F4
221
9A6
800
05B
23F
692
68B
D21
800
ACF
0ED
644
7C7
FAC
800
800
A08
342
694
7E6
0C6
860
B0F
02D
212
71A
2B6
E48
928
927
41E
563
61B
1EA
8D0
800
BF8
43A
751
731
DAA
9B1
800
D16
50F
7FF
237
0E5
881
B6C
255
412
7FF
071
B2F
800
BF1
07F
63D
7FF
CD3
B7A
93E
D4B
769
751
724
B74
800
A44
139
639
7FF
1DC
8C6
800
C54
679
7FF
7FF
04B
952
800
BA4
4FE
757
663
FCE
844
8D9
DE7
665
534
38B
BA6
800
893
352
596
5AD
F08
A7E
82D
E37
445
7FF
468
CA7
800
B08
F52
568
678
55D
873
800
E84
301
73B
551
E14
B0A
942
193
49D
7FF
4BA
E30
940
800
0D7
7FF
7FF
12F
BB2
C22
CB6
391
71E
374
16F
876
800
07C
741
7FF
343
D6E
844
901
F10
7FF
794
112
CAB
800
CE9
168
71A
5D9
211
8C6
800
C4A
290
59A
1F3
F6E
800
C52
000
7FF
6DE
56C
934
944
A9D
3CD
6AE
60E
259
813
800
BE7
2EC
7FF
374
CA1
800
800
1CE
7FF
3D4
377
A86
800
A75
394
534
7ED
FAE
ADF
9FA
B7F
366
7C4
60A
E87
800
A9D
E8F
601
6B2
3F6
9C7
CE2
E43
512
77E
47F
EC8
829
971
ECD
485
662
16C
C84
CEC
A30
20F
3DD
534
3D7
A2F
800
D8D
1F1
7FF
718
D6A
C22
800
0DF
45A
7FF
59B
FA7
800
B6C
21A
3A2
567
410
C72
860
EA2
487
481
2AC
F28
A7F
800
E16
3F2
7FF
567
CDD
A56
C75
FB5
6AF
7CC
0DD
B0C
804
BF1
0BA
777
682
FF8
800
A1C
DB8
68D
782
316
D6A
800
800
4E3
57E
65D
338
C8B
800
B4E
F8B
7FF
6AC
F91
800
800
E08
7FA
7FB
368
CB0
9D5
800
014
4F7
7FF
3FD
B6A
95A
C29
350
66D
4AC
E11
8DE
800
DFD
566
697
6B6
AC6
800
A92
022
7FF
7FF
F0B
BCE
800
C4D
2FE
61F
604
028
858
800
C44
5B8
747
4B3
B80
A49
A73
0F2
7FF
7FF
211
C75
84F
C8D
4EE
7FF
5C7
1B7
800
800
F30
64F
7FF
7C2
F47
800
D0E
0C8
6CD
521
EC9
968
800
EEA
507
766
3C1
D9C
B1D
B5E
DC6
5B7
7D7
535
E50
800
8B0
265
696
7FF
1F0
ABB
840
BD7
526
6F1
538
01B
800
948
DBC
375
7FF
48C
D46
A6D
ACE
080
66F
6DB
2FE
A49
800
D62
4D9
500
475
017
9DD
932
E01
5B6
54F
24E
D72
AEF
B79
1C3
4E5
5E2
28C
C24
866
DCC
03A
77D
46D
ED4
A74
862
CA7
3E5
7AA
2F7
B37
A8D
CD9
E2C
7FF
4E6
F84
AA6
C98
C23
2F9
6BF
5FF
E03
800
902
16C
4B9
707
101
979
8A0
BF3
02C
7FF
482
2D7
C57
800
B3B
4E6
775
609
CDB
A91
800
FC5
7FF
6DB
3A1
02B
832
B8F
27D
5D4
6AB
140
85F
800
E39
18C
5EF
716
CA4
800
99C
03A
7FF
693
39A
D03
800
C07
0EE
7FF
37C
176
AA2
93F
C47
21C
633
2DD
E6C
9E8
A4E
DD2
734
7FF
1F0
BD0
800
B9F
34D
6FA
733
0A9
982
A5F
F8F
23C
7BC
5A3
C15
800
800
044
7FF
7FF
50A
B96
B90
B4A
5EF
7FF
3E9
F9E
ABF
800
F4F
41B
6C6
530
03C
800
97B
EE2
64D
682
330
ADE
800
9F5
1FF
7FF
7FF
EB8
8F3
C37
F2E
155
7FF
3DD
B2D
8DA
A88
03F
7FF
650
363
8D5
800
B34
4B7
7FF
595
D1A
AD3
ABB
F27
5BE
6BF
4DA
A4F
800
A75
F58
7FF
7D9
10A
98F
800
D7E
5D6
498
5D1
C81
90E
9B6
F61
7A5
7FF
4BE
97B
800
800
3B9
7FF
625
2FB
991
A82
D7F
4DE
7FF
7FF
F1D
A95
937
09C
7E1
783
188
EE8
88D
95F
0DA
73A
7FF
FB3
A8A
800
BCA
65B
552
518
D5E
A49
B4E
DD1
7FF
7FF
398
A85
88F
A93
E8E
738
6F9
0CB
BA3
800
F36
1D7
750
312
CAE
800
A32
F44
61F
7FF
FED
BC9
83E
C1F
F42
790
7FF
1A1
A3F
800
B41
39E
7FF
395
E80
800
C98
F2A
73E
5EE
32D
BC0
800
F81
2B7
7FF
4E4
F7F
967
9A8
FC1
7FF
7FF
65A
D92
976
826
EED
77D
7C8
414
DAD
800
B23
1FC
69A
7ED
DED
B97
9A2
D51
543
7FF
0F2
EC7
94D
896
ED3
728
61E
40B
903
990
BB2
2B3
6FE
7C6
038
930
81C
BFB
7FF
67C
5D4
D61
800
800
1C2
54E
643
1CC
C0C
8AB
B55
332
7FF
718
FB7
A93
99B
E2B
4B7
7FF
4F2
B52
800
85B
0E7
410
7FF
1BE
C05
800
A9A
244
7FF
5AC
D2D
8D6
C8D
121
7FF
7FF
2A6
90E
B18
E65
0DD
7FF
7FF
35D
AB8
88C
800
3C5
7FF
5AD
BE3
84B
D06
DC3
5E8
7FF
31B
D6E
86C
CE1
069
5A7
645
260
A98
80A
BF1
37E
7FF
273
C04
800
9F1
D9A
544
709
59F
B3A
800
8A4
185
64F
4E4
23A
A7B
9DA
A13
664
7FF
413
FDB
8A7
800
0A0
786
7C8
1D1
E3C
AF9
B7F
289
7FF
58B
F40
89A
800
0B0
545
7C2
365
D69
813
A89
13B
7F7
7FF
046
94D
800
E2B
746
79F
6F6
018
85E
800
EAD
6F3
7FF
578
D4C
A52
A2B
2AB
682
6D1
21D
93B
800
D0D
1ED
399
7F5
DB5
8B4
C56
F47
2BF
7FF
22E
BD5
800
A58
3A2
7FF
6EE
EE0
83A
8BA
EDB
563
7DA
35C
DE6
800
AF8
12D
62E
702
E6E
DF1
948
B54
2D3
355
586
051
A0B
9A0
CDB
383
7FF
35B
B01
9CA
A24
EBF
7FF
7FF
0A6
ADC
99D
D34
0F3
7FF
6D3
1A5
800
911
E89
2C7
7FF
1E7
DAC
800
D4E
357
5B6
504
4DD
98C
99F
9AF
0B8
7FF
7FF
FC0
800
910
DA6
3BF
5E1
3EA
8A7
800
893
4E3
68A
7A3
18F
8F7
977
A45
442
7FF
37D
E60
B5A
93E
019
6AB
583
227
C73
800
A6A
FA7
6E1
566
2EA
BDE
800
8F0
35E
7C2
6CA
E20
84D
AA8
F4B
7D1
6DB
3CF
BD6
906
AF6
202
714
3F5
07A
B01
9A0
D46
4BA
7D8
351
F80
800
861
ED5
422
7FF
138
E08
83A
A9F
E66
7BE
6E9
00E
800
800
179
58C
7FF
2CB
DAC
AF7
800
04B
77A
7FF
0FF
96C
800
ADF
4B4
635
5B2
041
800
9D8
FB5
59E
7FF
584
B80
800
91E
1A8
7A7
591
48E
AF8
B5F
DED
207
499
515
FDF
B21
964
CD1
70F
7FF
249
BD2
800
A49
2E0
4DF
7FF
EDE
C91
800
C14
287
7A1
704
B35
8E8
95D
F0F
4CD
5E6
650
94A
800
A56
EF6
6A6
403
C38
A56
800
EAA
5AF
7FF
276
D66
800
894
2A4
6A3
7FF
182
92D
A87
D06
282
7FF
753
F05
8CD
A19
EAD
519
688
3E1
F78
A61
BCB
002
5D7
7FF
1C8
980
800
DAE
260
607
730
DF7
800
800
E80
1BD
485
690
BF0
994
8E6
389
4D9
474
251
8B9
800
CB1
11D
7FF
4BF
0A9
9D4
B9C
FC9
7FF
65B
420
957
800
96D
0FA
7C5
7FF
F84
C40
800
D17
546
63E
59D
BE6
853
800
FD4
7E3
6B8
429
8ED
952
CD4
056
7FF
6E7
AE8
BF4
800
105
695
7FF
35B
A31
800
928
011
69B
7C7
EF2
CC0
800
E6F
FF4
20A
477
E12
831
A6E
F23
55E
734
156
F36
800
BB1
FF8
5FA
455
322
8F6
998
9A8
1BE
6D1
5A4
ED8
D62
800
E76
685
7FF
44C
A55
800
8F2
2C7
553
5FF
02A
A65
800
C2F
73F
72F
354
F92
A35
C6E
0AF
680
7D4
3CE
8BC
800
D26
15B
7FF
7E1
161
94E
800
EBA
522
5BD
379
D86
B37
800
1DF
7FF
79C
331
CB5
800
B8C
519
7E6
4D6
F38
95B
8D1
ED1
6CA
7FF
394
A91
800
9E0
20F
7FF
7FF
FFA
C1D
896
9EF
0F3
68E
2EF
C87
A92
976
2E2
7A0
7FF
E9E
B17
883
B44
163
568
7FF
179
AB5
84A
F37
30A
7BB
0BF
E7B
800
A92
D14
590
7D2
FFA
90A
9F0
C6A
30E
7FF
7F7
086
998
A36
E10
515
6D8
35C
E22
800
C07
40B
6A4
564
0C7
A33
CCA
C4D
512
7FF
70C
F11
800
800
E59
7FF
7FF
3E4
800
800
B18
223
7D0
7FF
2DD
800
8CC
BFF
499
453
61D
B7A
800
8A8
213
402
7FF
488
C22
800
DE3
0A0
5B8
775
01B
82A
800
D19
60A
6D1
62A
CFF
800
A31
327
7FF
607
4C7
A71
86D
CB7
109
7FF
0AD
0BF
9F2
A90
F81
70F
596
369
FC7
994
800
375
7FF
5F0
05E
967
AAF
DA8
356
4E3
2E2
EC4
800
9B2
138
605
7FF
350
96B
800
E11
3C7
4F0
7FF
F01
BFC
800
BAE
26C
7FF
443
DAC
AD2
BCE
18F
3F5
7FF
240
C9B
800
FE9
3A2
7FF
62C
979
800
800
9F2
418
7FF
2CA
B4F
800
A74
FB3
4D4
7FF
100
BBA
885
CCB
3FA
7FF
6A1
FFD
94D
800
E27
60E
7FF
23A
C43
800
BB4
1DD
7E4
7FF
D35
9F0
A15
E02
2CE
4F0
3F7
C57
800
994
F24
7FF
7FF
2DD
9D9
800
CE7
38F
345
66A
F44
AF5
800
D91
24F
7FF
18D
F8B
800
A16
26B
7FF
56A
FA5
A36
800
9FD
5F4
774
445
D70
85F
800
D30
7FF
7FF
302
D46
800
AA6
1F0
7FF
5D5
F31
AA8
9A4
E3C
395
7DF
2B1
C6E
800
DF2
18A
7D8
7FF
19C
A71
800
D50
533
7C9
1B8
160
CDD
985
E85
5C6
69E
4F1
F1D
932
AE4
1E6
565
52B
033
BA2
814
B53
33F
769
453
A19
91A
CA8
06D
7FF
7FF
0D3
935
800
B31
44D
5E9
6D2
F9D
A5E
830
C54
49C
7FF
054
C19
800
B13
EAC
49C
7FF
28D
AAB
AC8
ABD
24C
718
43F
007
A21
B02
FE9
2BA
70F
538
BA4
800
920
33F
7C6
62C
3AF
962
800
DD2
368
7FF
325
CE9
800
9CB
027
565
733
221
BB2
800
DFB
26F
7FF
242
E56
AFD
83C
B72
38E
6B2
1F6
CAD
800
AA9
024
621
5AC
344
A82
998
BCC
410
7FF
4E7
12C
931
B0D
259
502
62C
38D
BDA
86B
D91
F18
7FF
740
18B
B21
B11
DB9
1D8
566
361
CEB
A22
AEA
129
67A
7FF
FBC
B3E
800
855
21D
744
55B
0D3
803
800
C9A
269
7FF
663
C52
9A7
CD4
D1A
7C4
7FF
1D3
B3C
A78
DBB
485
5A0
69D
020
A9A
800
D85
4FC
411
521
C0D
800
A2E
2A3
7FF
3EA
1EC
91D
800
CA3
322
59D
66B
DBD
800
A06
0EF
7FF
2ED
288
F50
800
C18
411
7FF
7FF
CC7
864
9C3
C60
7FF
7FF
2E5
B5F
800
930
254
502
75D
2CF
CFF
906
BE8
396
7CD
4DE
D66
955
800
243
5AD
72B
346
B28
903
9A4
3EE
633
75C
065
AA2
800
D02
502
7FF
306
E51
800
C6B
1FB
7FF
72C
386
B92
800
E19
0AF
695
6B5
054
997
A0A
007
08A
7FF
19A
D33
800
C42
409
7EF
7FF
16E
C02
800
E06
376
62B
4F6
FAC
CC0
800
122
749
62B
493
C5A
800
BE9
31E
786
7FF
075
830
AD3
DDE
42F
7EE
1A1
DE5
9E6
8F4
1A3
7FF
7FF
FEC
B04
919
D98
6BE
771
709
D5B
974
800
050
7DA
7FF
308
B25
92F
8E6
138
6BF
598
2B8
80B
800
B35
2FE
7FF
42C
F72
800
8D0
F8A
56C
4AC
3C0
B83
85A
E07
148
636
524
CE8
885
8AC
D33
7F8
6CA
49D
EDE
93A
DBB
1CD
7FF
77D
065
B19
959
B19
374
7FF
606
015
AE2
A53
060
349
748
3FE
AD8
A7B
A52
241
76D
593
F27
B6C
800
CF7
6B4
754
55A
B89
97D
B13
F4F
56D
78A
2A2
80B
977
A9E
21F
4B7
59B
D49
800
8D7
E74
4D6
7B8
4A8
AA7
990
CE9
085
7FF
758
E72
A79
9F5
CFC
506
5CA
618
CD4
9FA
A17
13D
7FF
4C8
196
D28
800
D7A
332
7AE
72A
F97
83C
8AC
DF5
352
7FF
5D6
025
800
A83
DCE
6F3
7FF
06B
9BF
89D
C04
128
7FF
638
DF4
837
C3C
0CA
729
7FF
278
B37
800
B4F
23A
7FF
3A4
F56
B24
800
C45
742
7FF
2B0
D14
894
800
EF6
5FB
7FB
2C5
B10
855
CA1
268
7FF
3CF
E9F
800
800
18B
766
757
F77
D1E
800
AA0
0C3
513
753
DB7
877
800
E2D
36F
7FF
502
F95
800
800
10D
66C
76F
253
DAA
800
D35
51A
59C
6DC
D78
D02
A83
F34
7FF
6CB
522
9BC
800
ACD
3AD
745
5CC
163
A08
82C
C6C
1FF
42F
689
D7A
9EE
A54
D0F
6E0
7FF
202
EF1
A88
E40
29C
7FF
5D1
E47
894
A98
DB3
5BD
56D
59E
D4B
97B
A33
1A0
7FF
766
358
81B
800
BB7
5B4
72C
539
E93
800
800
FE7
7BE
577
080
99D
AEE
AA0
168
724
6DE
0B6
B6D
8B8
C9E
6E1
7FF
459
B81
8D9
897
D97
56C
7FF
089
9C3
800
BF5
166
7FF
7BF
E28
880
92F
F52
701
73B
2DB
BE6
8C5
B9E
25E
7D8
552
1B8
AE6
9E9
D14
6B5
509
478
CF3
98F
CB9
34F
671
7FF
000
964
8F6
CB3
6B3
697
53F
01C
800
B0E
055
4F4
7FF
4FF
CB1
88C
C2D
11A
7FF
6C6
388
800
AC6
C30
465
511
4B1
138
8A4
800
1A8
735
7FF
0E9
D99
800
9C9
5E6
670
465
EBA
AD8
800
E7D
08C
7FF
377
BB2
800
800
42D
7FF
762
1C6
800
8ED
C04
398
6C4
538
BE2
810
9CC
014
7FF
6A3
FD3
E9F
88A
F0F
3B5
7FF
7FF
FC9
8DA
800
F56
3C9
64B
3E2
DED
800
800
FE9
6FA
29D
F2E
92D
800
E49
7FF
715
52D
D0F
A23
BAA
FA1
6E5
7FF
2EF
AF7
837
AD1
44B
69B
7FF
EB5
814
C44
F48
5FB
66A
576
D27
9E7
A8C
F3B
7FF
7FF
CA1
9BE
85D
B70
4BA
546
433
E84
841
961
FC6
7FF
66B
172
BFF
865
9C0
32E
699
7FF
0ED
800
800
D7A
763
692
420
C60
908
BCF
EE1
7FF
7FF
2EA
9CB
800
B5A
48A
7FF
5F1
D02
800
A04
FA4
527
7FF
494
AF4
94A
800
398
7FF
3E9
EC0
9F7
AB5
F80
3DD
6DA
385
DD1
907
A74
ECD
66F
7FF
235
E7E
928
9A1
590
7D1
4F7
CED
81C
8F0
022
3A2
725
02B
CBD
800
AE4
1E8
749
582
36F
959
800
EF9
57F
581
170
B91
83F
C1F
FE5
6C5
5F5
210
951
8FD
A2F
471
610
61C
E4F
800
829
DCD
5F0
4E0
FCF
85F
A45
C67
4F9
7FF
7A1
184
AC0
A8E
DF8
63D
654
4D2
C20
8A7
800
155
6A0
562
2BD
800
96D
EC4
3AE
66A
393
E1C
9DF
C36
E26
6FC
7E8
142
9F6
800
E23
290
6EE
572
F86
A9E
800
124
411
762
4FA
BFB
800
C89
2AB
7FF
7FF
0EA
8C2
800
E34
40F
6FB
3DA
DB8
8BD
924
FDE
5BC
7FF
522
B77
800
80E
393
5E3
46A
B61
8C3
998
D2A
588
6D0
40B
D90
98F
D36
01D
4CD
63B
42B
C5C
800
E0D
198
7FF
63A
DF6
800
A51
070
558
71A
47B
9F0
A03
DC0
214
5DA
47F
1C5
B8B
800
F74
606
71F
4A8
9EB
889
800
F91
7FF
7FF
F3E
83D
800
081
5BF
7B3
529
A38
A3E
9C5
14E
4C0
75B
2A2
936
B81
ABA
09C
491
7FF
1C5
800
8D0
CD4
445
7FF
490
BB1
800
B7B
13A
7FF
7FF
32E
800
89E
D4E
5F7
7FF
683
C83
BC5
A3B
F57
6A3
76F
410
CBB
97E
9E1
380
7FF
6F2
F6C
A7A
98E
D12
441
781
42B
B4C
B12
B57
448
636
528
106
B40
800
D44
437
7FF
6BE
E43
800
911
1F6
3D5
74D
304
800
9A8
D26
2A3
738
7FF
FA8
800
A06
D5C
7B7
721
51F
C68
800
A90
20A
7F2
7EB
096
800
898
B5D
5BB
76C
35D
CEC
A30
8E1
005
5FD
780
219
A66
A63
C86
3EE
7FF
793
EBD
AB8
800
FE3
57D
7F5
267
D26
800
B2C
2B9
7FF
6A1
0AC
988
800
E39
5E1
7FF
45D
E1D
846
9C5
FA4
5DF
51C
292
AB7
8DD
B38
3A5
59A
5A8
009
AAB
8C8
E29
523
7FF
780
E2E
800
C0C
3F7
429
7FF
FE8
C9C
81E
E71
420
7FF
662
DE7
91C
8C7
0E8
637
580
F64
A9D
968
8DF
2B6
618
4DD
07E
8BE
909
FAF
672
7FF
5F8
C58
941
B66
E57
53D
5AA
17E
AB3
94F
98B
5A6
7FF
4F5
DEB
89E
844
11C
7F9
7FF
D40
8C0
8EA
C1E
17F
7FF
558
E7B
8C7
800
F28
68A
7FF
303
C6A
825
B9B
445
7CA
6E6
F55
898
965
C39
5D8
7F9
23E
D44
A12
B6A
F54
652
7D9
156
C64
994
9BD
3A0
7FF
47B
E9F
819
93E
E67
4B1
758
1C5
C63
814
D6C
0A4
5C7
7FF
E5F
A15
800
BFB
413
7A9
56C
838
98C
971
0C7
79B
536
1C3
800
800
E18
611
7FF
5C1
F70
8E7
800
0C4
7FF
7FF
35A
AF5
800
D1A
553
7FF
5BD
F3C
982
BFE
C9A
472
7FF
44E
992
800
9F2
070
71A
7A2
331
B48
800
C6B
534
7FF
76D
F2A
94A
800
0A4
77C
7FF
CE4
C0D
90F
B2B
FD0
79C
476
16C
800
83C
F2E
3D5
7FF
1CF
A5C
BFA
BC2
13D
7FF
72D
178
CA5
800
BDC
262
7FF
763
C35
800
893
0A4
5DC
4C5
27D
C96
859
81A
25A
7FF
640
118
800
800
E87
72D
673
3E8
AD4
843
B3F
68E
7FF
575
F26
8CB
800
084
5AA
7FF
4DE
AC3
975
C4A
163
5DA
7FF
374
A7C
800
A2C
407
790
1AA
CEC
885
86C
D05
7FF
7FF
40C
800
863
AE4
55C
7A0
44A
17E
D8B
8C1
B97
5A6
5F6
180
F57
800
A03
1D9
2A2
71A
006
961
800
CB3
2C4
7FF
28C
D3B
800
A98
DDB
507
7FF
396
800
8CD
02E
1B6
7FF
68D
F2E
A1B
A81
EDB
5C0
7FF
047
ADC
800
A4C
015
7FF
6C2
E6A
B14
889
EDF
564
7FF
5A8
C0D
800
A2D
162
61B
73B
21C
C3D
8AE
C8E
1BB
68C
6AB
D00
B4D
973
FB7
66E
7FF
241
9D7
800
EE2
E62
7FF
74E
293
A5F
800
E6D
570
65A
539
9AB
800
9D0
139
4BF
75D
0F7
95E
B4E
E1B
531
6EA
4D7
E9D
B08
800
E2A
680
7FF
383
801
8A4
CD5
341
759
6B1
E2D
913
9C3
FBA
4AD
7A9
3DD
896
800
B31
27D
7FF
5B0
E06
AF0
800
252
4E5
67A
410
A7B
800
8DA
F54
585
756
15E
926
9E0
DCD
21D
7D4
5ED
E0A
95A
C81
11F
7FF
643
409
B50
800
9E8
269
7FF
7D7
E6F
800
800
EE1
7FF
7F8
434
9BD
800
A97
30C
3C8
7FF
0CD
A2B
9C4
D52
5DE
7FF
4AC
F9F
962
93B
F3D
7FF
63D
216
A64
8D0
DE2
5D0
551
4DD
E0E
8F5
800
F8B
727
676
2BE
B3F
B27
94E
371
7FF
5FE
FF9
884
800
E74
5A7
5F6
4B8
CC4
800
AD9
E87
7B5
7FF
00E
92A
800
D58
3E9
7FF
50F
D4F
800
8D3
089
34B
7C2
257
A71
800
D07
655
7FF
3CD
E9A
800
878
0BC
675
7FF
487
B89
800
A02
13F
5EC
7FF
223
8D8
800
DB3
6A4
676
708
070
968
C6E
061
7BE
7FF
190
800
800
A68
2BB
7FF
604
015
A38
93B
F41
7FF
7FF
265
CD5
8FB
ABE
651
706
51F
F4B
A3E
807
D39
537
7FF
562
B95
800
959
1F1
74B
55D
24A
800
844
DE7
6E8
7FF
64B
DA5
BE3
A36
ECD
7FF
44F
2BC
B09
800
C76
4B4
5E7
627
F83
85C
9B3
FA7
4C8
7FF
4AB
9A6
800
800
155
4C4
7FF
F6F
8FE
A67
DF7
333
5E7
427
D23
834
9F9
152
45D
70A
2A2
800
981
C89
44D
7FF
50F
E10
86E
8B0
130
7FF
624
F1B
A6D
929
D9D
1DD
6EB
684
07E
8BC
9D9
EE8
4E0
7FF
3C4
FFA
800
947
F88
7FF
733
E78
999
8BB
B07
7FF
7FF
12F
BC6
800
AC9
10A
589
545
324
81F
800
DBF
615
7FF
6D7
010
882
937
06A
762
43A
0F6
BE8
800
B83
349
674
574
F56
9A0
B87
C68
6DF
7FF
461
AAB
891
BF9
434
4D1
5B0
E7E
974
800
F7E
0F3
7FF
1F5
D02
870
AC6
E82
74F
629
393
919
800
C92
350
7FF
6AE
D77
800
800
C9A
693
7FF
3D7
D1F
800
B6B
4F3
7FF
509
010
BB3
956
DA4
5B7
7FF
494
B2F
800
B9B
1B5
7FF
7FF
14F
8F5
8C6
D91
3DC
7FF
5C1
B0C
800
A0C
132
7F8
717
2D9
B9F
86F
D65
1A6
7AD
50A
EFF
A7E
A59
EE7
7FF
7FF
190
C0F
800
CDE
482
7FF
34D
E13
800
8E3
D82
4BA
7FF
3FC
D22
892
AB3
1FF
7DA
55F
157
8A9
94C
CB7
41A
77C
369
ED7
CC4
84D
D4D
552
6C1
FE0
800
800
BE4
203
7FF
345
C85
C02
B87
F3E
791
660
358
C46
9CE
D96
10A
7FF
419
E46
8B1
800
EDA
444
5D3
2D6
1BF
800
A58
1F4
7FF
666
177
916
800
EC4
165
521
503
C4A
800
C46
D03
5E4
46A
2B6
B6D
800
00C
4C3
7FF
4B2
F4A
800
8A3
FB3
58B
7B2
F68
B6D
800
AFB
498
786
5CB
FE2
846
800
8D4
716
776
306
BE5
800
D89
285
798
5DA
2C4
B40
A4F
20B
6F0
7FF
3BB
B0E
800
B7F
D86
434
523
149
9EC
9E8
9C5
436
578
384
DA8
A35
800
C92
6EB
5F5
F69
AE9
800
A6F
143
7FF
495
F04
800
875
C38
446
7FF
5C8
CB1
800
BAC
143
7FF
751
105
A11
A12
F16
7FF
7FF
42D
C52
932
8B2
3DD
7FF
5F7
0BA
ADF
800
D1B
68D
7FF
3D7
078
800
91F
179
4F8
7B4
2CA
A65
851
AF1
1B8
7FF
53F
F55
8C6
800
E78
7A0
7FF
4F8
C1C
920
952
316
7FF
7E3
3D3
D50
9ED
B7A
099
7FF
612
DE4
9E2
A67
2CE
7FF
7F9
3D6
87E
8D1
ED5
3BA
7FF
5AB
FB4
875
8DE
0A5
7A6
6E2
0C7
EB5
89C
EDE
214
713
588
EA7
800
800
D82
60B
729
583
AFD
9D0
A45
545
7E2
7FF
F28
800
8AB
F9F
3FA
7FF
442
BF0
8B7
913
14A
52D
470
2E9
A4A
8F9
C3B
447
607
22B
149
A8E
95C
05B
60D
765
405
938
A33
DA8
246
7FF
6DB
EDE
804
865
115
68D
7FF
0B4
B16
800
ACE
3E0
625
7FF
ED7
800
800
EE4
490
56D
1BE
CB6
800
CB3
25D
7FF
4C5
249
B50
8A3
C3D
575
6E3
2D3
CE5
800
8F3
E80
598
78B
30E
B29
800
BCE
67D
569
41F
BF3
800
D23
D4F
7FF
7FF
21B
BA7
955
9B4
25F
749
3E7
E4C
8F3
962
E81
595
624
2E2
A5F
800
B53
0D1
77A
45C
2A4
800
800
D56
587
7FF
3EC
CD5
95C
878
08F
7FF
4D6
12C
86C
800
EA4
49E
732
1FB
E9D
800
93F
16D
7FF
723
22B
9AB
AAB
9F4
400
53B
4D3
DEA
865
800
055
7FF
7FF
1A4
ADC
868
AB4
1E4
74C
736
CA2
82E
A3A
FAC
69A
7FF
4F2
B07
898
B5D
014
563
4E8
FA2
B80
896
CBE
4BA
5EE
2A9
EC2
B18
9B9
0DB
7FF
79A
391
BAD
9C6
B33
6E9
794
214
D2B
800
8C7
E70
6A6
539
1F9
B56
A49
CBB
116
4F4
4F4
0F9
C00
8EF
EAC
5F5
4C6
244
DE5
800
A6C
12C
7F1
606
E00
800
800
1DE
37D
7FF
4AC
BA4
800
CCB
1A6
7FF
395
02B
800
8FF
E3B
7A3
7BF
409
D93
834
803
1FB
506
773
253
93B
851
A5E
3EC
7FF
7FF
EEC
9FC
8A8
F14
6C4
6C1
3B5
96F
800
B09
001
7FF
623
32A
800
800
E33
5D7
71F
2DA
9FC
800
ACF
476
4FD
704
F06
A38
818
B96
1A3
778
447
EE3
907
980
10D
79A
5B3
C6A
9DA
800
ED2
5EE
7FF
372
E9A
A41
800
F8D
6BB
7FB
4AA
97B
800
BF8
26F
7FF
697
0AF
810
AE5
EB0
7FF
7FF
21A
A71
82B
BDE
57C
5D5
7D9
061
800
986
DDD
3F3
7FA
0D2
BA4
AA1
A4B
1CC
7AE
7FF
08A
8F4
9F0
C24
353
7FF
3D0
C10
945
9B9
093
7BE
706
FD6
853
800
CE6
4CA
786
670
B28
BB0
84A
066
7FF
5D8
5B4
D09
AF2
C10
479
6B6
540
E3E
CB6
ACD
13E
6FE
7FF
DC0
A36
82B
8AF
FF1
7FF
6EA
131
800
800
D2B
09B
7FF
2B1
C75
800
B96
25A
584
7DD
08E
9E9
800
B1C
5A0
7FF
41E
D4E
A66
800
040
7FF
580
27D
BFC
800
CC0
25B
7A2
54E
E6B
800
A4E
EAC
6DA
6E1
316
985
800
DE8
471
683
254
D7A
800
800
EA3
7FF
7FF
3D1
A21
800
A49
364
67F
34E
D6D
800
A4A
ABD
5FC
7FF
2B8
A4E
800
CB0
33B
7FF
439
006
94A
A92
E58
748
7FF
2BB
BE3
966
BF0
5CD
7FF
7AD
FEA
800
800
D8B
5A0
619
514
E3A
800
9E8
F0B
7FF
7FF
0CD
A44
800
D01
226
7FF
5BA
C42
800
812
171
578
47D
088
AB7
800
BA3
31A
7FF
558
F92
B79
800
DE0
6E9
7FF
209
C7E
800
C85
367
7FF
4FE
F20
89E
924
DA1
354
7FF
589
A41
9FC
B5D
1DD
7D0
758
484
B27
941
F68
67B
7FF
5AB
FE7
A19
B21
06A
6D9
620
191
86F
C73
B2F
27B
7FF
4A1
F70
9BB
B3B
18B
7FF
468
2CB
8F6
880
AFF
662
4EC
524
FD5
8A2
800
EB0
7FF
496
3B8
C9F
800
DA0
03B
6C2
7FF
096
9C0
922
EFC
37A
7FF
4F8
CCA
800
C45
F8C
7ED
7E2
E24
9C2
800
D98
65A
73D
1D5
E9B
9AC
B0E
032
577
647
14C
90D
9CA
D5B
414
7D1
666
C47
87D
93F
007
240
716
324
C24
A8F
9F7
689
7FF
517
CE4
800
B4A
F17
6A0
6AF
285
CB0
90B
C62
564
7FF
7FF
E12
AC6
800
11F
466
7FF
264
A14
800
E05
12C
7FF
612
D9B
925
9CC
E75
667
7FF
5FA
DEA
93F
D00
02D
7FF
641
0FE
886
822
D8E
660
7FF
28C
936
83B
92C
184
611
56C
151
857
800
04F
362
7FF
582
C9D
800
800
2A9
7FF
7FF
074
C36
9E2
EE5
553
76F
518
021
818
B0A
0AD
7E7
65E
2C0
B2C
8BB
C9D
3C2
793
564
F45
8C4
93C
E4C
610
728
252
CA8
806
C16
2BD
7FF
69A
C27
800
96F
F2F
369
633
473
D4A
81A
800
08C
7FF
72D
252
828
A93
BB9
58E
625
184
AFE
84F
9C4
167
7F9
6C5
FCA
C5A
800
C97
63F
7FF
478
E87
9FD
E56
FBC
7FF
664
1AD
987
800
D09
38A
5D9
5E6
BCC
91B
800
E15
765
7FF
52F
CCF
816
E98
536
586
61F
F1B
942
800
06C
7E6
67D
0BF
B90
800
D05
4A4
7FF
7D6
01E
800
9B5
17E
1D1
7FF
575
BE6
98B
C76
E99
754
7B5
15B
800
800
F39
365
7FF
461
A66
800
87B
E74
7FF
5C5
16D
B9A
800
B71
454
6E3
6B8
E22
A34
92B
015
799
6F2
294
EAB
A58
BDC
699
656
4B5
E7F
8FC
8E0
FFE
568
7FF
ED6
9F2
800
9FA
615
7FF
7FF
DE4
800
9F2
F4E
66C
48B
369
9BE
800
BB2
31B
7FF
5C6
E90
B8F
800
D5B
77A
7DC
5AA
C27
A48
86F
FD9
7FF
6C3
FA3
800
844
C37
6BB
49E
4A3
C46
8FE
B3A
11F
6FD
7FF
E57
939
800
E12
374
7FF
36C
F8A
8D7
B7D
F9E
782
5BC
F3F
BC3
949
FA3
356
67D
45A
BF1
8D4
B4E
F29
640
5BC
3F8
B3D
800
DDE
5A9
6C6
672
E65
800
872
027
302
7FF
20A
B6C
AE9
BDC
231
787
6C1
F3D
8BD
9EE
E8E
506
7FF
152
FB8
8B3
B79
FC9
5D1
69F
246
800
83B
C24
4C5
76A
431
DFE
8ED
B37
13B
742
4EF
026
AEE
95E
DD1
6C3
7FF
1A8
ECA
A1D
800
1B1
510
78D
112
B3B
800
CE6
519
7FF
3EC
F6A
800
A20
3FD
60D
6BA
191
99A
800
EF9
542
3C0
5CC
DAB
91A
800
FEE
5EF
524
15C
D5E
800
C1C
383
7FF
53C
C4F
986
9E6
048
55C
7FF
370
C16
967
C2B
066
7FF
7FF
FA0
A14
800
DD5
5D8
688
2D9
C14
BBF
D41
1F3
7FF
79D
FA2
A44
800
FE2
4EF
7FF
782
D72
800
AEF
607
6A9
4E0
E33
94C
800
D61
46D
779
568
01E
800
894
428
7FF
55D
F82
800
800
AF7
674
7FF
136
C52
800
9E8
EC0
747
5CD
EDD
823
800
ADC
384
7FF
6C3
DAA
894
821
059
52A
7FF
026
AB2
851
D2B
35C
7FF
5B0
1C2
960
964
F01
7FF
7FF
29F
E27
9B3
919
34E
736
6C5
358
85F
800
1D5
474
7B4
431
9A6
A34
C55
307
7F6
49A
CCC
AB5
800
FEC
765
6CB
3E6
DB0
877
951
22E
450
5DD
0DB
800
828
CE0
6EF
5E1
397
C18
826
A36
3BC
7FF
3E4
1B8
830
A68
057
7FF
79D
22C
CB7
8E1
800
1CF
5B0
696
228
D74
800
B86
540
4E7
458
C85
BB1
AD3
143
493
7FF
F9B
8FE
966
D2C
34E
7FF
424
E3C
884
9AB
18D
7FF
5CB
FAA
A3F
9C5
C9E
451
7FF
7B5
08C
8A7
914
0E0
6F0
426
4BE
BC0
B13
BA3
248
5EB
7FF
F17
800
800
02D
4DE
7FF
0D3
97E
C58
800
2F6
7FF
70C
D18
CD8
800
109
426
7FF
FE6
A89
ABA
B72
185
434
7FF
F16
BD0
8A3
D6E
6E9
7FF
2DC
8A1
800
995
2DD
7FF
7FF
18A
B5C
875
CA7
2CD
7FF
4E6
C45
86D
B8F
FF2
4ED
7FF
482
AB9
800
E5B
52A
782
7C0
F6E
827
AFC
F3C
609
7E0
262
A72
95D
B43
7FC
7FF
5A1
FC1
800
800
FF8
656
7FF
0A1
A60
86C
B63
657
7FF
7FF
0D5
98C
A4E
058
691
76E
024
9FF
81B
E12
290
60F
604
E4F
8C1
B3D
21E
527
640
435
DDE
832
CF0
265
65E
6F9
E62
A7B
800
EAF
389
7FF
1FE
A63
B36
AE4
3ED
6E2
4DF
D90
C17
800
D4E
31F
7FF
056
B2E
802
A16
213
7FF
59A
E51
AC3
BD2
E18
576
7FF
320
D88
965
C19
427
7FF
7FF
EF4
833
800
F3E
53E
734
2C4
D8B
800
B61
17D
5F2
6D2
178
9B3
800
D99
432
5FB
6E8
0E5
800
C8E
EA0
6C5
539
2D9
956
800
BF2
0F9
623
434
F7B
88C
AB6
E05
722
7C4
064
B50
800
BA8
283
7FF
49B
FE2
8A7
999
19A
3A6
60B
149
97B
9C7
EBA
19E
76F
5A5
CF2
C01
800
C7E
411
7FF
2DF
DB6
800
D3A
33B
7FF
20F
D71
8B5
8DB
DBE
344
7FF
1D7
C58
800
857
26C
617
3BF
17D
842
B96
CAB
403
763
0F5
8D6
800
C9C
2D2
7FF
475
DBB
800
9E7
E8C
51D
67F
553
DB8
859
A7A
F28
7FF
7B3
EC0
B1C
800
F04
592
7FF
439
BA9
948
A2D
3DF
7FF
7D3
0C5
8EA
800
D68
5EF
7FF
355
A6D
800
8E0
569
4F9
437
C4B
C05
800
CBB
417
7FF
5C3
DB3
85D
C21
259
6D5
7FF
F60
C43
800
F8E
546
712
58D
E4F
800
AE6
FE5
7F0
48A
0F8
800
936
B3E
1C1
780
46E
F52
860
846
054
7FF
7FF
ED0
A86
8D8
A86
3B4
665
5B9
007
A8B
90E
071
62A
7AD
262
D0F
800
CA4
42B
7FA
46F
CC6
8C3
86B
F59
7C1
6D7
317
ACF
800
C39
34A
740
649
FFA
8BA
C30
E6B
162
7FF
533
AAA
800
BF2
F3B
7FF
6B6
EF0
907
851
C5B
6AF
640
410
CA3
800
DD7
185
628
541
ED7
944
99D
DA5
724
7FF
29E
DAB
800
A85
275
7A2
610
19A
A05
800
089
7FF
7FF
1AF
94B
800
DD5
EA2
7FF
447
234
CB5
C07
ED6
384
7FF
566
A7F
8E6
C2B
3FD
496
7FF
1EC
A62
8E2
A6A
5F9
787
5B9
D58
800
A6E
EB4
7FF
7B9
0EA
BD5
B07
E10
2C1
7F3
31E
D2E
8ED
C47
F2A
7FF
638
1F7
9CA
800
EA0
5BF
6DB
14B
FF5
8A3
9DF
F24
5FC
7FF
06F
C0F
B01
B04
0C8
7FF
7BE
E0E
817
98B
0B8
7CE
69B
278
AC1
800
C88
5F3
766
463
C85
854
800
EBC
5E1
4A6
1EF
81C
800
D61
3A1
7FF
4C8
CE0
800
8B1
EAB
7FF
7FF
0E5
97F
800
CCB
2CA
7FF
505
F1F
800
88F
07E
7FF
716
231
CE6
8A4
BEA
040
693
7D7
E92
BAE
9BF
1DE
7FF
66F
336
D78
800
F0B
10D
6FB
5CC
046
800
840
EAA
6F1
6C9
546
A85
8B2
A4C
015
7FF
52B
CD6
81E
800
EC2
468
7FF
1BA
A8B
800
C1B
1B7
7A1
65F
E56
9D5
8D0
081
654
597
522
A44
800
C7B
EF1
7FF
7B8
17F
98C
A9B
F56
7FF
7FF
450
AD7
800
C07
25E
7F3
7FF
0FD
AEE
CDB
E11
527
569
6BF
E9E
856
98B
1EE
78A
4A5
FAF
800
8E8
F98
4FA
7FF
222
C54
87D
A43
F97
7B5
759
525
ACC
800
F6B
561
7FF
35A
CC0
BC1
800
117
512
75C
446
B17
B8C
E19
2C3
791
664
D7E
B3D
99C
08A
7FF
6BC
0DE
8E0
800
E37
302
78F
6B7
E20
891
BA1
F76
7CE
7FF
055
8F3
800
CB9
57B
7FF
342
F0B
8B4
A32
2D5
636
58C
0F6
A5F
A82
CBD
3F0
710
36E
104
9CB
96C
EA2
6A0
7FF
195
90A
800
D03
382
682
17D
E49
BD8
800
0F0
7FF
759
0B6
A81
800
C01
399
783
1BE
CD4
A57
800
059
798
64D
1F3
E1D
9B8
C6D
498
7FF
4EC
C81
824
8B9
D48
568
7FF
2AF
A95
800
CDD
650
681
457
F81
800
A9F
2E6
35E
5A8
211
800
800
BE9
45C
7FF
5FB
03B
800
950
0B4
75C
5F4
0E1
95A
BCB
C4B
3F5
7FF
6A1
C84
A0E
A85
F6E
77B
7FF
4E1
CB9
AC4
C69
55D
4D3
75E
E68
920
9B2
176
5DD
7FF
1CF
8BD
8D9
99F
2F4
7FF
62A
E33
821
8A9
241
7FF
372
361
B15
800
B5B
2BB
7FF
71B
0FE
96E
A2B
DD5
70E
7FF
412
DFF
800
BE5
017
756
4BD
C63
9EE
92B
D35
6E4
7FF
26E
BA0
844
C96
15F
64D
280
F3B
A43
800
A68
140
7FF
48C
B0E
8A0
A42
355
792
608
0F9
AA4
C07
F3E
77E
7FF
613
D2B
A61
A3F
22F
71C
6F5
385
800
B93
BFB
46C
695
329
CC3
800
D4A
28E
71E
59E
0E4
870
943
F42
2D7
6C8
69C
B8D
800
B74
3E3
7FF
723
0F9
AF6
8E1
C78
339
7FF
61D
F93
945
9AB
419
7A5
3A9
21C
C14
800
D21
67A
7FF
3AB
DB4
800
D21
3AE
721
429
01B
800
800
D52
590
781
679
17D
906
9EA
130
4B3
7FF
197
800
800
21A
549
7FF
0BB
D6C
86F
A50
25C
588
7FF
0BC
A0B
87E
F06
2FF
7FF
7C2
C6A
9A7
982
0A1
7FF
6D4
F56
812
801
CD0
6A1
7FF
3C0
046
800
909
3AE
7FF
7BD
0AE
878
988
BB0
604
7FF
159
A3C
800
985
243
4F6
7FF
223
A41
A02
D1D
6F8
7D2
41F
C4E
8EE
C1D
1D3
5B5
5BC
F76
8AE
800
CCF
61C
72E
230
FD3
87C
8AD
0E5
7FF
7FF
402
93A
860
D2C
77A
796
76D
BCF
8C6
A09
E77
4D2
4EB
F5D
A76
85E
D6C
2DA
7FF
361
CBF
800
ACF
F1E
4F2
7D9
1E3
B55
800
DA0
430
7FF
7FF
CDD
9C2
B35
063
75C
7FF
123
818
800
AE4
4DE
7FF
720
D57
AAE
83B
CA6
549
67A
E36
9CF
93C
C38
460
7FF
5AE
EBB
800
800
ED4
6F1
7FF
3EC
853
841
E58
1C1
7FF
484
CD1
800
876
FB8
45C
7E2
EFD
800
81E
9BF
432
7FF
3E1
A74
978
A78
04E
698
6A1
0F2
B92
953
F42
3C4
7FF
53A
EAF
901
8AE
09B
4BF
7D7
218
A9E
A9C
BD2
225
7FF
6A6
C6E
A04
9B2
C77
7DA
7FF
1A9
D03
800
B5B
265
7FF
7FF
BDE
964
800
09C
5C0
7FF
13E
C36
B44
C33
31D
7FF
1FE
D12
8FE
816
EFF
7FF
69C
237
8E4
90E
C8F
46D
7FF
452
D12
807
9BC
F4B
6FA
7FF
E74
A59
8F7
DA0
544
7FF
5F3
EE5
900
986
FA0
71E
7FF
026
C49
800
A37
120
692
343
DC9
800
ACB
FFE
4B3
7FF
E2C
A81
800
F0B
2B5
7FF
6B3
D07
A1F
A86
161
65F
6DF
36A
9DA
928
999
56D
7FF
79A
F61
800
800
F03
59B
489
2A6
C8C
800
D13
574
550
7FF
E2F
8E7
800
1D0
747
5AE
FCD
B66
800
A60
49E
7FF
4ED
BD7
85D
906
ED0
78D
61E
5BB
AD2
AE4
B9D
2F8
7FF
717
D5C
A2B
800
05C
7E2
756
124
800
800
EE9
458
7D2
3CF
EB5
B10
9CA
2C1
467
58F
371
AD3
800
C46
293
622
5AE
101
8A9
F2C
06E
3E1
639
2CE
AA2
81F
C39
4C3
7FF
2DF
FD2
800
82C
0A8
589
435
EE1
D76
800
DB5
F55
7FF
371
A3A
800
BAD
210
3F4
428
081
800
800
A91
57D
7FF
46E
FE8
800
A6B
FFA
7FF
7FF
4A4
921
819
AC2
1B8
7FF
104
B73
890
91A
514
7A9
74D
128
9FE
8BE
AEE
3BB
707
338
BC5
828
A96
2CA
5A8
7A1
220
DC2
83A
C13
228
7FF
4A5
AA2
A71
855
147
65D
742
FD2
850
800
A80
6F1
73F
2F3
007
800
CEA
0F2
37B
565
ECE
A9C
89D
ACD
23E
7F2
7FF
A59
800
918
0A2
720
5C9
E49
8FE
800
B72
211
7FF
34A
CFC
800
A70
1C0
60C
5D6
EFD
CA0
800
F4A
42C
6EE
248
C33
892
DF3
4AD
7BB
614
0EF
B9D
800
E93
45B
7E4
7AF
D6D
A57
A31
269
63F
682
DB2
AA7
98C
E58
628
7FF
390
D7A
98D
A68
07B
6FB
7FF
0D1
9A8
800
BA3
4A4
5F9
19D
A45
800
BF4
15F
7FF
7FF
E79
A21
82F
F45
495
617
589
9B4
97F
8E3
298
7FF
5D6
0ED
9FD
922
F76
48D
7FF
5CF
CA4
800
BDD
29D
4FB
73A
1B5
800
800
DEF
411
668
168
D0D
922
959
109
7FF
7FF
22E
925
8D4
D92
487
7FF
51F
A4A
800
8E6
204
7FF
4B8
10C
800
8DF
AD5
578
70B
2B7
BE9
800
865
1CE
7D9
4CB
D99
800
800
ED3
571
7FF
43A
AC2
90C
949
5C1
548
726
DF1
800
912
B75
556
7FF
2EF
9F2
800
ADC
42A
60E
68B
EC3
B8B
800
F44
247
7FE
601
C0D
9C4
9DC
46E
7FF
67C
F05
B97
920
E94
5C3
7DA
199
B4E
800
C63
14C
661
442
EB5
93A
800
F68
6B5
7FF
45B
DDF
800
AAD
1D2
7FF
6ED
F37
A49
800
119
640
70A
189
0E3
883
9EF
41E
613
738
F99
800
800
038
46F
7FF
538
D71
840
8D8
44F
7FF
4C2
06D
8B1
800
BD8
6C6
7FF
FB8
961
960
A99
248
7F2
5F8
007
A2D
800
04B
782
7FF
320
9D1
800
B76
3BE
7FF
246
D68
800
887
FEC
651
7FF
36D
972
921
925
5B3
671
554
D9A
800
B7E
0CC
5DC
7AF
4AE
B73
A3F
C7E
296
5FD
3FA
EF7
907
BC8
E91
5D1
6B6
218
BE1
9D7
CD1
3E6
7FF
4CF
CEB
919
AF2
F4E
5AF
756
01D
A6A
A11
DB9
23C
750
489
D45
996
901
140
665
68F
534
940
8F0
D9D
535
7FF
658
DAF
914
843
21E
717
57E
228
8B0
A07
EE7
3AF
6CB
554
DDC
800
C12
DBD
7AE
6D2
277
B72
B3A
F69
35A
745
5D4
C11
85A
800
230
7FF
4D4
1C1
99D
800
DCC
573
7FF
546
CC7
8DC
96D
0E9
647
7AA
15D
B05
A48
EF8
7FF
7FF
318
B40
800
864
076
64E
7FF
F4D
A2E
9C3
C87
563
72E
135
EF7
800
800
02B
67D
7FF
EA2
AC9
818
C7B
75C
73F
1C8
C43
800
C12
042
777
4A2
2AF
AE5
BE8
FFA
499
7FF
3F4
D9E
829
DC9
360
7FF
752
152
8A4
8B0
C17
498
7FF
452
E3B
841
B12
235
6AD
41E
F02
C18
800
F18
6AB
4B2
2BE
A7C
90B
B1E
336
6AD
728
DCA
800
9B1
03A
40D
7FF
076
B10
930
CB1
212
4F4
7FF
D83
800
846
C58
449
6CC
313
D2B
800
B64
0BC
7FF
61B
267
A97
C38
148
2F3
746
1F7
D47
93C
C1E
478
5AA
433
EFD
873
A2C
202
621
7FF
17E
C6F
800
AE3
2BF
46A
473
D88
800
9AB
FC2
399
768
FA5
B90
988
B94
546
7FF
355
F48
8BF
AA4
0E3
7FF
4FE
3CF
BB8
9C4
AF9
378
7FF
216
E60
8C5
91F
E99
3D1
556
082
B24
800
9E2
55A
444
578
CCA
9C5
DEC
14B
5E5
7FF
023
D32
A27
C22
2A4
75A
5FD
A21
857
800
146
5AC
4AF
030
CC6
B4B
C9B
576
61F
73A
B0C
BCF
A24
486
4A1
59B
028
C5D
893
EA3
649
7FC
1D0
B6C
97D
B27
27A
7FF
65A
F1A
800
A5A
ECA
4D2
7FF
3F5
EA4
8EC
AC4
121
7C1
60D
0DE
800
AF9
C8E
7D2
7B6
443
A74
8BA
B3F
325
7FF
7FF
F53
800
853
D27
7FE
7FF
383
B2B
95D
B92
3CA
53E
52F
EEE
811
87A
F40
3A4
7FF
3A5
800
829
D1A
2D1
4FE
779
EDA
B09
A78
141
49C
7FF
247
B54
800
BB7
FEB
7FF
22A
C92
800
96B
EDC
7A6
603
FE6
A2F
800
BA8
456
7FF
75C
E7A
AAF
817
0C9
543
7AC
2D5
B49
800
A3D
467
7FF
4F6
E24
800
A0B
1BA
61F
743
F78
DCA
800
B66
5C1
4F3
6BC
FD3
8DE
A39
020
6D0
6DF
FBD
959
800
D82
3F5
730
423
D06
84F
99E
057
75E
7FF
0AA
AC2
800
DD5
510
7FF
4EC
D67
895
A5D
19D
73F
7B3
EA8
AA6
A5B
E6B
53B
6E6
5A3
D48
800
AB7
3CB
7FF
66E
FCE
88B
800
083
52F
7FF
28F
CD0
800
B0A
FF5
7FF
695
0DC
A27
800
FBB
65C
4D8
3AC
B5A
800
B1D
0BE
555
5DC
115
800
993
C27
65D
7FF
212
9EB
B03
B9B
0FF
7FF
5BE
D2C
95C
90D
FF9
6BC
763
275
844
800
B52
2DA
7AE
45F
E96
800
9B6
E34
3DA
7AF
2E9
8B3
9A5
DE5
3F4
7FF
561
EA4
86E
BB6
F61
7FF
73D
F9F
95D
A66
E6D
4F9
7B3
263
F14
800
800
246
674
7FF
263
A82
A5B
F0C
4CF
7FF
4B3
BDD
97A
B53
03F
739
7FF
0B7
9C3
800
C9E
2C5
612
4E4
CA7
800
A21
228
63F
36A
29B
978
95E
B80
59F
7FF
40D
DB4
800
CA2
6F3
54B
634
EE6
C1E
800
D31
486
7FF
205
800
800
800
437
7FF
566
191
975
9F9
EDC
681
71C
EF1
A83
92D
BC6
467
7FF
5FF
F56
800
BBF
1C8
7FF
4E9
331
8BA
800
B48
43B
7FF
5A4
C8B
A1B
997
055
637
61E
1CC
800
800
D0F
268
7FF
618
C07
A83
938
E27
7FF
7FF
2FA
C45
800
E75
3B5
3CA
3DF
D14
800
ADD
200
551
6D1
32A
9A2
800
EB5
6A5
7A2
3FE
E78
800
800
0DC
767
7FF
08F
C2A
A14
E3F
420
7B5
3C6
AF0
800
800
F95
715
7C7
C7D
9EB
800
D61
604
7FF
54A
E51
800
81F
1EF
605
7AE
ED9
800
950
F75
77C
589
D1D
C0B
800
B59
32C
7FF
59A
C63
800
C37
EF0
4FF
783
222
A33
800
BDB
470
7FF
4E5
FD3
800
800
C6A
5AD
745
09E
A9A
B44
F3C
575
7AB
74A
E0F
9FA
A60
2E5
78E
778
2C3
C4B
90F
BE3
6DB
603
3CE
D60
800
800
F96
47F
5AC
1A6
825
8AA
BB4
40E
7FF
0D0
B8A
800
9E4
2DB
6F7
777
EA2
800
A83
ED3
338
7FF
5CD
DC5
800
ACF
0E4
54A
55D
F68
8F1
A19
13B
559
7DC
376
D54
800
BD4
500
7FF
7FF
029
8E9
800
D4C
595
745
0F6
CEA
810
ACF
28F
7FF
700
F14
816
800
0FC
3DB
48D
4DC
B94
83E
BE0
4D0
7FF
75A
C36
9F9
9A0
C14
7A4
7EF
3C9
861
8A6
C13
183
7FF
3F4
CFC
990
800
210
7FF
757
3AA
C5C
AC2
ADC
185
7FF
6FD
E6E
800
B1E
E7D
77D
7FF
42C
9EE
A15
D79
5B8
730
525
F9F
906
903
0AC
7FF
724
057
BEC
971
A2C
3F0
7FF
453
AD6
A12
A85
251
7FF
65F
F65
A15
A0C
D3B
583
7FF
3CA
CD0
825
A84
014
69F
6E0
203
86B
800
F02
6A9
7AC
295
CB3
971
B0D
3CF
77F
6D2
F6E
A8D
C2C
12C
2A5
7FF
FC5
DAE
800
D5A
2B3
711
5AB
FE6
800
BAD
E14
6AB
7FF
1BB
D25
800
B3A
660
7FF
60C
A1B
800
AB6
F45
474
5F4
3A8
C99
800
E1A
38B
668
4B1
C89
800
A2E
EF2
7FF
783
004
8F2
8BB
E4E
5B3
7E2
55E
BDF
800
E3C
3D5
7FF
6C5
10C
903
983
EAA
77D
7FF
3C8
AB9
838
9DF
407
677
57A
00A
91F
800
0D7
619
7FF
3DB
E3F
800
DB6
3AE
7FF
7FF
0D7
849
B1B
D47
514
7D9
06A
8F3
800
E72
60A
636
556
C41
8AB
937
F4D
69C
7FF
FB3
9B7
AA1
03F
403
7FF
673
E93
884
976
184
7FF
7FF
206
830
800
B95
499
698
477
BCC
800
A28
06C
6EB
5C8
FB3
A07
871
BDD
6E5
749
21E
A2E
917
B2D
067
7FF
631
302
A9F
92C
F17
5FD
7C1
4F7
D40
8B5
AA6
1A6
733
76C
017
8AB
800
C6D
6BC
7FF
3FB
BFB
92C
BD7
135
7FF
7FF
BFB
800
BCD
2AC
686
663
2F4
A01
800
C06
59B
7FF
59D
C8D
8FA
817
2CC
725
761
221
D71
800
F13
29A
7FF
60B
B68
800
A72
0FA
7FF
76E
19B
9E0
800
DAE
69E
7FF
229
8D9
800
B63
2C7
4F1
774
EF4
9A1
82E
E86
4C7
7FF
431
B02
974
AA8
1F1
7FF
62C
29C
800
89D
F73
6D7
7FF
4C3
C37
800
BC7
622
7F7
1D4
C40
91E
9B5
F97
59D
7FF
FC6
AF7
800
9C5
413
7FF
440
E37
B96
800
3ED
731
7FF
1BF
A5D
800
CB5
326
7F3
639
A21
800
AE5
137
751
7FF
288
AE3
800
B08
568
528
32F
E7A
800
83E
1AD
76F
7E5
FC2
800
A70
A35
61A
7FB
178
CCC
85F
A49
259
6C3
7FF
DFC
800
9D4
D63
33F
748
3A1
C2A
800
AD5
43E
7D5
52C
EF5
800
9D2
C1F
566
7FF
2B4
A64
800
C70
2FB
71D
35D
D81
ADD
A7C
003
3F6
7FF
326
931
8D1
BFA
44A
650
67A
E83
911
8B3
F21
5AF
7FF
29C
B6F
800
14C
574
7D5
665
B66
800
B6B
46B
765
3C2
D2E
800
9A5
EA8
530
7FF
3ED
A96
849
E19
E74
79A
5AD
0A2
C0B
800
DC9
764
7FF
227
BE3
800
CE5
0BE
6F8
49E
D36
800
8DD
FF2
7F2
6DF
1BD
B8F
800
B20
3E3
608
7FF
D61
93D
800
242
50D
7CB
1C0
C80
800
D2E
343
707
3E5
DBE
800
939
E64
658
7FF
36D
999
800
E0B
57A
723
283
C01
800
B2C
07E
7F8
633
048
92A
94D
E39
7FF
597
4A4
9F5
800
BDB
46C
7FF
7FF
ED4
800
A0B
0AA
7FF
7FF
265
D17
800
8A4
25B
622
556
D4D
9DD
97F
F5A
7FF
4DA
27E
97A
800
BC1
485
7EB
285
E70
800
B2E
135
5ED
7ED
223
850
800
C58
3BB
7A0
29A
9AE
800
896
4D4
4FF
5EA
005
9DC
827
CD4
665
610
397
DF1
8EE
9CC
3AA
380
62B
F00
8CD
800
151
4AB
7FF
467
A12
90F
ADB
007
621
574
F7F
897
943
F38
568
5BD
289
C96
833
A5D
662
65E
6DB
B14
8E2
977
EDD
676
7FF
0E1
A17
992
BAA
3CB
7FF
323
EA4
8E4
CC4
E26
7CA
60E
0C7
B4E
89F
D97
4D5
7FF
7E7
C27
B89
966
4CC
586
7C9
1EC
800
800
DE9
640
696
4A7
B50
800
C63
2AB
7FF
7FF
F19
8D0
800
2DD
5DB
67D
309
F68
800
DCB
447
676
7FF
F06
9CC
981
F60
43C
76D
0FF
875
B30
EC3
34B
7FF
7F5
F28
800
8A9
FD3
7E0
71F
413
9A7
9FA
DD0
5E5
76B
5E9
C09
A22
ABA
0D9
7B2
7FF
FC2
86A
932
C05
4E8
7FF
266
C01
969
CD5
124
7FF
7FF
02F
952
9BF
EFD
5CB
74F
0A0
800
800
D3E
33F
69D
3E9
EAD
9E1
93D
0C1
6D0
7FF
F7A
C1B
800
E33
40D
716
5E1
EEA
800
95F
0F5
508
36A
189
CF1
845
97B
60A
7FF
4CF
C58
800
A9D
4C8
40D
46B
2C3
B2D
800
C7A
551
773
1F9
92A
800
AC6
3A2
74E
3C6
0CF
9B1
800
E71
5B8
7FF
22A
86A
8C7
A34
1F3
778
401
FF6
A8C
94F
EE6
5B7
59E
600
AEF
9C5
F95
3EF
5C7
44E
BAB
9EE
ADA
05F
72B
79D
146
DD1
A91
97A
57B
7FF
2E4
E5C
800
D92
2E1
7FF
519
D83
800
800
EAC
662
5BD
165
B36
800
B86
F95
7FF
69D
E8B
8D3
800
FC4
7FF
7A9
0D6
8E3
A40
E01
1D7
78F
504
D24
B4F
800
FFF
720
687
377
AD4
8C5
BCC
460
6D3
647
AE0
800
B34
F29
7FF
7FF
59B
88A
8C6
F91
2A5
68E
69F
E1E
800
934
105
524
5BD
08B
8D5
97B
E9D
7E3
7FF
32C
A26
800
E4E
2B5
7FF
643
1D9
95C
A49
EDB
7D3
59E
119
C13
800
A91
4CF
7FF
467
001
95E
9EC
14A
7FF
7FF
28A
8DB
A4C
AE9
627
709
3BB
D62
8F3
A04
0AD
527
772
13F
B03
8B8
DAD
4FD
7FF
4A9
B21
A88
AE2
1BB
76C
726
FC2
800
93C
B39
5F3
7FF
322
AFB
800
BF6
378
75C
37C
E52
800
B42
F1E
557
7FF
73D
962
800
9DC
766
607
58A
B68
8F6
8A1
1C4
6F0
68B
1B7
AEB
877
D4C
4FA
7FF
388
CC7
800
A03
E21
6ED
7FF
06C
BDE
98E
C8C
582
7FF
463
B94
800
9D5
3CC
7FF
7FF
F10
98A
800
20F
6D2
7FF
3B8
C10
800
895
3E5
7FF
6CD
AFB
800
BC2
1B3
30C
7FF
28B
BCA
800
D19
06B
7FF
4B8
969
867
800
290
7B1
7FF
31C
800
800
A10
4FE
7FF
377
A6B
800
B52
14A
6B2
5C9
DA7
91E
800
CD2
365
7FF
E2E
C56
A32
A5A
363
5A1
675
2DF
8E5
849
1E7
50E
753
47C
BB2
800
874
224
7FF
5D0
DE0
800
800
0FB
4E8
798
1D1
AE8
C2E
C0D
52F
7FF
636
C9C
800
AA8
0E8
724
6A7
FC7
AE5
82D
DB6
59E
7FF
11D
B47
8BB
C89
2EE
756
6F2
0BA
9EB
986
01F
4A6
3CD
487
B12
848
A90
2C3
77D
61F
E62
A14
800
EC5
59C
7FF
279
AB3
871
950
565
739
3D8
0D2
800
A80
208
4A6
584
16B
D47
A37
CF2
3FD
7FF
4DF
BEF
800
CEF
2F0
7FF
596
F7B
800
AD7
C9B
52F
7FF
028
B6B
800
D6C
3C3
7FF
4E4
F74
800
96C
239
7FF
7FF
2DE
B97
8E9
AD8
F82
7FF
309
D96
800
C67
138
79E
7FF
321
800
800
00D
5FB
778
3C1
CE2
849
AB3
448
4D6
727
1CE
980
908
E9F
530
6E4
462
D81
8A8
8AC
459
7FF
7FF
F22
800
800
06B
7FF
671
1E6
B1D
800
B46
1B2
32B
6F2
02D
898
956
C3A
7FF
6D9
F05
842
800
AA3
766
7FF
57A
C73
86F
A04
199
33A
638
4AD
9C8
9EF
CB0
51D
7D8
31A
C63
800
983
246
71A
666
FD1
B71
89C
F4B
28D
74E
4FD
D1F
800
C68
677
7FF
387
0DE
9E8
800
E44
51F
6F9
22F
B42
800
B34
050
69E
393
DD8
800
884
33E
7FF
71F
EF7
A4F
B78
F41
3CA
7FF
4FE
B79
993
C31
0AE
582
161
029
BEC
A4D
127
6E1
7FF
2B7
849
800
A45
111
5D2
7FF
F45
87A
827
D76
7FF
7FF
E98
800
88E
993
36A
7FF
670
B08
800
A47
02B
65E
694
04B
8B8
800
E5A
38B
7FF
1A7
D8B
800
C9A
2BC
71E
6E2
F61
99F
8A7
D70
6EF
7FF
4C1
D4E
8F5
C69
314
7FF
36E
EA6
800
85E
11B
7FF
7FF
1A2
A5F
8CF
E3A
621
7FF
7E0
D95
8E9
A27
1C9
7FF
7FF
2C8
8BC
800
CDF
5B7
7FF
504
CDD
800
B7B
0EE
5B6
3F4
EAC
8C2
800
137
7A0
398
40F
A76
8CE
B0A
393
705
415
DE2
9A5
BDC
005
504
735
215
ABC
ADA
AF4
559
7FF
334
FEB
800
B94
F6C
50D
798
FA1
997
87A
ECF
5B0
7FF
3FC
D3C
87A
A0D
3E7
1F9
5B2
E4B
9B3
800
FDF
458
7BD
064
A75
800
C9E
6C2
7FF
3BF
EFD
A06
848
21F
6B0
717
0DA
BAC
800
F31
3D0
785
47E
ABE
800
A6F
0E2
7FF
5B1
188
8B4
800
F4E
585
7FF
391
DAB
800
99C
2EA
777
4CE
EB1
800
A87
FCD
441
7FF
2CE
A03
800
9D5
407
7FF
4EC
CE2
800
A4E
132
59A
713
0E7
9FB
800
CEB
655
556
41E
DB1
800
800
31A
781
7E3
F5B
83C
800
E7A
61A
749
1B5
C61
814
A28
71E
7FF
799
D96
800
B07
F2C
4A6
7FF
417
C9B
800
AF5
572
7FF
580
DF3
800
800
0AB
4C8
529
F96
886
800
FCE
290
7FF
1F0
B71
917
A18
325
78E
56A
FD8
A15
A26
DD4
4A5
644
430
A17
83A
9FB
22C
3D4
49C
CA1
800
915
E9F
4FA
7AA
0B6
805
868
D3C
43E
7FF
38B
C14
9F1
814
162
1F2
5D7
FF9
A2A
9BE
DCE
6F9
637
496
CDF
A44
B5A
156
5E0
5EA
15D
800
9E3
293
7FF
7A1
632
C83
A4D
CD8
27E
7FF
5D8
D31
800
800
046
7FF
7FF
308
994
9A3
880
375
7FF
7FF
D9D
89D
9D9
018
7E6
7FF
09F
AD5
8C5
022
48A
7FF
3A8
D3F
803
B1A
32D
7F5
4DC
033
8BA
800
DC9
6F0
7C5
225
9DD
9D1
B6B
535
742
4C5
C72
800
800
271
6A5
7C7
026
A5B
8C4
B8B
734
6D8
55F
999
94A
89E
295
46C
620
0A6
A13
C08
CB2
666
7FF
247
A43
800
96F
67D
7FF
7FF
167
800
800
F46
565
7FF
1E6
C34
9B6
E15
286
4D5
688
D06
800
B15
F67
7FF
6FB
1D4
B1E
8C4
08E
3F2
7FF
FD1
B5C
800
B51
2AF
785
39B
E3C
AF5
800
D4C
3F2
5C8
1CC
A4A
800
C46
38A
7FF
1CC
FAE
800
8E8
009
7FF
799
2A7
B7C
840
F90
438
7FF
1AB
CE2
B7F
B0B
1E5
7FF
7DD
F9F
B1C
800
034
7D0
722
34F
FD6
9D3
A6E
555
6BB
2EC
F13
800
8C5
F7E
23D
707
1FF
E43
800
CE8
547
75E
460
D7D
A31
989
EC1
7FF
7FF
109
A79
800
C0F
644
75D
24A
CFD
800
DD0
12B
701
5AA
FCF
A8B
800
E78
783
6D1
438
88C
924
B8E
28F
7FF
579
CC8
804
800
F5E
67D
608
0C3
9C3
C25
DF8
3C0
7FF
29B
FDE
860
A34
371
686
634
078
CD6
940
D6E
4A2
7FF
5A4
871
8B1
BA7
264
534
7FF
F13
909
832
B80
47F
78A
43E
800
A86
FDA
64D
7FF
5E2
EDA
800
800
07F
53E
7FF
196
800
AC1
E57
475
7FF
468
EC9
969
B4D
428
69D
3EC
1EF
800
95E
E8D
51A
7FF
470
F1D
897
A46
209
7FF
7EA
EEE
800
C2D
E12
7DC
793
4F4
83A
937
B87
347
738
1CE
BD6
832
957
2C3
7FF
7FE
0F1
9E7
A47
DCA
33F
70A
333
800
800
BE6
54C
7FF
5CA
C35
91D
B35
E21
659
6CE
0C8
800
800
154
2DC
7D4
353
DBE
8F0
800
119
7FF
5E0
257
AC6
800
E3F
38A
5A5
457
E31
800
AAB
43F
7CA
6F5
D26
862
88E
01D
76E
7FF
16F
B69
800
A7F
508
4D0
4C5
FBD
A2B
A12
1AF
538
7FF
14E
9D2
800
D7F
5EF
6DE
39A
B8B
80E
CDB
125
7FF
512
F3E
800
86F
0CF
59B
7FF
2FF
C0A
D20
B68
18F
7FF
5F7
F66
B7A
8CF
126
7FF
7FF
09F
800
B03
EE1
2A8
7FF
451
E10
848
D0F
22B
7FF
5E0
052
85F
800
088
47E
7FF
37C
936
899
B18
3F4
587
3EF
F18
800
97A
D1E
5B5
7FF
116
B3D
972
DE5
4EA
691
4BC
CDD
81D
AAA
0C5
7DF
4FD
F88
800
A5D
C21
4A0
7B4
310
D83
800
942
01A
7A2
4D9
FE7
800
9F8
048
6DA
64B
3F6
CC7
8ED
CFC
710
7FF
63E
CEC
83A
914
09A
7B4
727
2F8
8A4
800
DBE
658
546
406
BDE
81A
A19
272
6F6
7FF
1B2
800
D81
F06
79C
5D9
01C
B6A
800
C98
0F1
7A6
6A7
D23
954
824
F43
7FF
7FF
316
800
99B
C6A
7FF
7FF
619
E53
800
A63
1E0
7C8
7FF
0BA
9CD
800
E6A
4E2
7FF
33D
ACA
800
D7A
28C
7FF
7FF
B87
800
835
FB6
7FF
7FF
231
862
800
D5C
25F
5DC
3D7
FA1
A35
DD3
300
7FF
654
F58
862
87F
F46
42E
66C
DFC
B7B
8F0
D01
EE5
7FF
6AA
B53
973
800
1BF
51D
6F4
0AB
A4B
AAF
D3B
432
7FF
265
D9F
800
A3D
277
7FF
7FF
276
A10
8BA
D9B
5DC
7FF
1E3
CC4
800
800
336
603
4A6
EEC
800
800
F6E
795
63B
1DB
B6A
847
B01
684
7FF
7FF
D54
B41
9F2
081
7FF
5FE
2E9
82B
800
E42
4AC
7FF
4FA
BCD
A6F
AA8
2B0
7FF
5A1
0D4
A3B
A41
D17
390
5D9
25C
A80
800
99C
581
5F5
6E2
DC0
800
ADC
1C7
6F4
7FF
0B2
908
800
ED9
5CB
7FF
616
BA1
800
947
285
5C8
577
FA0
91B
800
021
657
7FF
24A
D1B
993
E32
1E7
698
515
FC5
800
A20
FD5
678
7D7
01E
D44
800
DE4
5EB
7FF
3B7
BE0
9B9
802
2E1
4A4
7FF
112
89E
800
D20
43B
7FF
365
C3F
889
BF2
372
6DE
587
C76
800
99C
24A
6F5
5B4
0BA
896
9D8
E1F
202
687
6A6
ED7
96E
CE8
017
7FF
3F2
CCE
934
800
E25
50C
7FF
297
B50
ABF
800
2BB
7B0
25F
FA0
90C
D2B
072
7FF
7FF
3B9
A6E
800
C61
4BD
676
36B
DDF
800
86C
434
7FF
7FF
C33
CEA
912
EBC
635
7FF
39B
9A2
800
A3B
407
6BF
47D
E85
800
950
223
565
7FF
327
AAA
9B9
C49
302
7FF
392
F23
800
98D
319
5CC
77E
2A6
8F0
800
C54
308
7FF
4A5
E2A
884
C14
4A9
65D
301
DAA
8A8
8EA
07C
5BD
7E8
27B
C25
8E4
B90
5C0
7FF
499
F9B
800
8BB
2A4
798
683
F6A
8E5
800
E8B
582
678
300
A66
800
BD4
224
7FF
63C
DDA
9AF
800
ED0
674
7F3
EFF
B9E
934
D92
40B
7FF
2ED
F37
892
800
172
7FF
7FF
392
948
86F
D5D
3A4
7B5
3DA
A85
800
A37
2E3
698
53C
E71
AF8
800
10B
6A0
308
279
C8B
A1A
F20
14B
7FF
316
BA3
800
91A
274
7FF
7FF
E2C
ABD
964
AB1
704
5E0
3DF
C3E
800
A88
280
690
41D
E52
800
BC2
F9A
79F
73C
0BB
CBF
856
D69
5DE
7AC
597
D0B
800
8B7
F84
7FD
7FF
E17
95E
9C1
D16
5EC
7FF
2C3
B4C
8BE
BF1
465
7FF
396
F5B
832
8AC
F0E
7B9
654
0DB
BB1
87A
E79
756
7FF
3A8
D41
91A
800
024
7FF
7A9
F9D
B69
800
F44
6D6
7FF
56C
8C5
800
A91
423
7FF
57E
EC5
B0E
93D
07D
62E
6A7
191
993
800
CF7
79B
7F0
39C
A76
800
DEE
23E
7FF
6EE
170
800
800
E86
4FC
687
EB4
0FB
800
B3B
320
7FF
5E5
C30
800
A97
14B
583
453
0ED
B6E
84F
C1D
65A
74C
4C3
B80
8C3
B3D
2C0
79A
5B5
FC2
9F2
800
E4D
3F7
7FF
354
B54
800
C79
4DF
7C1
50A
E46
800
8ED
1D2
694
7FF
2B4
B29
818
B46
4E9
7FF
1E0
B86
814
BA8
260
7FF
781
0A0
A36
8BD
C47
7FF
728
366
A71
895
B55
364
678
777
A4B
800
A4F
0D0
7FF
7FF
073
8AF
8E7
E55
45A
621
54D
800
843
999
19D
7FC
50D
E4D
800
800
F3D
537
7FF
1C7
9D2
800
A83
27B
7FF
492
DFC
8C0
B59
10E
5F2
46B
2F2
B92
800
E87
4E3
79C
4CB
C11
800
970
1FD
7C8
492
E8E
800
84B
F4D
5CE
7FF
093
8CC
83B
CC2
1DC
7FF
0EC
CF0
800
833
10E
7FF
7FF
11F
9ED
9AA
DA0
4F6
789
355
BED
85B
AF1
780
7FF
55C
E39
800
8B3
E76
74B
7FF
F1B
999
8AE
DDF
431
405
640
C14
800
D46
5F6
502
660
F88
BF5
AF5
D53
5AC
725
428
800
800
A7F
4A3
7FF
53F
FB9
800
9A3
E41
4E3
7FF
2A2
8FD
A4A
CD2
6C0
7FF
40C
BE0
AA7
C01
292
7FF
75B
EB0
800
B42
BE8
5D9
7FF
40C
C5D
8D3
D3C
23C
5CC
5BE
D71
AEF
B11
FA5
7FF
625
5B2
954
800
A98
4D0
7A0
16A
ED4
848
B3A
048
74C
4CE
1D6
800
808
FF4
5CA
7FF
321
8F3
826
BF1
596
616
72F
DFD
ABF
98F
FBE
7FF
66A
0E8
A39
800
1A9
26D
607
148
A9A
800
BCF
262
4CF
699
F32
835
800
17C
2CA
6E4
2B6
A7C
B63
DA9
384
7FF
5E0
F20
800
A17
2CF
6E2
3FA
F23
800
81C
EC2
22D
66D
2A5
CA1
800
AD5
5E5
7FF
701
099
94F
AB8
01F
7FF
52E
0F5
8E4
835
ADB
4AC
72F
3EE
D76
817
800
29A
785
7FF
C81
800
A0D
D3C
7FF
7FF
4B3
BAD
800
B9A
5F6
724
6C0
D6E
800
C59
19C
7FF
7FF
E38
B61
800
B8A
7AD
787
36C
B88
800
C55
0FD
7FF
41B
059
8D7
800
F5C
687
7FF
43D
9ED
800
BAA
26F
7AF
2B5
BC0
800
CB7
173
7FF
7CD
E07
977
800
DAD
6E8
681
250
A95
800
B8F
2F5
5CA
64D
EB3
BC9
931
1C0
64D
7FF
132
8B5
94E
C4A
3D6
6DF
5BD
CDB
800
B8D
32C
7FF
608
16A
9A6
A88
0A9
272
5AF
3AA
BD1
800
BA8
601
7FF
3EB
E9A
99B
896
FCE
761
741
CA2
B7A
A24
E4F
51D
725
2CD
E2E
800
B66
519
7FF
0A7
DCD
C05
800
B01
49F
7DA
F47
8B9
888
A9F
55F
6BF
40B
972
800
858
3D6
7E9
36A
1A6
800
ACD
C9D
68D
74C
24C
8DD
800
D0E
191
707
521
C40
8E7
800
039
6CD
63B
315
A4F
800
E47
575
602
5FB
C5C
B3F
C97
27B
7A6
79A
047
92F
98F
DEB
6FC
72A
3AB
924
CC6
BD9
121
552
376
D96
800
A48
F1F
74E
4DA
FD2
878
92D
CA9
6ED
7FF
340
D77
800
CFE
2C9
546
39A
EE1
800
800
E80
1E7
7FF
140
D7A
800
CF4
398
781
675
BC2
800
9E5
2BE
5E9
7FF
F89
9AE
86A
DDC
4D0
765
2CC
C70
800
D56
547
7FF
795
E19
800
84D
FE1
65E
700
1EC
A04
800
F86
F79
4C5
3A5
DF9
800
A66
272
7FF
7A9
DDB
9ED
800
0E6
682
43E
21F
A3E
AA7
B7C
41C
658
363
C2F
800
9EA
D80
69B
7EE
00D
82B
877
F64
7CD
6F4
3EC
A33
92A
E5F
5CB
7FF
57B
C83
800
800
F6A
71F
77A
2CB
A55
800
CD0
7D2
7FF
403
99B
843
AEF
104
7FF
79B
14F
82F
800
BA4
52D
7B4
455
A86
805
B2D
42A
7FF
54C
B11
97B
823
134
720
725
319
858
ABC
08C
617
7FF
31A
F7E
800
96B
4F8
67C
526
C56
C2A
904
0DB
4D2
624
2D8
ADD
859
CF8
3FA
589
197
F32
800
8EB
2AA
7FF
77B
EE0
800
903
CFD
75D
7FF
240
BE4
800
F1B
41F
7B0
63E
CA6
963
AA9
2BD
799
7FF
0BC
8B9
800
CF4
504
3CF
323
A10
800
072
034
782
721
1C7
C8B
863
31E
7E0
737
27F
9D1
907
D88
556
7FF
39F
DA2
973
ACD
307
55A
754
F47
800
A35
B0F
761
794
349
A0B
815
D52
3BB
5C8
7FF
E68
947
A73
012
7FF
7FA
092
825
885
FB7
4EA
7FF
233
D19
A4D
C9C
F55
7FF
689
EFA
800
908
1DF
66E
7FF
368
A47
831
C1A
1C4
7FF
3CA
B02
800
A6C
458
727
4B9
27F
D46
81C
F14
7FF
7FF
637
A6A
800
C64
20D
7FF
64F
E38
886
AD6
0E9
698
7FF
F6D
9BD
93F
E52
42C
5FC
550
C0E
800
DC3
070
7FF
520
D16
800
843
242
5CD
7FF
FEB
94E
800
BB2
7AD
7FF
3F2
DF0
808
AF3
00F
5C1
65A
14B
800
800
E92
7A5
66B
51A
A77
916
AD5
257
6CB
3C5
E43
995
800
EF5
7A0
40E
10D
8D8
A7B
C93
2FE
651
523
E47
800
A96
1E0
5AB
5CB
E63
85F
A94
008
687
57B
0B4
C64
926
C2B
4BA
7FF
2F8
E14
AFB
B94
379
7FF
6A8
1BF
C8F
8C7
D38
318
519
342
BD8
884
D36
303
7FF
4C3
F32
98D
B65
0C4
72A
7FF
0FC
8BA
88D
D28
421
655
417
DAC
89B
A26
730
7FF
758
E84
A4E
9B1
D0B
764
659
299
A04
A21
CEC
180
6ED
3BD
DC8
800
A2A
070
7FF
7FF
F4D
839
D82
084
6E0
491
FFC
D29
8D8
D83
478
7FF
428
C76
968
C1D
05F
654
4FB
0E0
E0A
8DB
C76
30B
6BD
336
913
800
C1D
3CB
7FF
46E
C6C
966
8EC
2E0
7B6
7FF
3DB
8B0
879
D22
34F
7FF
3C5
E17
980
A4C
58F
7FF
7FF
FA4
B3C
9B9
177
3FD
7FF
2F1
800
93B
DD7
2DA
672
29D
B2A
800
9ED
147
7FF
7C9
D52
B6E
9F6
057
418
7FF
1BD
ADB
8B7
A5E
31C
7FF
568
BAD
95B
935
0A9
7FF
614
204
A56
800
EAB
34E
7FF
2CF
A12
824
A5F
369
5D4
7B5
123
9AA
9DB
006
30E
7FF
F0E
B5D
800
E22
552
7FF
2BF
D5B
800
CFC
2C6
5E1
582
EF0
867
800
F0F
6BB
7ED
410
CBC
800
B70
545
7C5
1B1
E23
AEA
AD2
1DC
7FF
40B
FF3
9BE
A4F
CD7
55E
7A2
33B
D9C
855
924
43A
7FF
69B
EFC
AB6
89C
221
635
7FF
FBF
AC6
820
FA9
38D
7FF
2F5
034
865
BA3
316
7FF
7C6
22C
D1E
82E
FFA
7BD
7FF
1C0
E83
8BF
B60
440
773
4F1
E31
800
800
312
6B4
679
103
AB9
800
ED1
1B1
7FF
038
B58
800
AEA
30A
5BD
67E
F74
800
A48
DB7
7FF
7FF
EDE
800
800
F49
0D2
551
621
A50
886
9F3
350
606
550
08C
BFB
800
FD4
57B
7FF
F9B
9A8
966
BD8
3FC
7FF
045
C80
9F8
96E
154
616
7FF
EDC
800
993
E86
78B
7FF
36D
A79
A4E
800
2E7
7FF
78A
CCC
9AD
BAA
EA8
5E2
5EA
ED3
A12
800
F58
2B4
6B7
338
E55
800
DFC
23F
6F4
3AB
F89
800
D86
430
6D5
720
F69
80B
800
AD9
526
7FF
3E9
8F6
800
84E
4BA
7FF
535
018
B33
800
F65
753
6C7
F3B
CCF
82A
C9E
43F
798
480
DD9
800
A21
285
7FF
65A
0DE
BEC
863
0EC
7AD
799
FCA
D1E
800
C4A
17E
709
21D
DA8
8FA
B3E
0EF
4D7
635
36A
837
800
01D
680
780
511
C35
A16
A9B
4FA
6E2
622
EC6
800
BA1
307
644
7FF
FD5
8F7
800
CF9
4D2
527
63B
A17
800
9A6
57D
643
3AF
FFD
800
E33
D3D
743
666
00E
A66
AE1
D10
394
6E2
3ED
C06
8A4
E80
2BE
653
63F
246
8D1
B13
FAE
7FF
769
106
BFB
9BF
CF5
16A
7FF
447
F96
800
AFB
1E8
723
6DE
274
D34
800
DF5
362
47A
016
F25
84D
BA1
319
5C3
30C
D39
9C1
9D8
D1C
54B
68C
207
862
800
0AF
1D3
7FF
3D2
93F
921
B36
24C
7FF
7FF
D84
8EB
800
F8B
63A
74B
17F
BD8
AEA
A8B
321
796
1E7
B9A
800
ADF
3F1
76C
762
0CA
800
A0B
D21
6B5
6BD
354
C14
800
BAD
39F
7FF
2D8
DDC
800
B8F
2D3
7BE
591
FB6
906
8EE
CFE
553
706
3C7
CA9
800
B5A
093
7FF
50F
B0E
800
CB5
FA7
5A0
6ED
F04
8E7
800
E9E
6D8
7FF
55F
CDC
809
930
3D0
7FF
59F
DFD
92B
9D2
207
7FF
750
0E8
83A
800
D7C
343
7F2
F6A
DD3
AC4
AA4
23D
7FF
589
AEB
800
8A6
B6B
7FF
5D8
F91
C2A
800
DBD
156
7FF
49B
B80
800
800
4F7
7FF
4BF
EA6
942
800
0BD
647
6DF
383
84F
A58
B1D
657
7FF
3C1
B5E
800
DDB
31B
513
7FF
2E0
879
88F
18B
52C
6F8
153
C47
800
B67
475
7FF
5DD
D64
A29
800
FC6
49C
573
23E
AF8
A59
D0D
5CB
645
571
C60
96B
A81
130
7FF
7FF
0FA
8CB
A75
147
7FF
7FF
D8D
800
A6B
BAD
448
6C2
483
A99
9D2
B88
21A
7FF
667
C43
BFC
8B4
116
5E6
7FF
029
DC4
800
B4F
746
678
4F9
B8F
800
AF6
281
7FD
6F1
F8A
83D
8E6
28D
55A
643
0A6
8E4
808
D69
212
77F
489
CD2
837
947
386
705
7FF
33A
98A
DC2
080
52D
7FF
066
BA6
80A
D8B
484
7FF
60D
D4B
84B
A80
F48
79C
7FF
F42
90D
800
F9D
575
7FF
375
BF9
800
C78
465
67B
6AE
A94
800
D26
001
687
5EE
F88
800
C2E
BF8
560
7FF
386
B17
800
A64
340
73E
5E3
C39
ABF
9EB
268
3DC
7FF
29B
976
A84
F35
43B
7FF
5AD
9C3
800
A51
15F
7FF
611
023
851
AAC
191
7FF
680
31B
819
800
DFA
7FF
7FF
6A3
F9B
8A1
8CF
5A5
618
484
E4E
A01
920
1E8
4E1
575
F20
B44
800
B49
18F
7FF
664
A5B
84C
8BE
182
7FF
5CB
FEC
A9D
9FD
217
346
7FF
217
9A5
8E6
99B
2AB
7FF
65F
C13
8A0
990
2FA
58C
590
3D8
CCC
800
E91
3EC
7FF
4A0
A0C
950
B5D
578
7FF
48A
054
800
974
DA4
7FF
6A0
BC7
C74
800
BA9
617
617
388
926
800
BAB
016
4C3
39F
B43
869
800
D9F
7FF
75F
201
B44
940
E29
732
64E
52B
BF3
800
A94
007
7FF
56D
E0B
81E
8E7
FB3
618
4C4
061
8C2
885
B12
430
692
5EB
C14
89A
AC9
2AF
7FF
564
06B
96C
800
FE8
7FF
7FF
08B
CB1
800
EC0
6DB
791
40C
CFC
9D5
9E7
217
79B
6E1
1B6
803
800
029
25B
766
204
9A3
800
A82
355
428
634
A15
800
BA4
005
7FF
7E3
FCB
899
800
F66
4F5
7FF
1DE
AE0
800
1A6
4DC
72A
442
D19
800
855
598
45E
355
CC9
B8A
AB4
065
2D1
6E0
18E
8C6
A4F
814
5AA
6EC
5DC
CD2
821
86E
EC2
310
730
EDE
A7B
C71
F80
551
681
3A2
C82
923
C29
13F
7FF
3DD
CC8
977
800
0B8
666
722
209
B3D
C0C
EC7
602
70B
152
B05
8CC
DF2
54F
7FF
5D2
D9E
9FD
948
FFD
7FF
7FF
0D1
800
800
CC2
484
7FF
244
9F2
800
800
3B0
79B
70D
D4E
B30
800
F7F
6E3
7FF
372
B3A
800
01A
519
5E6
3E5
DC2
800
D8C
F92
7FF
6FE
CC7
800
A75
EFF
7FF
594
0FD
B0E
800
DCB
275
7C3
238
E6D
886
9F7
093
7FF
7FF
D5F
8B9
B4F
071
50F
7FF
1F0
800
8B6
BAB
41A
7FF
5CC
FC3
800
AA2
13C
7FF
7FF
112
AA7
800
EA9
6A4
568
4C0
AA8
800
A5E
4F1
6BC
40B
C06
85D
A41
512
6C5
391
E1F
A09
BD2
D00
7FF
718
364
BE7
800
C84
3F1
7FF
306
E0C
800
A59
25E
5D2
503
EF7
800
A78
DBD
579
753
4BB
AF7
AB5
BA4
104
701
396
CA3
941
90F
15A
583
583
05F
9E7
CBB
1AB
6C3
7FF
0CD
800
8C5
91F
45A
515
260
B87
800
800
FBF
7FF
7C2
054
8EA
800
C2E
519
654
2F3
935
800
D12
333
7FF
6C9
AED
977
8F8
3DD
71A
7FF
1CE
9B0
800
DF8
4C4
668
0EB
EAD
92C
C60
241
720
380
F7E
8B4
A99
16C
741
7F6
320
9E9
800
DE2
49A
7FF
2CD
B2E
800
EBE
396
749
5ED
CD8
9BB
800
119
7FF
7FF
18E
899
BB2
CF8
494
456
33A
C63
800
D9D
474
4C4
7F6
CA4
ABE
91C
15B
70D
7FF
080
A82
800
E2B
7FF
7FF
33E
9B3
A0E
B3B
25B
7FF
2D4
D50
800
C32
272
7FF
74E
360
800
94B
E24
710
658
413
D8C
800
AF8
33C
686
484
E6F
87D
881
DCC
7FF
7B4
00C
89D
94E
D9B
557
673
1FF
BDC
807
AE6
320
7FF
321
F8E
800
BB5
FB2
6B0
5AB
40A
892
9B3
CD1
43B
7FF
5B5
C92
800
DE5
15C
7FF
3F6
B84
800
B44
18E
5E8
7B0
16A
C5D
800
DCF
344
7FF
286
EFE
89F
A6C
1DA
7FF
7FF
DE6
8F1
9E7
174
7FF
799
14F
9AD
800
E43
6A0
7FF
063
BBC
A9C
BCC
424
4EF
49D
EAC
800
898
073
738
50C
2FA
9C0
800
B28
33F
746
404
C34
800
8B8
1E7
63D
614
F60
96E
A31
FF4
3A0
778
282
90C
B82
E4E
2E4
753
3F7
CD8
800
93E
189
7D5
502
C82
ABD
A8F
DDA
5D1
7FF
16D
AAD
800
CFF
466
7FF
73E
F61
800
CBC
42F
7FF
7FC
D69
800
B12
E77
69F
60B
35B
D7E
8A3
B81
663
7FF
2A2
C3D
800
B89
680
418
5E2
EB8
B39
800
CED
7FF
6A7
0F3
AD3
88D
B1F
572
77F
373
BA4
92E
C4E
408
732
7FF
060
A46
932
F49
7ED
7FF
298
9AE
B6B
ADC
4B6
798
27B
C18
800
9E7
FEF
589
568
F0A
94B
8EA
1F9
569
7FF
E81
986
800
AA4
35D
708
3E4
A6B
800
CC1
115
761
71C
15F
800
800
E37
7FF
7C5
408
B79
8DA
B2B
4C4
767
3C3
BEF
800
ACD
39E
6B6
5D0
FEB
A72
A2B
F6E
528
55F
1C3
B21
A7D
CC5
3E0
6A4
620
CDD
95E
C89
205
6D1
4BF
E1B
800
81D
FA5
68C
7FF
116
AC3
8DF
AE7
4DE
7FF
32F
B1A
800
881
3B0
78F
71F
D36
84F
A1B
007
581
7FF
3E4
B31
9AB
BCC
65A
7C3
494
CA9
800
902
245
741
63F
04B
81E
800
F1A
5FF
7FF
D9E
A42
8F4
AC2
552
685
6BE
C36
800
DC0
241
720
4E4
2BD
862
800
C77
6A2
7FF
2C6
B99
800
C60
67B
525
352
D9C
9E7
9E7
1C6
7FF
6C3
E62
800
800
EEB
50C
5E1
F46
B56
9A0
CD0
308
7FF
1D1
A20
855
D84
F3B
7FF
4DC
1E3
800
94B
F3A
7FF
7DF
07A
A0C
C70
BDA
50B
71F
084
9E8
821
C32
201
1FC
39C
F70
A6A
A5A
E42
504
7FF
007
BB5
825
BCC
360
7FF
400
A94
930
BD9
36B
7FF
72E
FC2
800
CBD
067
586
6C0
08A
AC0
B0D
D6B
529
7FF
27F
CAC
800
9DC
097
7FF
45D
D82
800
92F
F29
7FF
757
079
AAA
B27
EEA
2FF
7FF
2EC
AF2
8C5
978
055
7FF
7FF
E19
AAC
800
22F
7BA
7FF
126
96A
800
B47
3C6
7FF
44D
E3E
800
BFA
31B
7FF
419
BC3
864
826
E9F
4FC
65A
21A
800
86D
C4B
476
665
3AB
B65
800
00F
28E
7FF
4D1
F2D
800
800
FDD
6D5
7FF
136
AB4
800
D75
66F
7FF
44E
BD7
800
C5C
156
538
7FF
F13
A3F
ACB
15E
5C1
76F
F63
800
8F8
E39
464
7B8
4AA
CE5
800
C25
45F
5F3
7FF
E86
9C6
BFB
F9D
4E7
6D0
F74
A09
926
B8E
4BC
7FF
391
A2A
800
8AE
157
561
40D
C2F
967
8B1
32B
760
64D
080
877
800
058
4BD
61C
42D
CBC
800
BCF
0D9
6FF
333
E18
800
8C1
38B
7FF
7FF
D6E
A1F
92F
C09
5D3
71F
1FD
AE8
800
800
4BB
7FF
482
DA8
800
B1E
FB0
64A
6EA
113
97B
99C
004
3A9
777
3B7
800
948
C16
3C7
57D
457
D70
8E9
800
3BC
479
588
FA3
9A8
800
00F
7FF
6AB
FF6
AF2
800
BF1
524
7FF
697
B57
800
A5D
33C
5C0
59F
EC4
930
800
A89
742
5AD
1A5
A9B
8D7
BAB
7D3
7FF
14B
B89
A16
AE6
277
5EC
7D2
06E
A28
800
D0C
750
7FF
333
B5E
800
C33
423
789
6CB
D8D
8D0
C8B
EFC
7FF
757
F71
9D4
800
2DC
570
5A0
245
912
800
E32
1AD
7FF
44C
BD3
800
0A4
361
7FF
6E8
E1E
954
9D3
C07
5AC
7FF
04B
A8B
800
E3C
35A
586
3A2
B38
9F4
B5E
08D
7FF
6C2
BDC
800
819
186
497
663
23A
8AC
800
F36
606
7FF
441
800
838
E3E
429
7F1
609
DC3
800
800
E1D
79D
7FF
B43
B54
84E
C86
6D2
7FF
25E
F39
B1F
E73
505
7FF
7FF
DA0
922
B9E
C95
7FF
5AC
240
800
800
057
3BE
673
2AE
B77
8F6
847
3D4
6B9
55C
CD1
800
86B
F80
429
65D
E15
A9E
936
EE6
2FA
756
05A
D53
800
D47
376
7FF
3E9
D10
852
925
239
5F8
71B
00B
96D
A54
ECF
32B
742
3BF
C20
81E
BB6
31F
7FF
57B
DF0
838
AE0
3C9
78F
308
F0C
800
857
169
7D7
6C4
099
D56
800
CDA
493
7FF
69D
E5E
800
D27
0DB
7FF
4D1
F8B
800
9D9
F63
5CC
7FF
279
950
800
9DB
3BE
78B
778
D4F
800
AC4
30F
7FF
61B
DA5
800
800
F68
7E7
7FF
0EE
B3B
85F
D4D
6BC
7FF
24E
B47
800
CB4
270
51E
45E
EB8
800
800
052
7FF
768
D76
8F4
800
F0D
3D3
7FF
693
9AC
800
91E
187
7FF
4AC
0D0
8B1
800
111
538
7FF
200
BAB
800
06B
597
7BA
F3E
B11
800
DBF
52C
7F8
453
E83
88F
9FD
29A
7FF
7FF
155
92C
800
DFC
3E8
7FF
3A4
A6E
800
ACD
5BA
7FF
559
D59
8DF
C15
F56
7FF
631
F18
800
95D
EDF
340
7FF
4DE
8EF
800
C0F
1EF
6F9
3AE
CA0
84C
C28
FD3
7C4
64D
C6C
800
800
01A
709
7FF
EF4
C14
800
D45
259
64C
300
D32
937
9F8
415
7FF
610
D5A
8CA
937
11E
78E
7CF
F73
B1F
800
062
65C
4E0
5BD
D5F
800
90D
377
7FF
590
D67
A61
BC8
1C1
787
7C9
17A
A12
985
1BC
6C2
7FF
03C
C33
A18
A97
39F
654
718
FF6
800
B0A
DA5
7FF
561
26A
9DE
972
DE1
160
798
615
BBB
800
F33
FB5
7FF
455
E9F
ADF
800
FCB
462
782
F82
800
8AB
ED7
5DC
7FF
168
AD5
802
D0F
4E5
7FF
7FF
CDA
83B
BB1
30F
60F
3E7
E29
BA5
A21
D6A
3F8
50F
0D6
988
9CD
EC9
366
6CB
4D7
D6C
800
BF3
FEF
7FF
7B9
E27
800
800
C7D
7FF
7FF
0ED
A4E
BD9
CD9
3E3
68B
34C
DE5
800
8F1
335
7FF
5E1
10B
800
B65
063
4E5
653
F5D
939
938
EB4
46A
7FF
4EA
C97
800
B52
289
6D3
577
E66
B79
C18
F39
4B8
7FF
256
9DF
8D9
DBF
749
4C2
0E0
E27
83D
C02
241
7FF
306
CC7
800
A14
059
5EB
470
3AC
ABA
98F
F4D
628
7FF
134
8B9
91E
D2E
35F
653
390
E24
816
B8B
3F2
61F
72F
107
8D7
9E2
23E
663
7B3
7FF
800
800
BB4
619
6F4
4C5
EC4
90D
A45
4C1
601
612
005
8CD
893
0F6
65C
6F8
347
A1B
A95
D51
675
7FF
3B7
C61
8E4
ACD
0C3
7CD
3E1
D6F
800
968
FA4
5DF
7FF
F61
B42
A0B
D50
3B5
7FF
75B
BF5
800
8F4
26E
7F7
1B8
B8E
AA1
D56
1FD
690
64F
FBA
A23
800
E99
719
7FF
332
8FC
9FF
E7B
564
7FF
659
0CE
800
BC2
F69
6E2
634
FE1
800
800
C56
7A1
3BC
1C8
B86
800
E86
3C4
6DD
3BB
F1D
A24
800
29F
7FF
7FF
FEC
95C
A03
EEE
728
4B6
1B9
B1A
800
BCD
5C0
7FF
4C5
AB6
AAB
A92
190
7C2
7FF
ECD
D4D
89D
072
521
55A
137
B4A
800
C44
459
7FF
2AE
AEB
800
91D
33B
7FF
45E
C5B
800
B66
D4E
633
7F9
04B
A63
800
E00
5F2
3BA
61D
B66
800
F01
443
799
624
BE1
A87
D74
140
7FF
6C3
EB1
8F7
AB7
1C7
7FF
49B
406
BE0
90E
BF9
1D7
7FF
498
FB5
91D
AE7
118
7FF
591
100
800
8C2
127
609
698
08D
A2D
800
F93
608
7FF
336
AE7
800
CF9
337
7FF
695
D29
800
81B
FA5
7FF
573
084
E42
800
EFB
4DA
74D
443
B38
800
C00
34F
7E3
7DF
E0A
821
800
361
74C
7A6
104
BB0
A38
FC1
6F6
7FF
34F
C33
800
DB5
659
571
457
A53
800
800
312
5BD
756
0F1
800
800
09A
73D
744
07D
979
800
DE3
506
7FF
5E5
BD3
800
99B
3A2
7FF
1E4
EBA
86F
949
EF6
736
794
108
CB7
800
EAE
647
33C
348
9E6
800
A1D
4B3
61F
2F6
052
82A
C5F
215
3A6
7FF
26C
A09
800
232
525
553
383
966
869
B33
454
70C
6EA
F59
800
C06
135
79F
446
F6B
805
B0D
0D0
4EB
623
2CD
B36
834
A26
23B
7FF
1AA
800
800
E5F
09A
553
6E4
18F
800
87D
F87
74D
7FF
22D
800
88F
DEC
593
598
460
D19
A06
9E4
146
776
792
CAC
B21
A90
EAF
795
7FF
17E
800
81A
C21
7FF
7FF
681
AAD
800
CD6
49C
7FF
40A
E58
800
9E2
3B8
7FF
7FF
032
800
97A
090
429
7FF
F8F
812
802
D1C
4C3
7FF
190
DF2
892
AE2
250
3E8
6E0
F50
800
91D
023
7FF
762
FDF
8EC
800
B0D
452
526
4F4
C03
800
ABD
376
67F
7FF
199
9A7
A07
218
7FF
7BC
17D
BE7
800
E8A
41D
7FF
0F0
95F
800
BBC
37D
7FF
65B
A06
88A
D8F
321
7FF
7FF
EFC
9E6
946
ECE
4CD
571
101
A0E
878
C71
7A4
764
433
832
9E6
AF0
1B2
5A1
24E
F7E
B40
97F
26B
7FF
558
3A0
C59
95D
095
7FF
7FF
752
B89
8F2
B77
21B
7FF
6A7
F6A
800
800
20E
76C
7FF
EBC
867
94C
0C4
528
53A
2A3
B55
A71
D29
0DB
6EA
6F3
C28
800
C22
143
5AD
584
EF8
91D
800
109
797
694
E46
800
A4A
AF2
7FF
7FF
4C9
DCA
80C
AAF
2D7
723
7A7
CEB
800
9B3
F03
78C
62E
094
BFE
800
C82
549
7A9
47F
A0C
800
BCC
2B0
7FF
68E
0FA
CAE
9CF
F11
6A0
79B
074
800
9F2
C8F
5CA
65C
4C6
B28
C76
B18
2CE
75C
386
E08
8BA
ACC
FF1
7FF
68C
175
AAA
861
DFD
37B
7FF
FA9
9C0
800
D62
4A5
746
205
BA8
906
A1E
449
7FF
543
FF0
A4C
800
F97
7C2
7FF
127
911
800
D7F
636
7FF
359
D74
C32
FA6
01B
7FF
526
CC7
800
A00
0BA
7FB
640
197
800
801
065
58D
5C7
439
B1F
800
9BB
403
7F3
3ED
D36
8B7
863
F96
7FF
7FF
F2E
A9A
800
046
617
7FF
FE9
811
800
CDF
4BD
7FF
52E
CB6
919
BED
3FD
7FF
452
EBB
800
86A
128
618
643
2B7
AA9
800
ACC
6F6
5A5
35B
B5A
8C9
BFE
585
7D8
3FE
F49
800
800
322
47A
648
B7D
800
800
0E9
78A
501
503
800
800
E49
7CB
7EC
0B5
D68
800
ACE
3DC
729
6F8
E58
A14
A9A
2D7
7FF
6CC
EC4
A34
800
0B7
5E2
7FF
532
B61
C3B
908
15B
427
42D
E6E
850
B7A
255
7FF
7FF
F05
B6E
8EB
074
558
7A4
1D4
9C1
89C
C27
7FF
6A8
4C1
BC8
800
C94
07A
7FF
5E9
DB5
939
A2F
E53
704
7FF
43E
AEA
B36
E1F
651
68A
1E2
B5F
967
BE3
439
667
7FF
B6C
80B
A4B
F73
7FF
6EB
12E
800
80B
E72
6B0
5AB
32D
B17
8EE
F34
51B
7FF
520
BCB
800
C21
345
6EA
6CE
F25
9A1
800
07C
52E
6A9
1F4
800
800
007
27A
693
459
C2F
88C
BAC
2E6
7FF
0F1
DEE
800
97A
36A
778
6A6
F5F
800
800
180
4EE
503
3E3
800
8CE
BB8
17B
7F7
620
F22
A1B
A22
FDE
789
5B6
F0A
807
AA8
D1A
74D
69E
41A
BCF
9FC
DDB
3A8
3AA
517
956
8AD
BB7
393
7FF
642
C27
A77
D9C
1CC
7FF
7FF
158
B32
90C
E1D
45A
7A2
E89
800
800
C27
2D7
7FF
4AF
DDE
800
9BC
1F8
7FF
69C
072
9F3
811
F60
677
6F2
1E2
D17
A05
D6E
547
7FF
161
B6B
A62
8C1
221
7C9
6C7
EF2
BA0
981
20A
5CB
7FF
187
800
8CB
DC2
5E3
77B
055
BE7
8CC
9EB
55F
7FF
600
F66
9CD
962
FCB
7FF
713
E99
800
B43
F4B
63A
7FF
17F
A11
87E
F0C
68C
737
1F9
BFA
800
991
0D7
7FF
3A6
092
800
96D
EDE
736
6C4
F98
800
800
CC5
3F9
4BE
2A7
AF4
914
D25
49D
6AE
6BB
F70
800
817
2AE
6A2
449
EB8
B89
840
FA3
361
6DF
0FA
800
95C
B9D
1BF
748
51E
B67
8FC
B9C
3B4
380
7AC
F0A
800
A10
F08
738
7FF
138
C4B
800
E70
54F
7FF
4FB
B9A
800
C77
342
6D1
6A0
C0F
9B7
B2A
2A9
7FF
37B
CBA
B33
800
DE8
58D
55A
FDD
C09
800
B52
3C3
7FF
3BA
E60
800
D38
4EB
7FF
22F
E8C
800
9EE
274
502
7FF
062
A01
ADD
C3A
2EC
7FF
229
E40
800
D5F
3E7
7FF
3AD
D92
A24
936
2F7
7FF
7FF
E26
B70
B17
196
5A3
7FF
1E6
A23
87D
BDA
450
7FF
4EB
B10
800
C6A
07F
6BD
634
C78
AE5
800
2AF
4FE
7FF
001
DC1
815
D67
4CD
7FF
465
B58
800
CFA
4A1
708
03C
C36
88A
C1F
1BF
7FF
441
DC0
800
B55
02E
579
7FF
1A4
A5F
83D
C61
3DF
677
135
C7B
8EF
C05
1EB
7FF
596
E61
800
ADA
B40
7FF
767
191
D83
872
E54
544
6F8
FE6
83A
800
D18
213
7FF
4AE
DBC
8D0
C18
276
7A3
6C0
E4E
A6D
826
155
2CA
761
0C8
BF1
800
C49
4B7
755
436
E0C
800
E77
14F
7FF
614
A81
800
A73
19B
771
5D0
203
9CF
89A
E18
7DE
647
610
D31
90B
B96
466
7FF
2FC
BD2
9E4
AE0
472
615
749
E7E
800
800
FCC
59D
7FF
F3C
B6E
800
B45
289
7FF
220
DD5
800
DA3
246
65A
56A
017
8E3
997
44C
6D4
58F
E4A
800
A70
2E7
2E6
782
311
A07
800
DC7
4B0
7FF
42A
BDF
A95
BE4
05A
7FF
674
F7A
A06
800
38C
5D5
64A
1A8
852
800
D4B
5E9
7FF
276
BBE
80D
C3E
118
42F
639
EB7
99F
800
32F
606
6CC
EB1
800
B64
022
40E
419
259
AAB
800
F79
6BB
751
3DB
C72
991
AE5
32E
7FF
479
F23
800
9EE
0E1
6A0
697
108
8FF
800
C46
50F
782
32F
A0C
82B
C25
721
7FF
42A
CC2
94D
AE5
287
6FC
611
E49
836
919
E7B
4DD
67B
253
BDC
800
CF0
50B
712
1BF
B02
800
C45
362
7DA
665
0B2
9C6
A1C
199
1A6
52E
046
A89
96D
01C
7FF
7FF
2B2
ADC
86C
E16
6BF
7FF
31C
ADA
81B
922
159
6BE
4D1
DBD
937
9E3
0B1
7FF
6D4
31E
8D9
800
CDE
531
648
1F6
8AF
935
BBA
50C
6AF
5E1
DE6
800
AC9
00D
60D
79B
0DF
832
A81
EED
5BB
7FF
262
AFE
88E
BA1
354
7FF
0F3
928
800
C41
195
6FB
3EE
DA9
8AF
9A8
115
7C8
6DD
16E
8B4
800
D0E
5FB
7FF
3B5
9B7
800
CDA
116
6F8
150
C83
800
A98
4EA
7FF
38B
ED0
90C
8EE
0D8
6CD
7FF
00D
A58
800
F13
4AC
7FF
25C
9B3
998
9E2
134
6ED
4A3
B65
800
975
1F6
7FF
79A
0D3
9F0
A99
DD8
54B
78A
FAA
D23
800
EDE
38E
7FF
4A9
FB5
9B1
AA5
115
7E7
499
CED
800
CFA
DE6
606
79D
25B
953
8DD
198
5ED
6BF
4DF
C10
800
A1F
257
7FF
4B5
DE5
B07
BBC
0B5
65C
7E8
E8D
800
B5E
CC3
7FF
70E
031
966
800
E54
7FF
4EF
316
9F5
840
870
42A
661
41E
001
800
907
0CE
7FF
7FF
07D
856
862
02E
655
66C
271
861
973
FE7
7AE
7FF
7FF
D3B
800
800
344
7FF
087
15C
800
959
1E4
7FF
7FF
DF9
9A5
800
D5F
564
7FF
05E
AA8
800
DD9
451
795
190
D8E
800
DB2
39E
632
207
F1A
800
D72
F1C
7FF
565
12F
8C7
800
E70
391
7FF
17B
800
822
D2D
59A
683
4AA
025
82D
800
04C
531
731
E3C
800
997
EB3
7FF
7FF
1A3
D00
A22
D9F
63D
7FF
60C
C82
97B
F8D
1C6
7FF
66E
D8E
800
AEF
1FB
7FF
4B0
0CE
A06
800
EDF
29B
7FF
20F
A79
83F
D82
47A
77D
3A2
C62
9A2
B26
18D
34E
5DD
D0B
840
B8A
048
697
7FF
433
C1E
962
EFE
4F4
7FF
2E2
C82
8F8
CA0
1E5
516
26C
D3C
A3A
A54
395
4F2
4F4
E12
9AC
800
EA2
5DA
7DE
1A8
927
A5F
B8B
25B
615
23D
D1A
C0C
B1C
081
6D2
023
C5D
A6D
CCB
065
4C1
72D
01B
82D
A98
FD7
6BA
676
3F0
D15
800
CCA
55E
7A9
59A
8A8
800
AC3
61D
607
769
D9E
90F
824
08D
496
52F
E5B
AF9
800
CA1
2B4
7E4
FAF
8BB
800
A38
55D
7FF
5F2
BC1
8C2
AF1
265
3E9
576
13B
800
9F2
1C5
661
7FF
19C
A10
947
0A7
7FF
7FF
2EA
CCD
97A
D45
352
499
469
BA6
902
800
3CD
7FF
732
D7B
800
984
19F
7FF
5A3
15C
800
800
CE9
36D
75F
49F
D48
800
B18
2BA
69D
5DE
CCD
90E
898
2EB
68B
6BC
0F8
800
800
DF8
628
7FF
ED7
966
B7E
FEB
63B
7FF
0C0
BA2
9AD
D19
184
411
497
DCB
8BD
D13
342
7FF
2AB
FC5
AF3
890
069
418
7FF
156
A96
BE8
E71
2DA
616
6D5
E41
800
BE3
28E
7FF
5B0
E03
800
AFF
F43
7FF
7EA
FDB
A50
821
D43
71C
748
0B6
BF4
A24
853
407
7FF
0FB
B41
800
C23
2AD
7FF
670
E6D
90D
806
E89
5F5
7FF
F3F
800
921
E9A
339
7FF
3AF
B83
868
ACD
640
7FF
3D2
D83
848
9DF
07A
7FF
5C5
0B8
841
8F5
084
732
5B7
18F
89D
A3F
05D
506
5DF
4A4
F28
844
A04
1B2
7FF
549
157
800
A11
005
795
7FF
076
9E0
BD5
FB0
77E
7FF
295
800
AD9
C7D
56E
7FF
13E
ACF
863
932
58F
11B
3BF
05E
879
BCC
3D0
77F
7A6
1BD
BFA
88E
EDE
5C7
7FF
1DB
CEC
800
ABA
502
7FF
609
D1B
800
CF8
F9E
7FF
69C
F00
838
800
09D
7F8
506
CDA
99C
9B9
0B1
482
666
187
AEE
800
A47
3D8
7FF
48E
EC4
910
CB5
4BC
7FF
7FF
BE8
8CD
84B
1AC
7FB
775
16D
ABA
954
FCD
7FF
7AA
22A
EEC
8E1
BC9
4DB
77D
3E2
F24
BE5
800
0BB
7FF
7FF
FB2
C15
BE2
04C
329
6CF
F95
B9A
B26
CDC
3E3
7FF
04C
E5C
8EE
C4A
FA5
7FF
62B
A98
800
B61
0B7
5B7
59A
CF3
AA7
AA2
E2C
796
7FF
173
9B8
80D
BE4
7FC
7FF
472
D16
89E
AED
230
659
66F
E90
A28
E9E
F43
6B4
493
0A2
800
A65
1DD
53D
7E7
F50
9B0
B68
AD1
4EB
7FF
5C6
A05
AC7
BD1
0A0
4CF
153
E6A
9A8
9D7
340
7FF
480
024
A14
9B2
FFD
7FF
644
45F
993
800
CCF
42E
7FF
2D3
8CE
89F
9B0
36C
679
6A2
B20
800
800
1CF
43E
7FF
160
83E
B42
F27
678
7FF
664
882
8F3
D95
5C2
78E
492
FC3
800
AC3
379
701
3A8
C49
800
800
FDD
798
2D5
AC2
81F
9CE
DF7
259
7FF
2FD
9BE
BEE
B3B
2CA
7FF
5F8
CB3
800
BC6
502
71F
406
07C
800
C54
18D
5ED
7FF
EEA
9BC
A0A
EE5
2C2
7FF
477
9C6
800
B58
2DF
65D
494
CF5
9C0
910
4A4
799
53B
F16
8E8
B91
011
485
70D
032
B5E
800
F3D
6B7
789
2B9
CEC
800
C2F
2F2
749
3DE
DFF
A61
887
144
620
567
16D
800
800
0A1
6DA
6B5
F25
92D
B18
CCE
6D5
62B
376
C56
A1A
E2B
18F
7FF
31C
97D
968
D76
119
7FF
5BA
EAF
800
800
03B
505
6ED
F00
B03
800
03D
5B0
7B3
439
947
9E7
B1C
3F7
7FF
4D0
E18
907
B13
203
7FF
44F
FCC
80E
920
0E5
7FF
7FF
26D
A8D
86F
F3D
400
618
205
BD2
98B
B89
7B8
7FF
7FF
CF4
800
C5E
FD5
7F9
60E
042
B3A
95B
1A2
651
641
143
C7E
800
C6D
34C
7FF
518
A58
B70
CA4
1FA
76E
48F
F82
800
800
309
7FF
68F
FAD
C4A
800
F8A
5FB
7CB
3EF
BDE
800
E9C
3A4
757
4A1
D07
9BB
A4C
714
7FF
51C
ED8
801
9C1
27B
7FF
52D
D84
879
800
CE4
6A6
7FF
442
94F
800
DB6
61D
7FF
269
8F5
99B
B1E
45A
7FF
26D
C80
846
84E
F8F
7FF
6C2
071
800
998
11A
7FF
7FF
3C4
ADE
800
BC6
325
6CE
15F
E84
800
A24
F87
709
7FF
EC0
973
A44
34C
6AB
77F
1D8
85B
D2F
D95
677
53C
223
A93
91E
CA2
545
645
272
800
800
C3F
339
436
3F2
E5C
86B
90F
FFB
70F
707
125
A3C
800
0C4
7E0
73B
EDC
B0E
800
EDB
784
476
249
D45
800
CD6
2D2
7D6
3B9
B47
B6A
CC4
436
7FF
442
14A
800
9AF
D73
7FF
40E
0E1
C1C
800
FED
49E
7FF
47B
B3E
800
C9C
3A4
2AB
596
DA8
800
F34
F80
7FF
48B
F51
A61
88C
C92
56B
7FF
6CE
C79
BA2
DC8
3AB
7B8
4AB
B8F
8EC
A3D
4CD
7FF
0D9
FFA
849
D39
145
672
562
D6A
955
9BE
D56
6FB
7FF
3E3
C4D
800
D47
44B
7FF
F19
D14
8A2
C81
1A1
7FF
3B7
D69
901
8BA
1D5
7FF
38F
063
800
800
0B2
7FF
7FF
FA4
A01
823
E36
541
696
351
BA8
916
B75
69F
7FF
4EA
CBD
806
C6C
08D
7FF
6A6
CD2
800
9B0
1DE
5B9
7ED
47C
800
800
E6B
362
6F9
53C
DDB
800
C46
49A
7FF
2C4
FB8
800
BCB
281
57E
5E5
E61
B05
821
06E
4D0
5C6
12A
80A
800
E4C
6EF
6F1
2D1
AFE
95F
800
43B
7FF
3B6
A34
953
E3F
0D4
4CC
4F5
F1D
800
8AB
F28
4C9
38C
DC1
9A2
800
C22
665
64C
6A9
FFB
A18
966
466
7FF
28A
0B3
8B0
C99
211
519
652
D6E
800
903
B9E
608
530
D9E
B10
800
E85
5C9
5D9
152
D6C
844
B92
376
6AD
445
D20
800
D74
466
7FF
7FF
DBC
800
D2B
EBC
644
7FF
F4E
862
978
F9F
69A
7FF
3D9
C16
8E9
D69
2C9
677
5A7
F32
96E
B09
1BA
7FF
5BA
EEA
A42
800
37E
608
7FF
F79
94F
9E3
E78
585
7FF
FE7
B54
800
D6E
5C4
7FF
513
AA6
9CC
9FA
FBC
7FF
3F3
F4C
800
800
000
433
67B
F8C
800
800
F5B
695
7FF
1CF
DE1
800
9B2
23C
4B4
38E
CCC
BB1
CDC
0F2
568
517
CF8
9A3
800
128
58E
7FF
11A
95D
C79
F94
7FF
5EB
3D3
AFF
86D
CB7
45F
641
313
BA5
8ED
A2A
2CA
766
366
D44
800
AD5
FB5
79F
7FF
E4E
800
800
EFC
5CA
7FF
2CC
9F8
8A1
D53
3E0
657
1E9
B29
800
CD1
26F
57C
649
D8E
95B
BA1
35D
51F
7F2
0CE
8EF
800
E21
6C1
6AE
1B8
800
A4C
C57
459
77C
418
A8B
982
AB6
3B4
7FF
48D
E59
800
C29
347
67D
52A
057
800
800
DD8
609
7F3
280
8D6
800
DE5
7FF
7FF
242
AD8
8D8
07F
54F
797
650
A09
800
C7D
1D6
6CC
60D
FEA
948
983
2CC
4C6
22C
22B
919
906
C22
6F1
7FF
2EB
9B6
BE8
968
2C7
7FF
416
AE7
800
AC6
376
7FF
43A
FC2
800
A9C
EB8
6EF
670
092
800
8F5
01F
48A
79D
538
A3A
8A7
D64
4D9
67D
451
B10
978
DD0
FC2
7FF
54C
C02
A05
800
EFA
58E
39E
EB4
A7E
A7D
030
52C
7FF
03B
9AB
800
C82
402
789
5BB
D8E
800
A1F
370
5EB
71C
E27
844
A07
2C6
784
35B
FBE
85E
A00
D35
309
62B
40F
8D6
952
C9E
79E
7FF
487
B32
A5C
C19
3FF
7FF
681
EBC
800
9A3
262
76E
552
FD1
800
B54
DF2
667
700
24A
BF3
866
DBD
7FF
7CD
23A
B23
A1E
C8A
580
705
659
D14
800
934
CEB
7A1
69D
BC9
800
B5C
D75
615
7FF
001
BB8
800
21A
7FF
6B7
105
B6B
800
F69
581
6EE
75C
AE5
900
A7F
443
731
75D
D56
896
A4E
2E0
72F
51C
308
A75
9C4
F46
563
7FF
264
BEF
820
E95
5A2
7FF
35E
AAA
9AD
A83
28D
6B8
514
EF9
800
854
2D6
658
5E8
FA0
9AE
95A
DF7
541
73C
162
B17
800
E87
2AA
7FF
FA1
953
817
BAD
5B1
7FF
637
DC1
83C
850
2F6
7FF
686
19F
800
800
2E6
75E
7FF
168
CDE
800
A4E
629
7A8
400
C65
899
D77
49B
6C5
789
D07
A15
940
35F
7FF
7FA
F47
800
9B3
10A
3CE
7EA
107
800
800
C9A
765
7CC
F16
80B
9D4
EA5
3A9
7FF
403
CF9
800
A02
293
7E8
52F
E02
800
A44
1A2
7FF
7FF
DE7
B2F
8F8
26B
41E
668
180
C35
A8D
CA3
4CD
7FF
456
F6A
800
E04
4BD
7FF
7F9
095
8B9
B2C
04F
5F0
69B
DA2
A11
800
F89
487
7FF
298
C27
8BD
BE7
3B4
7D5
09E
B76
834
A87
52B
7FF
3C9
DB2
800
A99
18A
7FF
5A8
CA7
981
800
D0B
63D
7FF
F40
BB8
95D
E46
6FC
7FF
1C1
907
887
FF5
54E
7FF
41F
EB9
800
B19
308
7FF
3DE
F32
800
AFB
084
73D
701
F65
800
98A
13C
385
7FF
025
B9F
AA8
D43
3CE
7FF
3CB
AFE
800
B9C
0E5
7DC
680
D25
965
A7D
2FC
57D
5EF
E79
9B2
800
06C
560
7FF
181
82C
88D
D0A
426
6BA
10D
9FB
800
B79
2C3
7FF
4DB
EAC
800
C4C
F94
7FF
4D1
E30
800
88E
042
757
5D4
03E
910
9DF
0B5
495
7CB
53E
A3C
A75
AB0
2B8
7BB
424
C72
8CC
811
351
7FF
2AF
05C
800
A21
268
7FF
7A7
076
B13
800
F73
39A
53B
E4A
9AB
800
D2A
3A5
7FF
36E
A9D
9D8
B0C
0B9
752
7FF
C6F
958
800
F69
7FF
43A
ED1
95A
9CF
101
555
7F0
3B1
800
800
F95
5E6
6F3
183
A13
800
C2E
348
7FF
021
D41
953
85C
FCA
3B1
61C
F00
90B
81B
11F
7FF
464
035
9E7
C12
1D3
7CF
77B
4DB
960
800
C1D
326
59E
11B
A94
A3D
BFB
42C
7FF
3C8
B8C
908
B0C
191
66E
7FF
020
874
A36
F8A
374
598
289
800
800
DCF
7FF
7FF
2EA
BFB
976
B74
662
7FF
33B
ED5
BFA
8A9
290
7FF
629
0D0
800
800
12F
564
7DA
083
800
800
C74
7BF
55E
09F
B69
89F
E04
4B0
766
4B5
EB2
920
CD4
486
7FF
2A1
D42
99C
9B5
04A
7FF
62A
056
C53
948
EEE
2AD
712
253
AEC
800
C47
791
7FF
21F
B39
8F3
C70
3BB
6A6
563
B2E
800
C93
2DF
733
66A
048
800
9E0
160
70C
7FF
038
9C7
800
DC8
63B
7FF
07F
CC0
800
EA2
47A
7EC
453
892
800
A6D
244
7FF
4EF
EA1
800
CA9
E28
75C
4C8
0D9
9A7
8A5
077
741
7FF
FB2
9FB
9E7
D91
372
5B5
465
A6A
800
800
0B2
7FF
57A
C54
CCD
852
097
7FF
734
EB8
8ED
BD6
EEF
6A3
587
F94
A94
83C
F8F
780
74B
2F6
CA8
800
B78
3E5
5D1
647
D83
800
D0F
163
60F
7FF
F62
934
800
104
6A3
6D3
44D
89B
98B
113
6F3
68D
EF8
A4C
800
B96
436
7FF
02F
D84
800
9EC
457
7FF
227
D1A
907
83E
11C
5CC
7EB
FC4
906
800
FA5
645
4EA
0E0
800
800
E36
615
7FF
137
88F
855
AFA
48F
778
46F
C78
9F6
993
27E
781
581
EE1
800
8C1
E6D
7B7
7FF
F43
8C2
800
E12
77F
7FF
EFB
B6D
827
CAE
673
710
2F1
9F5
800
B53
4C1
7FF
511
067
800
B94
062
652
508
F86
912
B2E
127
7FF
796
FC1
B61
9F1
EAD
423
561
421
A3C
8F4
CCF
756
5B3
178
BF6
852
823
3C6
688
6DB
D86
87E
903
EE9
68A
7FF
360
A01
800
F5F
7FF
6FD
EE4
B7A
800
D17
523
7FF
28D
A76
800
930
7C5
46E
507
D17
800
900
0F9
7FF
5D7
057
800
C92
1E7
5B5
7FF
013
A8E
800
D4C
49D
775
3AB
C2F
800
CDB
693
7FF
606
D33
800
934
583
6B4
63F
D1F
94C
800
1F0
692
4D6
002
829
9EA
EC2
490
7FF
2AA
CA7
A8A
C7E
20E
47A
28C
D84
B1D
DD3
410
4C5
4A3
C5D
98A
C7B
327
656
160
D81
800
AE5
D30
475
63F
046
897
800
EAC
277
7FF
1A0
A92
800
986
6D9
7FF
42A
B47
A9A
D92
29F
7FF
648
E5A
800
A5D
3AA
7BF
4F9
CA4
A22
800
0C6
7A0
693
253
996
8C7
C5C
115
7FF
3F0
D6C
800
E9E
32B
7FF
205
EBC
90F
8C3
3DD
7FF
536
C80
988
8F2
0DE
7FF
45D
F5F
BE3
BEF
E57
6F6
3EE
269
C02
800
E72
71B
709
619
BB5
87E
991
2F9
7FF
431
D6E
C5B
9FC
368
7FB
7FF
C2C
8F8
911
F74
7FF
560
403
800
800
CF1
603
7FF
21E
C35
817
C55
4A2
712
487
C4C
800
A38
3AB
7FF
789
EC1
800
800
15D
7A5
67A
F18
800
9E7
EB7
5F5
6EE
EFB
91C
822
C38
5E3
7FF
2DC
B01
800
078
437
797
61B
DAB
800
8FA
05C
7FF
318
D6C
A2F
800
E29
367
7FF
E63
B46
800
EF0
6C7
58F
4BC
92D
800
E30
7DF
7FF
767
B77
93F
CC1
23B
7FF
4EF
F1D
800
A8A
243
7FF
3F0
EE7
800
BF2
FD7
5DD
6DD
206
ACD
925
BB1
4F7
7A2
041
966
899
B47
3CC
7FF
696
DF7
A2B
EB6
45C
703
50E
DC0
800
A7C
2A5
781
56D
27F
8A1
AC0
041
55E
676
04D
AD2
800
D3E
12A
7FF
2C2
C52
8FD
BF3
5B9
7FF
59C
A22
86B
B94
124
7FF
578
D62
800
C0B
E5C
7FF
7FF
FD2
881
9A7
05E
73B
5D6
34E
800
895
D88
430
457
151
E89
8CE
E40
5BD
7FF
2B1
E95
800
B85
088
7FF
2B6
DAE
B61
97C
CB8
77E
4AD
2BA
ADF
800
C1D
20F
7FF
1F7
DFC
901
B20
105
7FF
242
D64
800
D14
3B2
6EC
5C3
C7F
8A9
908
2D7
7FF
337
FE0
940
800
C8B
68C
7C2
F41
920
800
EEA
5A9
7FF
435
ACA
9B6
E15
405
7FF
267
B56
973
B0C
4E8
7FF
258
C4D
800
958
18E
73C
277
FF5
8BC
952
F33
5C9
769
074
965
9BF
CDE
3BB
7FF
681
805
923
B40
3BC
7FF
5EE
C4D
800
CD1
388
7C8
7E4
CDB
BAD
D32
1D6
56C
6A1
024
A0A
88F
FAC
7FF
536
14C
A20
800
E44
322
7FF
324
92B
CAC
B4F
320
5D0
2D9
B23
9FA
BE1
299
7FF
651
E9D
969
BDE
3DF
7DC
7FF
FC7
A3F
800
D38
5F0
722
F50
94E
B27
A2B
528
688
309
C30
C93
BE4
1B0
7FF
49C
E66
879
B25
1E4
658
535
0B1
800
800
F72
7FF
7FF
FE9
AB7
A28
E08
715
7FF
0ED
95A
877
D9F
6C2
606
7FF
B9A
800
958
1A8
6CD
5F6
DB3
800
A46
441
7FF
608
DA2
800
B35
0D8
716
736
0B2
9E4
800
0C4
7FF
7FF
383
C7B
800
968
2ED
7FF
212
EE3
800
E08
467
7FF
7FF
EA5
B71
976
38C
646
7FF
151
800
882
350
3F3
7C7
FCC
94C
905
9FD
371
7FF
FEB
CDE
800
D7B
3C8
72C
47F
B52
A72
CE0
309
60D
535
E5D
91C
B18
083
7FF
7FF
249
939
86F
EAC
6EE
73F
2D2
B10
800
CD9
407
7FF
2E7
B6C
802
ED7
0AA
7FF
76A
EA1
BB1
C23
1E9
7FF
7FF
D78
8EC
8EB
04F
68E
5AE
0E5
800
AAF
0AC
701
715
145
C41
A17
C3E
472
7FF
587
B41
87A
97C
2A5
3D9
2D2
F05
800
923
520
71D
1A2
D21
800
800
110
5EC
7AC
FDF
800
9AC
FBE
3C4
76E
02E
CA7
800
E5D
7CF
7FF
13F
BB1
800
B6C
1C3
7FF
596
DC2
807
C93
1DF
7FF
62B
F86
8B2
B1C
0B6
7A1
7FF
1D8
89D
9E5
17F
77B
62F
1DB
C78
977
CB6
636
7FF
143
A11
800
C15
27C
731
537
9D4
800
E11
518
7FF
5C4
D6C
800
800
381
447
7FF
1D2
961
B25
F03
772
7A4
2F7
AD1
800
CD7
372
7FF
46B
B3B
800
A2F
7F8
7FF
447
C8A
933
D71
FD6
7C5
481
148
800
800
CED
687
7FF
EC6
865
E13
079
48A
7FF
3B9
800
892
D8D
581
7FF
410
C92
800
9B6
433
6B1
133
EA2
8E2
92F
172
737
694
D91
932
ACB
031
6D9
4EA
EEE
B7E
AC7
F07
4FC
7FF
34C
800
B41
DDC
702
64E
1BF
CED
800
AFC
3F1
62B
145
B84
800
BA5
280
7FF
6DE
DF7
905
C33
076
3E4
7FF
019
A37
800
00F
4EF
774
4E6
B17
A7A
E7D
27D
721
51A
A78
800
CB9
69E
764
671
FB0
800
8B8
26B
6AE
6D0
05B
958
D0E
FAF
7AA
5F0
15F
B27
800
FA3
7FF
7FF
133
881
802
F06
56E
7FF
093
A2C
800
EB9
43A
7FF
35A
CC4
800
B83
2C8
6D5
548
ACE
986
967
097
350
77B
431
A80
800
002
518
65B
0AB
934
84F
C87
415
7FF
2CF
9D4
802
D77
334
7FF
3C4
D01
879
AC9
299
715
695
ED1
8C4
B05
08E
7FF
67F
18E
8CC
B3F
0E7
448
571
1B8
B1A
800
CD4
719
6D4
42A
D29
88C
CED
5BC
6C0
48F
D64
800
BEA
2AA
7FF
766
E9F
8D4
B8F
F5D
5FD
454
130
800
85E
06C
6CA
7FF
176
9BE
B0D
F54
68E
4D7
38B
B0D
9EB
9EE
4B2
7FF
591
D45
99E
AD4
0C4
6A4
4E1
F16
A35
800
330
7CB
7FF
F61
A1E
9AB
1E1
592
7FF
18F
800
907
1CD
7FF
581
404
8A8
800
A9A
4C3
7FF
50C
BBB
800
9CB
0EE
7FF
3A7
E6F
801
A9B
0BA
7FF
66A
0C9
9A9
800
FE8
7E2
556
CED
9BE
800
DA3
619
785
388
A5F
838
F8A
6C9
7FF
393
AD7
86D
F26
2D7
7FF
4E3
B66
800
9C7
35E
50B
7FF
E37
9DF
800
0FD
7E8
6C7
01A
B30
820
C99
663
7F7
231
977
831
B98
34D
7FF
589
B0F
800
AD7
040
726
559
DA2
881
8A2
0B8
7FF
696
E52
800
9FD
EB7
711
60F
FBA
895
800
109
7FF
7FF
1A1
930
8B0
EC9
568
755
36D
C70
800
C9D
4AD
779
520
BF3
800
800
1BC
7FF
282
BBF
88F
89C
FEB
7FF
7FF
EDE
AD7
878
E26
488
718
3A0
9CC
851
D2C
5E7
7C7
27F
D67
988
BA2
1AA
633
253
BDD
800
C1C
0EF
5C8
189
EE1
800
8F2
1B5
78E
5DF
D57
8DB
A6C
E51
79D
7FF
ED2
800
8F7
EEE
6AC
7FF
333
A7D
877
CEE
6E3
523
6A6
9DF
884
8FC
45E
617
7B9
101
895
BD2
164
537
409
DFC
800
821
22F
732
7FF
0E1
9C1
A8C
FB0
503
7DE
46D
8BE
800
BBE
468
71E
56A
BC2
941
EB5
27F
7DD
5A3
F0F
B35
C3A
440
658
668
CDF
8AE
BF0
FF7
7FF
7FF
135
800
984
0AA
5E8
63D
0BF
804
800
E55
541
7FF
26A
AD4
800
E66
2AC
6BC
63E
E0F
800
CA9
539
6E3
7FF
B20
A83
A9F
049
709
5CA
0B7
8C1
AB1
F15
7FF
71B
088
91A
ABE
D70
6F3
6B8
343
85D
800
BAE
1F0
7FF
28C
C3B
80C
AC5
2FF
7FF
5C2
D79
800
92F
385
6EB
5A1
080
A3D
800
01C
4AD
6EC
341
800
9A5
D38
716
505
1FC
C58
854
FA8
327
7C3
48B
BAC
800
D42
0A1
7FF
4E6
FEE
800
8A8
31A
75E
688
096
8F5
AD1
B5A
474
73B
FE3
800
9AC
BDD
5BB
789
353
B2F
800
EB2
528
7FF
0DB
AB4
800
A17
4C9
79F
50D
CE3
9AF
B76
240
7FF
542
220
800
AAA
452
667
539
23C
A4C
800
E86
705
7FF
1EE
F5E
A59
0C2
364
594
F73
A11
967
B01
41B
7FF
557
E79
A80
AE5
17E
794
30F
E32
BF4
83B
F48
7FF
4EC
24A
C20
978
D89
5EF
7FF
168
AD1
89F
DD2
6F6
7FF
2D3
A8E
800
A3D
411
7FF
4EE
AA5
800
9BB
1B3
6A3
438
DC5
868
B58
162
740
7FF
005
99E
B5D
E93
7FF
59A
03F
A24
A12
E9A
669
7FF
2DA
BBC
800
D3E
6A2
7FF
26E
B7A
800
D32
4F7
745
799
D8C
A15
BAC
0A3
7FF
74C
E86
A98
9B2
E3F
4D6
6E6
DB9
A18
BF7
BC4
798
5FF
F9E
AB9
800
E79
6EA
6DF
216
AC7
800
B14
349
703
638
E3C
95E
A6E
468
7FF
65B
BDF
800
A1B
302
7FF
611
F1E
800
B15
02E
746
7EC
D01
CB5
800
C73
6B8
7FF
28E
A87
800
CBF
598
785
450
99C
A82
D74
34D
7FF
575
01C
992
964
F65
6F6
6DE
EF0
9FB
800
277
7FF
7FF
FD0
800
800
DB3
6A8
482
43F
8E5
800
DA7
501
5CB
35F
914
800
E4F
396
7FF
050
C8A
86E
9F0
2F3
7FF
7AD
D5D
89F
A63
1DB
7FF
5DE
C98
B42
8E4
287
7FF
616
100
C35
8CA
F5B
69E
7FF
55B
899
9EF
C65
6FA
7CE
40C
D4E
800
800
0CD
7FF
419
F0D
825
994
F59
4D5
523
F33
BEE
912
295
7FF
697
CEC
A14
800
012
755
7FF
33A
ACD
800
EC4
60E
724
466
AD9
800
A60
363
685
2A1
F8E
918
B88
4F3
7FF
5C3
D69
9EF
800
345
634
652
C7A
800
800
F6F
565
7FF
F86
C44
ADE
C4A
4C7
7FF
1EF
A16
872
9CF
633
7FF
3E2
AAD
800
A2B
594
7FF
6DD
021
841
888
1A0
7FF
5B3
ECD
800
800
21C
7A5
6DF
1DC
A0F
8CD
DF6
508
5E0
276
AEF
800
DA1
654
71B
414
BD1
800
B46
6B9
7FF
49C
B3C
81D
8AD
15F
6B7
742
D9A
B11
A20
F6E
7FF
7FF
FB7
92E
908
F3D
686
4B3
181
8AD
800
E99
724
7FF
363
C13
800
D07
7FF
72B
36D
B75
800
E57
57E
7FF
33C
9CF
800
92F
24F
7C8
567
D48
800
B3E
3F7
44F
717
315
C4A
AC2
DF4
7FF
7FF
F92
96F
8B8
D15
6DC
7FF
2A8
B78
800
C4D
7FF
79E
43D
C03
800
A3F
4C2
711
551
EDF
878
994
FB0
7FF
7FF
C7E
93F
800
11A
7FF
6B0
16A
AA5
800
F45
612
79B
FC7
E39
891
C7E
2D3
6AB
605
A3F
800
CBD
524
7FF
64E
9D4
800
B15
0F7
6B8
55A
0CC
800
8F8
275
7FF
7FF
C81
800
8E0
147
673
7FF
FCB
90D
8DF
0F8
393
729
161
8DC
800
D30
518
670
373
A2E
800
E09
367
7FF
3AD
910
9A0
800
38F
755
622
F3F
800
882
15A
6E2
4B3
00F
C24
843
0DF
7FF
7FF
EA3
B35
842
EF4
76A
7FF
1D4
CBB
800
C57
7C0
7FF
318
F36
99F
B5E
308
637
63B
D0C
800
AB6
E9D
7FF
4AC
296
800
D0B
180
7FF
7FF
193
B33
800
05C
5D8
7FF
FCC
82B
A58
D24
43A
7FF
0F2
A52
8A7
FC3
2AC
7FF
3EF
C1C
889
BA3
16A
594
3F2
D1F
800
B4C
21A
7FF
489
ED0
9C4
987
0DE
4B7
54D
237
8DA
83C
D7C
68B
693
FFF
BF7
800
E27
6B2
7F3
30C
AEB
800
A02
43A
7FF
301
B05
800
B0B
3D0
7FF
5B4
009
800
A66
F89
7F3
517
D40
A1A
B0F
0D7
7C1
72B
14D
919
918
089
61C
7FF
529
A1C
800
EDB
265
7FF
3B4
800
800
C51
2C8
675
3BB
EA9
800
DD0
180
7FF
7C7
0A9
800
A3C
F22
75C
421
D23
800
800
190
76F
5DB
FF9
800
837
135
6C6
7FF
220
A26
903
E55
273
77A
440
90F
99E
AF7
38C
7FF
446
DB1
800
AE0
ECF
72E
6A1
CA5
800
DFB
179
6D9
7FF
094
C86
800
1CF
793
68E
0E9
842
821
1DB
3AA
79B
15D
BBE
800
CD2
2E6
655
35C
D1B
800
A1F
59A
7FF
6B0
ED4
8C8
848
FEC
5ED
4E0
BAA
800
EAF
0D9
560
619
F23
AC2
800
182
7DB
73D
255
8FE
800
FA7
4D4
7FF
2BB
E83
800
875
497
778
5D3
A89
947
BB9
6BD
7FF
53D
CDE
800
B32
0E8
7FF
551
CE2
96D
800
F56
443
36F
F22
8AE
800
FB4
6A5
5F7
37E
91C
915
C7C
65E
64F
35D
D47
800
C97
253
7FF
218
CB6
800
CBB
4DB
7FF
42C
FDC
8DB
C1E
1CB
7D3
38F
D49
800
8E8
FA8
6FF
7B9
0F7
87F
924
DAF
7FF
7FF
38F
800
800
C55
64A
598
28E
9F8
947
DE3
73E
7FF
2CD
BF8
A0A
E31
470
704
7FF
853
92F
A62
FBC
78E
69C
D25
800
A71
215
651
612
E33
90B
963
DF5
4D0
63E
20E
800
A71
CEA
4C3
698
3DE
8F3
800
D5C
493
7FF
469
CB3
800
B73
0D3
7FF
38B
E26
80C
B45
070
7FF
2D8
0F2
941
93A
2B5
7FF
405
CF4
83A
800
E40
7E7
6A6
228
A8B
800
C37
7FF
7FF
0EF
ABF
8FF
CD9
335
732
230
EC5
8E6
CF9
28F
6A7
7FF
E43
AD7
ACD
23A
5E8
68E
B6A
800
A44
E8B
7FF
5A7
F44
889
800
D71
7FF
7FF
E23
B0E
9CB
CD0
50E
743
471
A72
800
C94
7FF
7FF
5B3
A0E
880
BD7
3EC
61E
550
D2A
800
A30
305
7FF
611
E36
800
BF2
1EA
7FF
7B5
D7F
800
A03
EAB
514
7FF
F96
972
985
16E
4CC
744
028
B43
956
E18
5AC
7FF
7FF
BF5
800
CBF
2EB
7FF
6BB
CC8
800
C8D
2EA
627
7FF
014
800
BA2
3B1
7FF
5F4
091
A23
9FE
EB1
7FF
67D
203
800
B33
0DF
649
7FF
27D
966
A3B
E38
620
7FF
1B8
D85
800
956
237
7FF
684
DBD
800
B16
F9C
6DF
5E8
F02
87B
A92
20C
4A8
55F
DA0
800
800
070
7FF
64C
1BA
98F
B0C
F0F
5B2
7FF
52E
888
891
C6D
46A
7FF
38E
C49
88C
CAD
54A
7FF
356
B65
800
895
158
7FF
679
CED
B38
800
E9F
664
5C8
DF6
911
820
185
7C1
5AC
1EA
88B
800
D4E
633
5EC
2D1
B45
800
B05
5F4
739
431
952
800
E1B
3F0
7FF
288
E71
800
BC8
171
7B4
329
E08
AAF
962
558
42B
7B2
F1F
800
800
092
56C
7D7
F10
90B
8B7
E38
7FF
266
026
B44
800
01C
38E
7FF
6B0
BCC
9A6
D89
4F6
7FF
59E
E6D
852
B63
2DD
73A
7A7
CE3
800
B86
06C
6C6
519
FD2
820
956
CA9
7FF
7FF
EB7
96D
AD5
FC1
7FF
4A9
049
B06
A3F
161
761
7DA
2CF
C9A
963
D0F
56F
781
073
E30
800
952
578
7FF
4D7
E4F
84E
C4B
0C9
77E
623
EF4
800
B0B
365
7B2
739
F4C
898
92E
E8D
5A9
682
10B
91F
916
EF0
5BA
7FF
222
BC8
8D1
E27
715
7FF
5E2
A24
9DF
EA3
407
74C
310
A92
AC1
800
3D0
7FF
7FF
084
98B
AC1
0D2
362
6D7
EFF
800
806
0F1
65B
784
FB7
800
A78
E0C
59B
554
1A6
800
800
BE5
4D4
7FF
28A
A10
800
C82
3FF
733
3A3
C6A
97C
E8F
32F
5D8
643
D5A
9BC
8F5
EC7
7FF
753
078
B63
947
FDC
7FF
7FF
F03
800
88B
F3C
4F7
7FF
332
C49
800
DB4
62A
70B
287
851
800
E2D
3A1
5DC
534
D7A
800
C15
7E6
6C1
480
D09
800
B75
0CE
6C9
614
A2F
934
99D
EB3
626
467
029
9C1
A7B
02F
74D
7FF
EED
B55
800
FCC
4AA
565
28C
9A1
800
DCC
6C3
4CF
2A0
800
BCD
B43
428
7FF
27B
EB6
83E
B73
3EE
6A7
7E4
C42
800
CF8
F5F
70B
770
B33
800
982
065
5A5
7FF
F95
96C
990
0CB
7FF
7CD
319
AB4
800
D91
453
7FF
26E
A6F
800
D7F
54C
7FF
2C4
B32
947
A6B
43E
726
5C2
18E
800
B33
3CE
7FF
324
BB4
8C7
871
0E4
732
7FF
3F2
800
800
233
2F5
56D
10B
800
AD4
C9E
63F
7FF
D73
81F
800
D1C
4AD
5FE
298
819
800
D2C
5BC
748
661
B6C
927
B64
28B
7FF
559
EFF
B17
800
4AE
78D
641
D58
800
A96
FAA
6AC
6F6
BFA
AF6
9E9
D89
1E7
7FF
F66
944
800
AD1
56C
73B
36C
A11
800
C68
360
7FF
34D
A82
B9E
C3F
2FC
7FF
704
AB1
800
C0D
16D
7FF
2BA
CE1
988
8C8
04D
6AF
7FF
E3A
800
8A6
02B
676
7FF
FCE
977
800
090
7D8
7FF
0C3
98C
BBE
C61
2EA
70E
433
884
83A
B89
65E
6D0
14F
DA9
B4B
AAA
1DD
7FF
27F
F39
800
ECC
F7D
7FF
57F
DA3
80C
B50
00B
7FF
7FF
FD5
958
800
048
4D7
7FF
F2C
851
9BD
E65
594
7FF
24E
87C
ADF
AC9
614
7FF
314
AEE
800
800
6A1
7FF
5C7
B05
B71
D58
50C
7D2
50B
F00
800
A1E
071
609
4E1
F4B
A4B
A71
163
4FB
7F9
082
BC2
814
333
7FF
7E9
0A1
BC7
905
BDE
5AE
7FF
166
D15
90A
066
3D4
7FF
3CE
801
84B
CA2
499
7FF
49F
CE1
885
A66
3B4
72B
5B8
F47
800
A34
D28
6BA
555
F22
800
8BD
F5A
6BA
7FF
FBE
B08
800
0FE
438
7FF
039
99F
828
DE9
2D8
7FF
48E
9F6
800
DCE
51A
783
39A
F18
800
BDA
3A1
7FF
750
C24
800
88B
FF8
5CA
4D0
E06
A10
800
24D
7FF
664
E8B
A9F
800
0FC
658
6AD
FE6
800
8DE
047
766
772
3C9
800
800
CE3
7FF
7FF
0D8
C20
8EC
B12
61C
7FF
567
C45
A8D
C2E
300
752
5B1
E31
800
B78
220
7FF
5FA
00C
9C3
B9D
04B
7FF
4E4
220
B14
941
E89
7FF
383
329
A9B
800
F55
7F1
3D7
2BA
994
8B0
E26
401
75B
294
99B
A0B
814
24F
745
640
C3A
827
B81
1A1
7FF
6A2
DF6
800
9F5
11E
7FF
4E5
F1A
800
800
0F2
7FF
7A2
F66
821
800
04B
5AF
4E7
128
A02
B80
BCD
6E0
7FF
33F
BE2
AA3
A02
2CB
704
0E9
85C
89B
E7B
47C
461
2DC
C85
800
DA0
38D
7FF
4E7
EF9
8E6
93B
14D
7FF
483
FF0
BC4
8D5
1D0
7FF
4D9
EC4
BC8
B4D
F09
608
4B1
28C
CBD
8DE
CDC
57F
680
249
ACA
91C
A3A
71A
7BD
24F
BF7
800
B1B
322
579
3A3
E4F
AB2
B15
3EF
7D0
2A2
D91
A9F
AB1
274
623
383
ED5
846
800
DCA
619
776
095
AEE
800
F27
402
6EC
E53
C4A
800
DBD
70B
6AD
204
A38
857
CCA
7FF
7A3
3D4
CAD
800
E5F
300
42F
4A5
C09
800
E3C
423
7FE
7CA
D12
8B1
A11
581
7FF
66F
C89
82F
800
220
675
3DD
E56
9F5
800
FF0
7FF
7FF
457
8F3
912
CBF
583
7FC
1D2
CCB
ABC
DAE
43B
7BA
1DC
B15
800
E3C
325
771
6ED
A3A
800
B93
1DC
7FF
3F8
D26
800
9FC
412
724
7FF
E8E
800
9BE
1C1
733
6BD
FB5
BC1
917
F61
7FF
5B8
E7A
B1D
884
ED6
618
78F
21A
800
800
E0C
752
5E7
0DB
D42
803
B90
424
7FF
3FD
AAC
AC2
A3B
0E8
73C
665
BF3
839
A6F
273
629
545
D53
8B1
C6B
270
7FF
6D5
004
86C
860
FAF
6CF
639
165
A64
914
E58
7A0
79F
1EF
800
800
0C6
6E0
44C
538
C7C
800
CA2
499
7FF
334
A97
905
CC3
254
7FF
487
D13
800
C28
392
7F1
2CD
058
9BA
954
FD7
5ED
427
CA3
8E6
800
06E
777
69A
10D
AE3
8D9
0A7
61A
6AD
013
800
95D
FA3
7CA
6C7
41D
99E
97F
BF0
7B7
7FF
305
EEC
912
DC0
28B
7FF
7B8
C4E
800
C98
152
7FF
4CE
EA2
94F
AE7
E14
51A
456
080
A1D
866
10E
7FF
6BE
067
935
800
FBB
2AB
7FF
439
B5C
98F
E58
7FF
767
0BA
D9F
800
E42
238
60D
55B
BA6
973
BF8
586
7FF
2EA
E3A
800
B81
215
7FF
62B
E86
800
800
355
7F9
59D
25F
9CB
C2C
0CE
6EF
6FD
E41
A78
8E5
F6B
7FF
7FF
230
A42
B43
D26
63C
5E0
4B5
CE4
800
BB1
5D8
7FF
299
8CC
84A
B51
2C5
6B1
544
DC7
800
8EC
1AF
7FF
435
F9B
828
B72
1D6
7FF
356
079
8B8
AC1
EF6
7FF
7FF
E3A
8B7
8F2
F0C
7FF
78C
220
8FE
B4E
F2C
611
7C7
270
82F
95C
BCF
54A
7FF
20A
AF2
800
CC7
615
7FF
319
C30
800
A39
3E8
7FF
4C5
BB2
8CD
B57
36E
665
5E4
C81
A3B
800
02F
64D
697
0AF
800
B7F
DBA
73B
7B0
0E9
9A8
8E9
F73
642
65B
30E
8E2
9B8
E75
726
665
3CF
825
800
EC9
7C0
79A
335
C7D
800
8D7
4E9
70D
24C
CAE
886
952
0B6
7FF
704
C1E
A2A
9F2
3E5
7FF
799
F50
800
A63
29B
76F
658
3D1
930
851
038
55E
7F8
F59
9E5
AAD
034
4E1
714
29B
ADF
800
CE9
48F
72C
2D5
B48
800
AA2
404
7FF
326
B83
800
AE9
40C
7A4
5DB
FA7
8D2
C4A
4C9
752
417
0B9
A44
B5F
382
4FD
453
055
800
BF3
1B7
7FF
499
FED
B3E
85F
EDD
431
62E
2BF
AE4
800
E88
63E
7A7
232
86F
800
CCD
5F0
572
0BB
A9E
800
E4E
24A
7FF
7BF
F47
AE3
889
029
65F
375
DC2
808
A42
28B
4FF
4FF
FBA
A45
B36
1F4
7FF
7FF
E2F
8D9
800
CC8
51A
5F0
F81
AB1
A40
1CE
7FF
7FF
429
873
800
DEF
361
7FF
1E3
CAF
800
E33
3D4
7FF
46C
D89
9C7
B35
3DD
7FF
53C
D65
800
9B8
2E6
71A
633
159
966
C3B
445
698
744
F3D
B0C
BB4
04B
709
4D6
E76
836
800
019
5EC
62C
0C4
A37
875
F3C
5BD
7D6
471
900
9DF
1A5
3ED
7FF
4D4
8E2
800
B8F
150
7FF
29F
ECF
A98
A18
2D1
3FB
611
DD5
800
8E1
3AA
7FF
7CE
D9F
91C
BB9
FD9
700
622
106
8AD
800
EC1
7FF
7FF
F4A
95D
800
FC3
7FF
7FF
237
882
800
D0C
35D
716
40C
884
932
BA9
43A
701
0B2
C53
800
8FB
48B
7FF
7FF
B70
800
B85
256
7FF
5D0
DD5
C11
886
1D3
7ED
4A2
247
817
87D
E23
7FF
70C
ED6
A92
B0D
0C9
573
664
009
BD1
AE6
0F5
7FF
5D8
1A6
800
AC5
D7F
59E
7FF
190
ABB
823
D2B
47C
7FF
389
BFE
917
BB4
1DE
7FF
4B7
ADC
800
C9D
171
785
47B
B95
800
A38
17F
715
7FA
FF1
ACE
B62
26E
685
65C
D91
946
800
03E
6E7
7FF
276
91A
800
BDB
693
7FF
1C3
8A9
800
BF8
5D1
78D
25B
E61
997
E24
39B
7FF
6C4
C1F
8B4
AB4
390
7FF
499
CF8
AA4
9CD
18D
7FF
574
D44
800
C1B
254
7B1
55E
D7D
800
A0A
184
5B5
6D8
D34
818
83E
DBB
6F8
602
FBE
8D5
864
DD1
669
590
51D
B70
800
D39
4F1
7FF
318
C2D
800
CEE
468
7D8
4E1
9C9
800
FF2
32C
7FF
4B6
AD2
800
B4A
18E
7FF
75D
F15
800
B2C
46D
7FF
6BC
C14
800
AB0
18A
6D5
70B
E96
98C
800
07D
75D
695
25C
800
90F
F52
70E
7FF
2BE
B4F
8A4
BF0
56A
6B2
2A7
BFB
800
C33
23F
7FF
539
BA5
800
A95
3AA
740
09F
E71
800
96D
3EC
76F
2CE
CAA
840
8C6
385
787
542
DF2
B0E
800
116
7FF
47C
014
800
840
ECB
4D4
521
1FC
AAD
8D1
E7A
4C0
529
F6E
D29
800
E34
48D
66D
445
982
AF0
B3F
0E9
65A
15F
C9D
800
A16
338
7CA
350
D11
800
B41
1CD
7FF
25F
C99
800
8F7
329
774
708
E80
800
920
E0E
415
7FF
DC4
8DC
800
10F
774
7FF
05A
800
BDE
BBC
4B8
7FF
0D9
B13
95B
C90
6F3
727
08A
C21
9C7
DF6
4AF
5C7
423
C22
800
BCA
4C7
74D
4DC
C6C
893
B99
3C6
7FF
6EE
FD6
9C9
987
1D0
670
70C
E5F
A62
870
2AC
7FF
39C
277
9C8
A43
06D
776
749
E76
800
800
36C
7C0
7FF
11A
BB5
9B1
CE2
70D
7FF
007
B74
800
CCB
3D7
7FF
525
CF8
9F9
C00
367
7FF
532
C8E
94B
8AE
3E1
7FF
613
BD6
800
CAB
2E4
702
678
B07
812
A07
11D
71B
5C4
064
98A
AB1
143
554
7FF
C6D
A8F
96C
E1F
706
7FF
F91
A88
826
D74
6FD
7FF
200
BBE
A14
D9B
456
7FF
209
9CE
863
B1C
7D9
7FF
3F1
BD4
800
DC4
3F8
6D8
3DF
DC4
9C1
AEE
24A
77B
742
A77
83C
BAF
EA1
7FF
749
AA7
800
894
E59
752
798
186
CF8
C0F
EF6
5C4
7E2
086
ACB
83D
E1C
6DC
4DE
14D
B56
A19
D34
66E
7FF
263
923
800
B2B
5C5
7FF
48B
BFF
800
BB8
40B
5E9
49D
DF5
800
B58
42E
72E
47C
F7D
800
AC6
705
591
463
BFC
800
C32
131
767
739
E90
A7B
A09
031
55C
61F
DA9
800
800
F53
66E
63B
FA9
AC0
83F
0F6
64C
7FF
2B1
B4B
8EC
098
7FF
7FF
27E
A3B
A9E
FBB
390
3EB
1BD
E5E
800
C64
374
7B5
446
91A
800
CF7
2E9
78E
101
D40
8B4
BED
2F2
732
72A
D62
8C9
80C
F7C
7FF
4DD
02E
800
827
0AE
348
5C3
2AD
800
CF3
E9E
5BC
5FC
F53
9B9
83E
FD9
52C
789
000
A94
AE2
C6E
166
6EB
ED6
8BE
98F
A1A
502
7FF
561
C70
800
CB4
453
7FF
531
C17
96D
AB4
529
7FF
4FF
F67
800
ABE
229
6DE
7FF
081
A98
814
254
7FF
7FF
02D
800
800
F81
6A7
75F
14A
8A5
800
EB1
448
54E
3A8
A05
A81
DB9
5F7
7FF
141
DA3
800
BC3
391
6A3
173
D14
800
057
3F9
7FF
2D3
CAC
800
A52
22D
7E1
60F
C7F
800
800
264
51E
731
149
800
D2D
1F6
5A3
3A5
F5F
800
88A
160
755
6C3
198
A6E
800
1FA
71F
77F
20A
866
800
231
6EF
670
F7C
DD6
800
D91
2D8
64F
199
D63
800
D57
4A6
699
31E
A4E
957
A50
254
714
394
AFC
803
B78
201
61D
7E8
F37
898
8F3
2AA
7FF
2E3
C39
800
B5B
171
4CC
7FF
A6F
A35
BF2
1D6
5B9
77E
14D
800
800
1AA
451
751
FBB
986
800
E08
639
739
302
D0F
800
E4F
56D
741
364
883
AC1
DA5
1A4
79E
3F3
9BE
B85
AE3
1D5
7FF
2F1
C63
84E
CE7
2A8
7FF
39B
B9B
913
AB1
0AD
7FF
7B8
E79
8E0
800
319
7FF
7B1
C32
B85
D3D
15C
7FF
7FF
101
800
A44
27A
5C1
6D8
2E6
A66
800
23F
490
7FF
F32
B77
9F6
BE3
28B
644
298
A03
800
EAF
619
43C
522
C38
AE2
A3B
38C
6A6
4F9
A7A
96B
A2D
417
72F
350
9C5
800
A57
33A
4E3
68F
FE3
A0D
B5F
135
3B8
64F
046
932
9E6
EF4
7FF
7FF
250
835
B17
F2D
659
66F
F49
AC6
BB4
D51
3D3
735
228
95C
80D
1CF
545
6DF
22E
A2A
800
E39
5ED
7FF
18F
BA4
800
D92
538
342
210
C99
800
BD4
481
7FF
218
CF9
9B2
D19
49D
7FF
413
C97
800
9FB
0E0
716
64B
F8D
AC1
96C
D80
50B
32F
1C9
800
C3D
E08
7FF
5A9
316
80B
800
EDD
642
6A7
107
9FE
800
C8C
364
7FF
3B9
A5A
A0F
BFB
52F
7FF
4CB
DC2
981
C81
610
42B
4D5
CEE
800
BBA
257
7FF
567
DAF
8C9
800
3E3
7FF
5CB
E1D
8E5
A27
097
7FF
599
E8D
84E
800
11D
7FB
709
FC0
9F5
C3D
CFD
3CD
757
0E2
A42
AE8
182
680
708
F93
909
A71
05E
68D
7FF
536
BAF
8AC
CFF
575
7FF
12A
8C3
8A6
C22
604
68D
18A
A65
800
A32
29E
7FF
2D7
BD1
800
CDD
398
56A
648
B85
800
C4E
353
7EE
521
E8F
800
800
043
7FF
711
D64
9B6
C90
F88
480
611
00B
A3F
800
ED4
7AB
7FF
060
A69
800
C94
66A
7FF
FDC
99B
800
F67
53B
7FF
0CA
99D
800
A63
703
7FA
48D
B3B
800
E5C
623
7FF
545
A9E
800
F5C
533
7C9
77B
D08
898
C7A
3A6
7FF
7FF
904
96F
A95
F26
68F
342
F22
800
800
E2A
77C
3B8
EEF
864
B93
0CA
7FF
7FF
09B
800
912
CBF
7C1
729
122
9F5
800
C68
7FF
7FF
121
8F5
800
E6C
4EA
672
2D2
B46
960
D81
3B0
7FF
297
C0A
966
AF4
7F8
716
757
C40
8DF
D86
519
63D
399
D3B
CFE
D31
4A9
6D1
6F8
EDC
955
C18
1EC
584
465
2AA
800
861
4D3
61C
38E
F39
8F8
A7D
26D
7FF
65F
05E
A5D
AF5
025
5AB
460
299
D92
800
0FB
44E
5FB
044
951
8BC
EC4
4E9
7FF
594
9D2
800
DAC
631
7FF
352
915
8F4
DA3
309
7FF
537
BBB
800
9BA
42A
6E0
63D
EDF
A04
B0C
1A1
769
7A5
E0E
B13
977
EAA
66D
6F3
E39
95E
A29
FB9
7FF
7FF
FF6
A7E
88D
06D
765
798
14C
885
B66
E6E
781
548
250
AFC
942
EED
4B2
73E
392
9BA
98F
E72
7FF
7FF
2D1
B96
800
E2E
4AE
7FF
6B2
E25
94F
CA8
5B7
7FF
304
BFA
800
C6B
4C2
769
671
9F2
800
B23
11E
7C9
586
FC5
92A
AF5
322
721
65B
CA2
A41
9C3
40A
6D9
7FF
F3D
8E7
BBB
31B
7FF
6A9
E10
F5F
853
D56
715
6E9
05F
800
901
E47
4E7
63C
291
A8D
9A0
DC5
525
7FF
1C2
C87
800
D61
3E5
7FF
53C
95D
83D
E15
3CE
7FF
431
C2F
800
BD2
293
7FF
33A
B4B
800
B54
FCB
79E
59A
C99
874
800
267
78E
7B2
E53
838
CF7
F29
586
7FF
D93
82A
996
097
7FF
32B
1AC
8CC
800
FED
702
3C4
14C
942
9A2
F41
567
7FC
2E5
99F
877
0D7
429
5ED
563
93C
800
D9B
4A9
7FF
0E5
91B
800
E57
397
7FD
5A2
B8A
800
EB4
536
7FF
2FF
AD7
934
A00
2C1
5C7
659
DAE
800
B38
2E1
7FF
51E
A53
800
C0B
E41
685
53D
B43
AC2
CB5
335
7FF
721
06B
800
CD3
E69
5A5
62A
101
CD7
800
F66
75B
7FF
083
800
800
E1A
509
605
360
BD5
A4B
C7B
7FF
764
337
DF2
800
E56
629
7E4
556
828
8BA
ED8
46A
7FF
336
D9F
9A1
BE1
2D4
574
445
EE7
B5E
960
465
68D
738
A92
800
800
136
5F9
567
DCC
800
800
0A4
7FF
416
F2F
9D0
B48
10A
5CF
7C5
EAF
800
A89
F28
49D
729
091
9C3
B2B
111
7FF
7FF
449
9A6
800
F87
4C9
6CE
43E
A29
87A
9CC
7FF
7FF
328
A16
800
D79
56D
6AE
63E
C41
A7E
AED
2F3
67D
694
CB5
800
AF3
2B3
7AB
352
C39
800
9F4
297
7FF
456
DEA
8A8
927
62C
3DD
527
EE9
967
800
132
77D
7FF
F7D
B93
800
D62
488
7EB
202
981
A72
E93
63F
7FF
019
913
800
012
7A2
62D
3A1
A1E
A07
D9D
3D6
702
592
BCB
8AA
B95
53D
7F3
201
CBC
800
C45
46F
7FF
346
EC7
800
E4E
036
65A
4A4
A29
800
C09
1AB
4BD
55F
F8D
800
C7F
3F1
3C8
307
E1C
8DA
DBA
E1F
7FF
5DD
097
802
BE9
33D
73D
7FF
F07
800
800
168
6BA
7FF
EBD
805
A4E
E6E
7B5
7FF
287
9F4
800
114
7FF
3A6
203
9F1
9A1
17E
5E9
402
2AD
9CE
800
EC4
439
70E
06E
E2A
800
D74
420
60C
2C0
AD5
87C
F45
3D7
7A6
3C5
EF6
A14
975
169
7FF
645
F32
90E
9B5
144
661
7FF
EE4
800
800
433
64C
640
EA5
800
800
2AA
7FF
4B5
1C4
A33
800
120
69A
7FF
F76
800
B06
1FF
59F
61D
003
B12
AC3
F5F
690
7FF
46D
800
8EA
D7C
79E
7FF
20A
9BD
89A
DAA
65B
7FF
2BF
C69
800
B29
3EE
751
4BE
D5F
904
85F
4AA
7FF
3E6
C39
AAC
C2F
1D6
7FF
40B
C60
800
C80
E4A
6B5
472
F3F
941
AA5
4D6
7FF
530
B07
8E9
C09
FC9
5F6
5BA
E8F
B0C
84C
EDD
6EB
712
1F3
8CD
B5F
E73
7FF
4AA
501
8E0
AA9
098
332
6F9
D86
B6F
83B
E7D
310
7FF
35D
8EE
855
C19
2CB
7FF
2D9
8D4
800
BAD
4ED
7B9
44D
C52
800
B40
5BB
6FC
653
AAE
8E6
ADC
2DE
762
2F5
973
9F9
C0D
4AA
7FF
29F
C02
800
A69
437
6E2
658
EE9
9B6
BBC
268
758
413
EA2
840
A8A
1C3
600
716
0F4
9C3
800
EFC
79D
55D
105
800
ABC
D7E
62B
6B1
F0B
A1E
B11
F61
6A4
7FF
FC2
B7E
93F
D8A
4E8
762
353
976
B9C
D11
45E
62E
1E1
BDC
800
A89
514
7FF
20E
A87
800
AD6
767
7FF
611
B26
80A
CAB
1FB
7FF
41A
C0B
AFB
B88
501
3FA
74E
C2D
8D9
8F7
245
511
31D
D0B
857
88E
3BF
7FF
7FF
FC7
800
800
F50
793
5E9
F1C
800
BEE
13E
3BD
622
19B
C38
800
FF3
708
74B
F1C
B51
8AC
D28
7B8
63B
F11
941
A82
FCD
4B6
6CA
482
BBE
AA7
CA8
50C
7FF
2DD
A74
847
D01
4AB
56C
118
B48
800
ED2
059
741
3AA
AB8
800
AB1
20F
725
7FF
D9E
800
C4E
142
716
417
D6D
96D
C31
0FE
553
3E7
BF9
AC1
9A5
3A5
7A8
4A1
ECD
B67
8EE
EA3
7FF
7FF
FB0
81D
B03
FB5
7FF
7FF
EDA
800
912
CBF
67F
58B
476
B3B
8E1
CBA
531
6AF
32E
A95
A6F
C25
6B2
7FF
1B4
9C6
800
D54
47F
7FF
412
800
891
9EB
4A0
7FF
38A
B6D
800
994
1C9
5F6
4BF
C7B
BE6
979
2AC
726
5F0
88A
800
8DD
2FA
7FF
6CC
E7F
800
9C3
2A1
69D
387
E17
A01
9C5
2F6
7FF
7FF
CA2
86B
847
0EF
733
7FF
EA2
8BB
A54
20B
42E
6E0
062
937
997
26C
7DE
5D1
0E1
AE3
800
D94
4D0
708
FDB
9CE
8D2
F41
743
7FF
0E8
B0C
800
D5E
535
64E
131
DA7
803
B6D
41D
7FF
63B
E5B
800
B1D
67C
7FF
2F1
93E
A98
C20
2E5
7FF
31C
B7C
A70
B42
23D
631
362
B94
800
800
510
79F
5C2
FC9
8D1
800
0C4
7FF
7FF
FCA
800
800
1C6
7FF
5C8
F63
B58
875
074
7FF
795
0A8
ABD
8CC
F25
4A7
609
E85
800
800
11F
4EF
6AB
0BE
A29
829
FC7
7E4
53A
169
AA1
800
FB7
3F0
7FF
38B
800
800
ECD
258
77F
044
90D
800
CD7
22B
7FF
38A
B86
85C
D4D
115
7FF
3B6
9D7
86D
D4E
015
7FF
538
A40
800
EF3
295
7FF
7FF
D79
929
9B0
1E1
7DD
57E
C92
931
AD0
E5B
69B
4A3
EBA
B5A
800
ED8
7FF
7FB
DEF
800
859
FEC
7DD
44E
EF2
A76
A24
0CA
7FF
7FF
F81
B7E
800
C5A
6FF
7AB
FE1
BB8
996
EE3
55E
759
E5B
9DC
800
D8C
44E
782
482
A7D
993
F42
7FF
7FF
030
907
800
B37
5C1
73F
39D
CB6
CF2
D79
2D4
630
2F7
C81
906
98A
400
63B
3DC
DE9
800
C22
1FD
76E
69D
DD1
A45
C9A
234
7FF
7FF
D37
802
A51
3F2
7FF
7FF
03D
800
A23
207
7BB
581
E3E
AE3
957
566
524
728
0CD
800
936
046
7FF
607
F60
980
800
EBC
4F1
6CC
093
800
8EA
CB6
511
758
2F4
876
AE7
B15
3F3
7FF
F00
9DE
904
D49
690
7FF
1F8
A3B
800
CFA
5DA
791
1DF
9C5
8FD
C67
48D
6A4
00A
E0A
9A8
DCC
225
755
776
AA8
800
B50
3F6
7E9
30D
EDF
800
800
3D1
77F
5CD
F93
ADF
95E
22A
7FF
5B1
BF1
88F
A0A
F2E
7FF
4E8
D87
885
B27
1FB
7FF
4C4
08D
800
CFF
2A1
6DA
5F0
0AD
858
983
F7E
62B
7FF
108
800
B1A
EF8
707
699
00D
A81
8C1
D69
58B
731
13B
807
800
18C
42F
3D1
117
90D
800
E12
602
7FF
380
A55
838
C98
3FB
7FF
4B4
F02
80C
C86
52B
7FF
2BC
C98
847
B6B
3A2
7FF
5D1
E03
8DD
A8B
FE5
7FF
70D
8A2
800
C44
25B
63B
2E2
BFF
9EA
82C
0E9
7FF
7FF
014
8F4
CCF
1C0
7FF
6C5
E59
853
9D4
196
298
60F
ECB
808
D3B
273
7FF
64D
FF8
800
800
F77
7CB
7FF
419
C13
800
E92
779
6E2
158
E09
800
177
627
7FF
12C
B3F
800
C83
528
5D1
248
9AD
BC3
D20
3FB
7FF
470
D16
89A
CA8
5EE
737
2CF
BAA
AB6
BAB
3AE
7FF
2F2
9DB
800
800
280
5A7
530
9E1
800
ADB
1AF
556
4D1
DD5
8BF
A15
232
7FF
3EF
FDE
98B
B34
51D
665
46D
F1B
A46
A3D
1B7
7FF
7FF
B5B
800
800
141
768
5C6
F52
800
95B
E4C
689
6BB
E86
9BC
BAD
D71
65B
5E3
105
A8D
A37
0B3
462
7FF
FEC
800
800
CC0
39C
7FF
3BA
B3B
800
E51
583
7B7
203
E16
800
D03
4E9
7E1
1F6
C0D
850
BF1
13E
59D
2D8
954
834
CAF
351
79E
5FC
B84
800
F2E
7FF
780
2CD
FFE
A5C
C1A
379
7FF
13E
E05
B3B
A38
4A3
71A
1B7
E77
800
8BF
F4E
7FF
5D4
E8A
800
C5C
FA0
7FF
4AC
127
800
B0E
1C9
642
70C
153
A51
9CE
ECC
7FF
7B8
F16
B3C
AAE
D16
54D
78A
F72
964
B23
041
7AD
7C6
0E0
800
97D
E41
65C
7FF
EED
800
800
CCB
459
675
17D
A3F
892
D79
346
5FF
1E2
D0B
800
D27
3A3
7B5
3C6
886
800
D9A
411
7FF
083
B8D
800
C4A
480
3AF
33F
B70
94A
CC7
483
712
4A4
CF4
800
D6F
0D0
728
57B
D7C
800
B1C
567
7D3
4E3
C1A
800
A88
32B
6AD
6BC
F25
844
9E0
21B
77E
7AB
160
800
99A
030
688
68B
F51
8B9
BE1
06B
745
719
BE4
83D
800
209
456
7FF
227
A26
BBB
017
2F4
70D
0D4
B00
800
0AD
595
690
13D
ABF
800
078
60B
780
FC3
C26
9AB
EB3
470
5F0
2AC
B67
800
AA5
470
6C8
362
9E1
800
E2F
5B4
6ED
42B
A59
90C
B00
67A
7FF
3EC
AE1
800
C20
27A
4E9
578
C69
800
A3D
5D1
68E
46C
B81
891
B01
3F1
7A7
4FF
B81
888
D45
639
623
536
C06
A2A
A5E
387
7FF
6CA
E7E
8F5
C3B
1B1
7FF
7FF
165
800
AFC
059
64B
335
F32
800
BD8
0A3
7FF
517
FDB
800
800
FD6
50B
62F
E0C
83D
A2F
F3A
640
5F7
25E
A48
800
D4A
69E
6AB
111
A61
835
EC4
52B
7FF
4AA
BA7
A64
F54
453
7FF
1EC
A3B
870
D1A
2E5
54A
200
B1F
871
D99
45C
6F5
480
BF2
800
BC8
674
4CE
23E
DB9
800
B62
57E
7DB
556
E3B
800
D1F
050
792
1CA
C27
800
BBF
2F3
7FF
2CB
A58
83C
D64
337
7FF
3DF
FEB
A64
BE9
1F6
761
617
0B5
800
B67
57D
6A6
614
278
9E6
852
234
798
74B
076
8C7
97F
055
7C1
6C3
F49
A0C
A47
014
7E6
7FF
C8D
A7F
9B4
E3D
6A7
7FF
F9C
800
96F
F9D
645
776
1AB
9ED
909
11D
417
636
475
980
935
C84
608
7FF
130
A94
A1B
C23
407
7FF
4AB
D19
9C8
E1D
59B
765
207
800
800
D2A
450
7FF
3D7
940
802
B40
774
68F
384
CE3
B34
BFB
4D9
7E1
35A
B4F
800
CD2
479
74E
397
F53
807
CBB
307
767
41F
BE3
80B
95E
306
7FF
53E
B95
800
A4D
4DB
7FF
2C6
BF5
850
B5E
0BF
7FF
498
F21
8B0
DDE
F6B
630
65B
125
986
800
317
7FF
7FF
E90
910
999
EF1
206
74E
FEC
83A
9C6
E6C
6B2
76E
0EC
800
881
EEE
4DE
7FF
0C5
800
A92
EB2
7FF
5F3
FBF
B73
8F6
DF7
589
7FF
24A
872
800
D96
7FF
7FF
380
800
829
B8C
61D
59F
FA9
988
955
C21
67C
586
652
BC9
835
E01
71B
74D
1B4
DC5
800
ACB
426
7FF
0F1
9D6
800
91D
71A
7D0
42E
E00
800
CE1
42A
7FF
335
F03
A28
9C9
44B
7FF
33F
B90
A2A
C21
072
7F9
2FF
D59
811
9A6
2EA
678
670
C44
800
90E
18C
7FF
597
E2C
AD2
975
2EA
7FF
6A9
E65
800
875
109
45D
69C
03A
98D
CBA
DEC
4DB
7FF
F05
B53
868
EF4
6F7
7FF
FD0
933
800
028
4FC
4BE
299
9D0
800
E35
509
7FF
2A6
A69
800
069
4DB
7FF
01E
989
800
F2F
600
753
12A
971
917
BC1
24B
6AD
5BD
D21
982
C84
4BC
799
4CA
9F2
874
007
375
7FF
16F
C9A
929
DF2
574
7FF
279
D90
800
91D
467
531
4D6
9E9
8BA
9FC
323
7FF
2DF
BCE
80A
A92
29F
7FF
580
C43
800
BE0
229
77A
7FF
EA8
800
A96
35A
7FF
369
FA3
800
933
EDD
7FF
602
E12
800
A29
45C
568
794
E4C
800
800
FF9
711
783
04D
800
A21
0C0
46B
61E
1F0
9F7
800
01D
422
761
E68
908
CD6
E7C
747
798
0FA
980
8FD
F83
6E0
357
08C
81E
8DD
EE3
3E5
7FF
2E5
8CF
800
AF4
611
7FF
E6B
A0D
800
DEF
64E
7D2
264
E6C
800
F2F
46C
7FF
67B
E87
800
F6C
73F
7FF
FA8
CFF
800
9C3
374
7FF
3FA
D14
835
CFD
78A
667
4E3
F0C
800
0E5
616
7FF
4B1
EB8
978
B50
509
686
2C9
BAC
800
C33
4FC
7FF
674
03E
ACE
B78
5BC
7FF
57F
AD3
800
C90
354
778
512
CFB
800
9C6
24D
72D
6AA
CDD
896
98E
076
752
54C
B20
870
B64
FC7
754
5EC
E66
8B0
800
073
71E
6BA
ED1
800
800
E62
604
46B
FD9
C16
861
BC5
7FF
7FF
D71
800
940
E0E
7FF
7FF
E74
885
800
D69
70A
7FF
113
A1D
8D7
FEB
7FF
724
4CC
881
800
C97
7FF
73C
026
A99
800
E49
4A2
750
174
9EC
9CB
B86
3AE
6A1
443
AA3
800
DAF
4E8
672
05C
C29
93C
C21
3CA
587
F7E
9A2
800
CBC
633
7FF
206
D22
800
D82
404
570
640
AE6
A2A
CB3
5EF
7FF
519
D8C
898
AC8
405
704
3C0
C7E
800
D55
231
58C
449
01A
800
B50
399
7FF
2E9
E3A
9D5
800
075
7FF
651
D9C
800
985
180
7FF
50B
108
899
B55
11D
7EE
7FF
C88
800
AC1
F22
6B0
5E4
ECF
800
80B
05D
7FF
7FF
0D9
948
800
12E
7FF
7FF
19A
CA9
892
E0C
7C5
7FF
E6D
C96
A24
F2E
58C
7FF
FBD
B46
8B9
E69
50B
593
0EB
800
964
C48
3BA
7FF
1F2
D4B
829
00A
30C
502
131
B66
8B5
976
55C
599
401
BAF
800
D11
318
781
F4C
8CA
B7A
AE5
3E2
68A
27E
B8E
800
CD8
45D
7FF
33D
81F
D06
CBC
57B
7FF
38C
D4B
BB6
CA9
4DB
7FF
323
DE4
879
C1E
65D
7FF
282
B38
8FC
9E3
2BF
559
0DF
B9D
848
BCE
497
7FF
61D
FCE
954
92F
1F6
71D
416
CB9
800
8BA
221
7FF
6A5
C98
8B6
AF0
F18
7FF
3F1
CF5
855
A10
216
73A
6E0
D64
8C3
BB1
126
53D
74C
E43
97A
B2D
28A
7FF
5A5
D56
AC4
A7E
105
7FF
5C5
297
800
E20
E16
641
6AD
FC4
9A3
800
EFD
47F
7FF
DE0
800
875
F45
451
7FF
EB6
98B
800
E42
7FF
7FF
0D4
BDA
84A
FA2
6AA
7FF
FC9
956
888
FB2
4D3
7FF
106
800
841
F84
478
7FF
14D
B37
800
D5B
4D1
7FF
EDD
CC8
800
B42
574
7FF
3C4
800
801
A73
78E
63D
365
D03
A75
C51
33D
7FF
17F
956
800
CCC
6CF
7FF
1E6
F56
8CE
B6F
453
7FF
43B
974
800
D5A
316
7FF
5A8
A0B
A00
DFF
41A
7FF
4F3
A02
9F1
AEF
34B
668
5C1
EB4
800
874
2C4
68E
5C0
169
937
CA7
484
7FF
38C
D4C
800
A47
514
6AA
659
C90
800
BB7
090
7FF
362
CAF
8A7
C6C
192
7FF
775
D1A
800
9B0
160
695
7FF
C03
800
B6B
32D
7EF
465
017
800
908
F32
463
7C7
1AF
865
A4A
3B6
7FF
73E
347
9BC
AAA
F1F
762
639
EDA
8DF
A46
FE1
7A3
72C
03B
800
ABB
021
7AD
7FF
CDC
800
9AA
138
627
7FF
02F
820
800
994
64D
725
214
AC5
8D7
D8E
7E9
7FF
050
800
91A
C7D
526
7D8
20E
884
960
C51
225
78B
2B3
A1A
83F
9CD
367
6E9
0ED
B00
9F3
D0D
51B
7FF
12C
AD8
830
B08
75C
5CC
58A
CEE
B24
DC6
619
7FF
476
8D9
930
B95
43E
7FF
284
B97
800
A9B
29F
7FF
0BA
804
800
C9D
1D5
677
41A
DBE
89F
B11
6E8
7E1
7FF
E17
800
9ED
176
6C8
2C1
F14
800
CA6
3D5
7FF
6BF
D68
997
D34
EF2
673
6B7
DB4
800
A05
147
7FF
5FA
E29
800
BBA
3FC
7BF
3D8
E2D
9EF
837
225
65D
66C
C56
889
800
0F0
7E2
7FF
CC2
800
800
2E9
7FF
6B0
F8E
800
800
14A
63C
54F
293
CF8
800
2C9
5B7
580
0BC
812
A7C
E7E
583
765
11B
8EE
800
0AE
698
6FE
22D
A79
A27
B7C
7FF
78A
188
8EF
800
BE5
6C3
7FF
FEF
CA0
800
E7C
665
51A
1DE
8C7
D1D
EA8
588
62A
F53
8C6
800
DFC
43E
7FF
28F
A2C
B4C
D92
5C2
606
30C
E3E
A0E
D07
4AA
7F8
42F
928
802
D87
59A
79B
09C
B86
A93
ACC
715
669
3BD
C54
96E
F70
606
7FF
504
BA0
800
DC1
26C
5FE
2BE
D62
A02
9A6
7FF
7FF
388
D70
952
FBD
3A4
7FF
3EA
C47
800
DBE
6CE
7FF
58E
E32
800
BBC
6E2
7FF
445
E52
800
AB1
400
7FF
121
C5C
9FA
99E
079
7FF
2F4
FBD
800
BC1
319
7FF
521
C3E
A08
C1D
342
7FF
19F
DFF
800
B5A
078
56F
4E6
C29
800
914
39B
5AC
769
EA5
800
800
26B
73A
7FF
DD6
800
A98
22D
7FF
590
DE7
800
800
0B6
7A0
3FE
FF5
800
B4C
1B7
7FF
322
E1A
94E
800
FF0
6B9
3F1
DE1
800
800
F88
619
7FF
025
8E1
87F
404
6CC
7FF
E0E
800
A6B
260
681
7FF
03A
80C
800
0B4
5CC
77C
134
9A0
916
EE4
6D7
7FF
146
8B1
800
197
778
73B
0C7
80F
800
FA6
66F
4D1
F51
AC9
86B
1E1
7FE
6C8
2AD
C77
B31
01E
7FF
60A
03D
961
830
E36
40C
6F7
188
BCE
916
CE8
7FF
7FF
287
B33
800
DB1
68D
41C
3C0
B2C
800
D57
574
7FF
24C
823
800
DC0
347
7FF
395
971
800
E9E
16A
7FF
4A0
873
9CB
E9B
5CA
7FF
542
BB6
800
C52
762
7FF
577
E4D
82D
E6B
38F
3D4
342
A37
8A2
D11
35B
635
1CD
129
800
DA4
179
473
2BD
DDD
800
DA8
748
7FF
451
DA1
9E4
B03
319
681
3FC
DA1
800
D88
F9B
582
7CA
D84
800
B14
37B
6F9
3F6
E15
800
CA3
210
7FF
7FF
F8E
800
AD7
449
7FF
35F
F89
A03
939
12A
7FF
5DF
DB2
800
800
092
71F
590
B88
800
8AC
183
798
654
F8D
9A8
ABC
6AA
465
60D
CF7
85A
800
E35
7CD
601
F66
C19
ADF
110
5AE
625
DFE
800
890
0BE
586
79A
EBD
800
800
0A4
7FF
4D6
1F6
903
96C
F37
7D9
7FF
F2E
98B
983
0A0
78C
559
E5A
800
800
02B
728
75F
D13
8BF
CFB
144
7FF
5ED
F78
A6D
856
F1B
7FF
6D6
DE6
B2D
90E
B74
6E4
6C5
1BD
A67
81E
D97
7FF
60B
D09
800
8C3
CA4
7FF
74D
054
A8F
9FE
092
7FF
54A
3DC
A6B
819
10F
7FF
7FF
01C
AF0
800
E0A
7F3
4EE
F53
D07
9CC
0A3
479
50F
0E3
B8A
8D3
01C
6AD
7FF
0FA
86E
8AC
E3F
57E
7FF
152
93C
800
FD4
5B8
7FA
0EF
C72
800
EB7
3DF
7FF
19A
B67
800
0D7
4A3
7FF
1E7
D24
A8B
CF9
638
7FF
696
AE7
89E
8B1
71D
7E9
4DF
C8C
9A1
F21
20D
7CF
3A4
B40
884
D2F
397
62F
5E4
D76
800
C6C
6A2
7FF
3F2
877
AF4
CFC
478
7FF
4A5
AE6
800
CB4
372
7FF
615
B2D
830
E33
314
7FF
36D
CFF
800
BD2
0FA
6BF
48D
B5F
9D8
C07
672
7FF
64C
D8C
8D0
99E
23A
7FF
6C2
E1B
800
DAA
535
7FF
5FE
D3E
83C
AC8
321
7FF
7C4
F9B
B02
AB1
39B
61B
71D
D89
800
C13
252
7FF
52F
E26
800
8AB
431
7FF
715
E70
800
924
273
7FF
48E
F39
867
003
2BB
7FF
7FF
DF4
C11
800
516
7FF
695
EC6
800
AB4
C7C
7FF
700
DDE
8FF
A28
02B
7AF
7D2
125
800
832
3F0
7FF
7FF
F7E
800
800
0C4
7FF
533
E08
D88
ABC
018
54A
398
026
800
AA6
0DE
5BD
627
168
9CB
800
034
6BC
51F
BC3
A55
95A
166
723
786
19D
8B4
988
D89
486
312
F06
C39
994
EDE
5CD
7FF
FFF
970
953
03C
726
465
025
8F9
916
06B
61A
67D
16F
800
821
08C
5FE
4EC
052
800
906
FE5
7FF
7B2
1B4
A58
8A8
F40
7FF
7FF
FE8
966
A58
D1B
6BC
6F2
2D2
B08
800
10B
6C8
7FF
033
998
800
F97
499
746
27C
820
935
2A8
2B7
7FF
3A0
AF7
86E
00E
767
740
219
A2E
AF2
D40
7FF
7CC
0CD
BED
800
E5E
5A9
786
0B5
976
800
DF0
0B0
72A
48B
A5E
952
DC5
365
6BE
5E3
AB4
83A
D7D
7FF
7FF
360
B07
800
ACD
294
7FF
385
C08
9A0
C3E
2E8
7FF
39E
8C8
800
0F0
664
74C
2D1
B20
800
E84
471
7FF
346
986
A3B
F11
7FF
7FF
4B9
A0E
800
E0B
FBD
7FF
3E4
D55
8C8
E3A
31A
7FF
3AF
9BF
800
CDB
7FF
79D
257
CF1
800
EA4
3CB
6E2
340
858
800
BD1
43C
7FF
3C3
B84
8BA
A89
2F4
7FF
22F
C14
800
87F
313
6A4
6A6
AE1
800
C17
527
68F
42C
FC7
8BB
A2D
0E8
7FF
426
D7B
8A0
B47
5E1
7A4
743
B13
9C9
8DB
2DA
7FF
212
A53
904
A3A
6C2
689
6A3
E8B
800
A1A
2F1
7BE
5B9
C13
800
B02
2F1
7FF
4EA
E71
9C6
C06
364
7FF
618
AA0
A4F
BB0
0FD
455
546
B53
85E
CD3
1CA
72A
322
E99
800
C11
3B3
66D
5EB
B19
945
A14
64C
7BF
53A
C73
9E8
853
1EC
7F5
50B
B9C
B8F
989
252
524
620
CFC
971
A87
203
7FF
4ED
F00
9AF
C2B
2E7
586
35B
FD8
8F4
A60
053
7FF
7FF
D5E
849
94F
18D
3BA
570
F6C
86A
A7D
19F
7FF
282
E08
800
BC5
F0F
634
704
01D
85D
B4A
011
7F5
7B7
E1A
9DF
A88
1B4
7FF
5F8
DBE
800
CA3
EC8
7FF
3E8
D55
902
878
352
622
777
F6D
800
800
2C0
51C
4B2
E51
91A
8DC
03A
6C8
7FF
163
A8F
851
398
5D6
73E
FDD
800
BFC
D7E
5EC
7FF
047
800
800
2BF
7FF
771
0A3
946
800
0E4
7FF
7FF
14E
8E0
878
F6E
7FF
633
F6C
801
8B5
F43
7FF
7FF
F13
898
AB0
F73
7BC
7FF
FC3
B3E
926
FAA
58E
650
24E
813
8D7
F02
670
7FF
3EE
B34
800
1EB
7FF
7FF
125
A9A
97B
BEA
66E
7FF
FAF
800
9EC
E26
6AF
6FF
E1A
960
982
F1A
61D
7D8
1FB
800
996
0C8
582
728
47A
A3A
AA3
E7F
520
7FF
0F0
ACE
AA9
F5A
4B2
704
EEF
A57
800
1B8
627
652
264
9A6
982
CDC
61B
616
FF1
858
800
F51
7FF
7FF
FF5
800
BF9
D6F
68F
59D
F16
8E0
8F3
277
481
7FF
232
A04
800
E98
7D9
4CE
F94
B20
B9F
A7E
4F5
717
2D2
B23
912
CF3
6A2
7FF
2EA
BC5
978
017
598
7D9
0FE
800
800
E1E
2DD
459
371
B34
AAD
1CA
7B8
7F6
2C4
8A8
87F
E33
7FF
703
137
C30
972
EBA
2B8
454
204
FAC
800
E36
595
5AF
0BE
8F2
988
ED2
7FF
7FF
272
800
A52
376
586
7D9
2A5
8B8
9FF
F1D
758
7FF
02F
C2C
A99
E81
46B
6B1
083
93D
800
0E9
7FF
5D4
0D4
A1F
98D
EA2
65F
5B5
123
BEE
A00
DC7
375
7FF
157
92C
957
D3A
5E9
51C
0AB
B99
92C
F8E
42F
77A
25C
C32
868
DEC
747
7FF
447
A10
800
BA4
5C7
58D
26A
B7C
800
AE2
1CB
510
2A9
BD0
A14
D94
54D
7FF
043
A5A
947
EC7
664
784
08C
88E
800
A90
668
7FF
422
99B
A8D
E19
383
623
43F
A46
800
D1A
6B9
7FF
50F
A02
800
ECB
499
7FF
136
937
8DB
C89
39B
7D8
6AB
D11
950
F10
71D
4C1
5F5
AA0
800
A83
5BB
7FF
53F
800
800
B99
3D0
7FF
45B
BBF
849
F8C
7FF
7FF
343
9D5
979
DC4
264
7FF
52E
800
800
DDA
4E6
68C
2C9
D28
CEC
D2E
403
566
433
D7A
800
AA6
33B
7FF
2F3
D36
88D
DCC
38C
5B0
410
D7A
800
E18
5EF
7FF
277
97A
800
CFB
643
7FF
7FF
92B
92C
D15
422
708
329
B97
AC0
0C5
3E5
589
09D
B11
A30
BEF
3E0
7FF
09D
DE6
880
B2B
5E6
7FF
203
D06
929
C84
497
7FF
193
AC7
A45
E26
280
7FF
69E
964
906
C08
4D8
4F5
08B
C86
892
AB6
473
7FF
3C4
BDB
978
D87
4DA
73F
332
B0C
800
BFE
31F
65C
753
C43
800
EA3
535
7FF
4BC
982
A56
D41
41E
742
21D
C89
800
A91
56F
7FF
40E
C57
97C
AD2
337
7F7
36C
E29
800
BC6
5D8
7FF
231
05B
8F1
D33
58C
7E3
177
BB7
988
B2F
1FF
7FF
32B
BC7
800
E05
1DC
792
311
BF0
800
E0F
519
7FF
558
CF9
912
C11
272
677
6E3
AD7
903
B5C
456
759
4BE
981
800
B68
3BD
767
53E
AEF
842
B90
2EE
7FF
013
B1D
800
C1F
50A
740
506
D4C
800
D36
6E7
75B
6FB
DDB
881
9A7
415
7FF
2EB
C5B
800
970
4C1
7FF
1E2
CF5
800
AA6
1A9
7FF
21E
BF4
800
D69
7FF
5D9
1DF
E0B
800
B11
346
7FF
53C
A91
8AF
E2B
30F
7FF
39B
B83
A63
93B
2A5
7CD
447
BAE
800
CD7
291
7FF
4DE
D51
AE9
BCF
50E
7FF
7F3
AF8
A4F
CBA
39D
6A1
43F
AC1
800
CD8
3F0
59C
1EB
ACE
800
C50
50F
70B
56C
D15
989
B50
062
7FF
3BC
CFE
800
AA8
2F0
7FA
4DB
C7E
953
BD6
754
7FF
0BE
A05
800
C55
6CE
411
3A1
9FE
800
A21
2B7
77D
0B2
BA9
95D
C17
292
786
519
A0D
800
AE0
376
674
4FE
C34
800
8A2
3E4
7FF
64F
EAE
800
800
581
76E
2DC
B92
A04
DA5
471
78B
35E
C50
88A
9EA
443
5B1
44C
B36
800
D6B
3D0
7FF
491
C2D
800
B0D
6C3
5A5
272
D41
800
ACC
4EA
7FF
4C6
BD9
800
B77
278
7FF
317
819
800
8D7
29D
572
534
96F
800
A1A
464
7FF
39C
C60
8FE
CC4
212
691
4D0
CE7
800
85F
4FE
7FF
2C2
9C5
800
A20
5A1
7FF
209
D96
800
E40
48F
7FF
3A8
927
800
B4D
49A
48B
6ED
C9A
99B
A3C
402
7FF
26E
AB4
D19
A23
5E8
6AF
147
B87
852
9F2
251
7FF
2B3
A7F
800
AD0
61F
7FF
6B0
DF1
B2B
AE6
48B
59C
1D8
DE7
800
D1B
6F8
7FF
21A
AA4
800
B97
4A5
55F
452
A33
800
E9D
596
7FF
4EC
C49
873
E5F
32D
7FF
123
A8D
800
9C0
5DE
7BE
454
90F
800
B60
539
7FF
5B8
C83
800
C68
61B
777
4D8
D99
9B5
EF6
5A9
64A
1BE
975
986
D26
682
606
340
C1D
800
04A
355
7FF
032
A9D
813
E74
4D3
7FF
080
C8C
9BA
B8B
2EE
63F
213
B84
800
B0C
4B2
7FF
26C
B70
800
D39
551
5F7
409
A57
948
DDE
7FF
7FF
057
E5F
920
B99
507
5E4
0EF
DA6
87A
BFD
64D
7FF
190
B7E
813
BE7
147
7FF
196
AD0
800
B39
46F
49B
164
834
98B
A23
53C
515
237
CAC
894
D1E
4C3
7FF
1A9
826
800
CDF
7FF
746
49B
BC2
ACB
C3E
647
680
123
908
A3F
F7B
2CE
6BA
0B5
9BC
800
D24
734
7FF
3C9
B41
85D
D3E
748
7FF
57A
A86
8C8
ED5
5D7
7FF
2CF
A98
800
0B7
69A
79F
296
9EA
A57
F67
4E9
7FF
16C
AEB
9A3
17F
41D
6C0
19E
A12
AE4
AEE
577
61F
E66
B8A
895
019
555
7FF
0B7
9EF
800
C70
5FA
7FF
0CB
B54
800
E7E
75A
7FF
0E4
9D9
800
CD5
6BB
5E9
0F0
9DB
8AD
FEF
38F
558
C52
A4E
800
DC0
5F7
7F9
387
800
800
FBC
2DF
699
315
A21
9BF
202
7FF
7FF
357
9FE
800
F08
638
5EF
15A
800
B61
A2F
6F9
764
142
991
A71
0AD
660
4F3
1F6
800
800
F0C
5FE
7FF
F9F
888
A05
FFE
744
7AD
11E
C62
824
ED2
73D
54E
D93
800
92B
FDA
7FF
690
0E4
800
800
D58
589
7FF
01B
800
80E
0CF
654
7FF
FA9
993
800
178
70B
7B4
0DA
B17
800
011
7FF
7BA
09C
B2B
B3A
F38
728
7FF
2CA
C4D
A4F
098
6EF
5DA
FA4
A37
800
E71
7FF
690
069
800
B3D
FCE
654
5F2
00F
B25
84C
1AC
709
7FF
E22
994
AB7
057
71C
737
F87
800
A5B
1A5
737
6EB
E6A
BCB
800
2AE
69C
40E
F59
9AC
AE7
F43
7FF
7FF
0A3
800
90A
1D9
6ED
6B5
CC5
9CF
B74
2A6
65D
6D0
F01
800
800
211
7FF
53C
22E
B33
97E
204
7FA
52B
F8B
938
A1B
2C8
7FF
58B
0EE
8CC
A0E
F8E
710
7FF
D50
8A9
95F
1F1
661
5E8
E1C
8CB
945
FC0
7FF
5DE
F10
A1F
9BE
0CE
678
7FF
FF1
BA1
C7E
EF1
4AC
510
BB2
800
A8A
2E3
7FF
4BD
A4D
800
800
221
6AD
4AD
C56
800
918
04C
7FF
595
FAB
800
B22
20A
7FF
737
C09
800
862
590
7FF
5F4
F07
800
8C0
409
7FF
4A9
EB7
A17
A1F
117
7FF
3F9
04A
8BC
A8D
1FE
677
725
D9B
800
ECA
39E
79A
1B9
10A
9C7
A31
1AD
645
2C4
CEB
800
D0B
21E
7FF
6A0
E2B
800
800
6FD
7E6
5D3
E09
800
B93
F65
550
600
E7E
800
D48
3B7
7FF
3A3
AD8
800
BCA
6C4
784
3A8
B2C
800
BA0
2D6
7FF
243
E76
882
C77
4D1
7D2
4BB
BB9
800
EA9
4C0
7FF
3EB
A95
800
E45
352
5DD
563
D5F
976
BCE
674
7FF
370
C60
800
E0E
3E9
795
077
B8C
800
C89
3DB
7FF
4EF
AF0
8FD
BE7
6F2
7EB
58B
A94
800
CA2
1B9
753
513
AE5
A67
E14
59F
5C2
2EE
E93
800
A91
4BA
7FF
059
D8C
800
ECA
523
751
495
D10
800
DCE
59D
793
215
C67
867
C02
409
7FF
71E
990
800
DD4
712
5AF
170
C4B
A0D
FDB
5FF
7FF
37E
817
8B6
CC1
6EE
67F
002
800
A92
D2D
41E
7FF
423
A6A
9F2
056
6AE
7FF
F5D
800
800
BCF
5C0
7C3
291
8CD
800
C16
7FF
694
189
961
800
FF3
327
624
E31
9C3
800
E11
48A
7CC
2D2
ABA
800
02F
59A
677
139
9E3
8BA
F09
68B
72F
211
800
965
EDC
7DF
5C7
FDC
800
A43
E89
6BD
7FF
131
884
800
002
4C1
7FF
1BD
800
AFF
118
63D
7FF
123
817
814
0AF
7D5
65C
F54
800
8F2
2B1
5DB
7FF
F2D
CD2
C32
EE6
7FF
7FF
E7C
800
A49
02F
490
58F
09E
800
812
198
36F
7FF
DF0
94E
A51
0AE
6C6
3C8
06C
800
B98
FBB
7FF
514
F01
961
8CE
133
7FF
7FF
E02
AAA
800
E44
799
7FF
DC3
87D
85C
508
7FF
7CB
F00
800
9C1
145
782
79F
F32
A0C
9BD
F9D
570
4B5
D4F
88E
9C6
E8C
785
3FF
D3C
9F9
9EB
1AF
757
41E
B93
800
9E2
057
7BB
596
ADD
88B
C49
139
543
785
C7E
800
9DA
299
7FF
3D0
8D7
93F
BE9
313
4DE
38E
F3B
800
AC2
21D
5F8
476
D85
800
B98
35B
7FF
49C
DC9
800
BC6
F0A
7FF
47F
873
800
966
44A
7FF
2D6
BD5
871
C7D
437
7FF
1D8
104
800
D70
2CE
6BB
1C7
DD3
800
BE8
753
7FF
6A7
99C
800
F63
42C
70A
3E5
CCE
96C
B8A
2A3
7FF
43F
BB1
800
C76
16B
7FF
4DF
B11
800
DAF
73C
7FF
2A6
C77
895
D97
564
553
530
800
800
B50
4B3
792
33E
C42
A5A
BEB
68D
7FF
40C
BF7
A3E
C91
3F5
6A3
233
8D9
AB4
FC2
550
561
308
8AA
800
DE9
397
7FF
130
800
848
E7E
5B0
49C
FF6
C61
8E4
F1A
5E4
758
2BC
800
800
12C
6F0
65F
1D4
C29
A26
D58
558
4CB
059
A5B
82A
CE7
2E2
60E
CC4
A07
8A0
D6A
75B
7E1
0DF
A9D
ADD
FBF
5E0
74D
E36
800
86E
ECC
4E1
587
E5A
800
800
DDF
601
7FF
000
95B
99F
DF3
7FF
65A
108
B5C
800
0A4
6D6
7FE
082
C6B
8AF
070
439
7FF
D8F
B79
800
EC7
7FF
7FF
09F
800
A9F
F0B
5DB
4AE
F19
B53
A0D
206
5B4
725
EC2
B1E
BAE
0A8
7A5
474
0BC
95A
A49
3C7
792
4E1
E85
834
A71
425
5CF
72B
CEF
800
8A1
32B
7E0
6DD
B9A
800
9AD
1C7
7FF
615
002
800
A07
FB3
7DC
636
E5E
9CB
956
55C
7FF
43A
C4D
800
D22
0EF
68B
562
BE0
800
9ED
3E5
7FF
5E8
B07
800
B57
3A7
7FF
7FF
DB6
B64
BBA
280
739
4EE
AB6
800
C65
2EC
7FF
5EC
936
800
C40
52D
7DA
448
D17
8B4
C8B
3F5
532
349
C38
83D
B25
60F
678
2F3
9CA
800
EBE
609
7AA
0B8
B61
800
8C7
5E9
643
1A7
D98
800
A77
4CC
5C6
308
A74
8B4
D83
7B7
7FF
54E
BEB
800
D9E
629
7FF
033
93A
9B7
CD2
5F5
7FF
37C
9A9
800
150
51A
797
F9F
800
ABD
D88
4FF
7FF
0CC
A6E
B27
B5B
566
6B9
147
C0D
800
EA2
5D3
7FF
155
BD5
800
F5E
7FF
7FF
136
B53
800
14C
4BF
5A1
165
B44
A8C
E21
63E
5F7
F41
ABA
A1D
F88
7FF
7FF
1A3
A6C
B54
F1A
725
7FF
FC4
800
926
0F3
4AE
760
CEA
8E0
800
1BB
376
51E
F92
800
9D8
E29
4D3
519
D94
83C
B01
3C4
6FC
4BF
E14
802
8B7
348
72D
70C
BF9
8C3
8AC
18C
649
339
DF7
800
AC7
09C
7FF
22B
C68
A53
983
199
598
5A1
C52
800
91D
403
7FF
591
F3E
800
D78
2F3
697
4D7
BC0
800
DEB
255
7FF
546
9E9
C1C
E39
1B3
7FF
684
EE1
800
BB8
4A9
7FF
4E9
D15
8C7
BE7
178
7FF
453
E03
80C
D29
5F9
7C5
3A0
EEE
A13
A0C
36D
668
3D9
C8E
917
EA4
4AA
7FF
476
D6A
800
CC1
729
774
335
A85
800
A65
1D5
67A
46C
C3D
800
BD5
5AB
7FF
333
99F
8E7
D74
75C
7FF
185
8BD
C17
E5F
684
7FF
ED7
BFE
960
E3A
545
7C8
028
B0E
800
F33
599
79B
77F
8D3
947
F14
6E9
582
EAA
822
933
1E2
62E
79A
027
A0F
800
E53
728
7FF
F6B
BB7
9AA
0AD
6FD
7FF
0F4
ADF
8B9
DC3
659
61D
110
880
B8E
FB5
63E
52A
1A0
800
959
DAB
52C
733
F76
AFD
A4E
FC1
7FF
630
FCB
84C
9D6
108
7FF
49D
E6F
800
9CD
DED
7FF
4D4
0F4
8BA
B8D
238
6EF
7FF
FBB
8D8
9F1
41B
71D
7FF
E00
8AD
8E9
FCF
6DF
421
D93
881
C1E
0A6
775
600
F87
800
85C
2B7
60F
5EC
CCE
800
9C2
245
7FF
60C
C1E
800
AA7
2A6
774
3E6
B7F
800
E75
47A
706
7CB
DF2
800
AD8
488
7E8
1B3
A27
800
B50
21B
590
329
94C
800
DBB
4DE
7C2
44C
B62
800
B38
15C
7FF
2A4
C48
800
E1B
0E5
59C
27C
95B
A01
B7E
67C
7FF
1D7
B51
800
D5C
765
6EA
1E8
958
800
E2A
62A
7FF
F94
965
D7A
F2C
494
7FF
085
CB1
800
C75
54B
522
183
95A
89E
EA8
56C
7FF
36B
800
800
110
7FF
68B
F84
AE8
9C8
FD2
541
7FF
E4D
8F3
800
EA6
6EB
643
E8E
800
8CC
2B1
607
780
152
A4A
AEF
FE4
4F2
7FF
081
863
8E3
2FF
7FF
530
E36
ABC
8E5
18D
7FF
41F
F91
800
A64
242
683
543
DBE
8A3
815
388
452
4AF
1BA
942
AD2
6CB
770
70B
D75
800
B42
190
7FF
4F4
F57
800
987
3D8
7D9
3E2
12B
800
A81
413
7FF
657
D67
807
9A6
471
7FF
412
E2C
A2E
A98
534
7FF
44D
DA5
800
B93
591
7FF
13B
DCF
9ED
A61
5BB
703
374
BEE
A52
DD7
226
7FF
F82
827
800
DBA
34F
7FF
23C
C3B
B52
C9E
5C5
7FF
152
800
8FD
D9E
3DD
5EC
303
B13
987
E03
387
7FF
005
A70
9D2
0DC
5E4
7FF
332
8F7
800
C83
7B6
7FF
12B
800
800
05A
71C
6A4
0C2
AD9
800
190
454
7FF
1C6
98C
AE6
03F
689
7FF
0BC
AA4
800
125
7FF
7FF
404
800
8D3
E0D
785
7FF
F1B
9D6
800
12A
605
3BA
D23
800
B2A
00B
7FF
780
D51
9A3
BCD
029
7FF
589
BBE
800
9CA
522
7DB
49D
B08
AEE
A39
1BC
7FF
64B
B0C
978
E56
200
607
426
CA9
B69
A66
4C0
7CF
70C
98D
A8D
9C1
34D
7FF
4B2
B21
800
D19
2A0
7FF
708
C41
81C
B61
79A
7FF
382
BB5
9A7
C3F
560
7FF
1DC
C67
800
D0A
274
75C
54D
BE7
846
949
3E0
7FF
27A
C2D
87F
C7A
48C
7FF
2A0
ABA
97B
153
7FF
79D
54F
9B6
ABE
D51
4CF
6D9
236
AC0
800
C8D
7FF
797
F37
98A
800
E80
791
712
491
ACF
800
0B5
7E6
7FF
367
AEB
8FE
DE6
6D8
4D0
DD9
AD9
B68
F3E
50C
72D
D78
C30
928
FCE
2D5
7ED
1C9
AC8
B9E
CB3
7FF
62D
0E4
800
AAE
2C2
661
601
0C2
8E3
800
EAC
51A
653
D9C
8A9
C08
2B2
5F1
6D1
ECB
A55
CEC
102
7FF
520
E57
800
AE4
258
282
417
C1B
800
C69
3C8
7FF
447
D29
9DC
998
720
7FF
725
DC4
973
9CD
5D7
7FF
5FB
E26
977
A60
458
7FF
556
96A
AAC
CF7
406
62D
7C6
AC5
909
CE8
40B
5E9
567
916
954
02E
399
7FF
396
C6F
800
DA5
56B
710
2AD
AFB
800
CDF
3DC
7FF
347
B81
800
EA2
7FF
45A
1EA
CC0
800
0AE
1F8
790
317
8F7
800
D5F
4B7
7FF
04F
BAA
800
E83
796
6C5
036
8A5
92F
0AC
7FF
7FF
EE1
800
A7E
312
76D
488
100
800
8ED
EF7
771
4CF
0D5
800
820
167
7FF
7FF
D63
805
9AE
0EE
7B8
719
DD2
8F4
995
0DE
637
67F
D0D
800
9F1
483
6D8
7FF
F12
93E
9C3
301
551
7FF
E9A
AE6
E3D
464
7FF
70C
E75
800
936
34E
71C
58A
DBE
800
A27
294
7FF
44F
B19
948
832
602
7FF
3C4
BF2
800
BEB
1E7
7EA
151
E4B
995
CE0
56A
7FF
4F7
800
800
D41
597
7FF
33F
C92
800
B86
426
7FF
188
8BD
800
C17
7FF
7FF
617
A05
800
BD2
697
7EA
3CE
993
800
030
45B
7FF
031
B33
800
EC9
5FB
7FF
E20
800
800
070
7FF
66D
DFD
968
800
DD3
793
61C
F23
800
B2F
D78
7B1
7FF
00A
B6E
8FC
21A
72A
64B
1A5
AB7
E1A
050
75B
66B
00F
800
A81
0A5
52A
69C
92B
800
D8C
190
649
648
DA1
AD5
94B
1A1
794
5CD
A2C
852
CD3
516
7B0
457
C6C
92D
ABC
426
7FF
21A
DA8
A7C
C53
4B5
7FF
5AC
8B4
800
DB9
2F7
6AC
294
D10
800
9F8
431
7FF
472
D5A
A6F
998
54C
7FF
27E
CB7
800
F18
558
7FF
475
96E
CE0
B77
396
7FF
49C
9A9
910
080
4D3
7AF
0E7
9C7
8C0
DBE
60A
7FF
26F
8BF
800
E4B
6F1
4C2
085
800
885
F1C
786
7FF
F59
893
99D
DE3
539
7BB
F0C
95C
A88
172
7B4
7D7
AEF
800
8ED
489
7FF
7FF
D4C
BFB
800
0EC
4DD
7FF
DF9
800
8AF
22C
6A2
5AF
FF9
800
9F4
3BC
7FF
778
F12
9B1
DD9
294
7FF
781
B0C
800
B5F
275
572
4C3
C28
8A9
DB4
F5C
590
4C1
C01
800
C5E
465
7FF
532
ADA
800
DE5
407
7FF
067
B55
9D6
F3E
594
7FF
481
98D
A0C
C91
715
7FF
234
C92
800
D14
404
72F
4CC
9A6
832
DB4
39B
638
124
C0B
A64
FC0
5AC
5C6
0C9
BD4
800
F59
753
7FF
117
98E
A49
078
794
7FF
15D
C38
971
14F
4DD
7FF
E07
8FF
800
C11
719
7FF
1AE
800
8C0
31A
7FF
54B
D3F
800
8E7
EEE
240
408
EED
800
B2C
D80
615
4C3
D4F
800
C6D
131
574
7FF
DB8
800
926
515
7FF
323
D69
941
B45
373
7FF
194
DEF
800
91E
2EA
7FF
558
D54
800
E94
242
6E4
662
E81
81D
C24
486
6F0
473
AB8
800
A3E
337
7B4
158
B4E
99C
F61
6B6
52C
2E5
D85
800
ABB
51F
742
2F2
940
9F8
09D
3CD
538
56F
A6B
A95
CA5
7A6
7E4
105
E3B
A33
BF8
3AA
50D
FE7
8A6
858
234
62C
5D3
ECA
800
851
EAC
432
539
F1A
A9A
84C
2CD
7E6
6D7
CCF
B73
800
11F
600
614
DB7
9BF
A5D
293
7FF
4DB
C02
800
859
3E5
693
669
EBF
8DB
D15
1A5
791
4D3
16E
800
8A6
2CC
7FF
2A3
D43
800
B6B
2B1
5BF
55D
BF0
9FF
CAA
41A
7FF
317
B02
8AF
D21
3B2
61E
4C2
C5A
800
BF3
412
7FF
32A
F43
8A9
E58
5D4
6AE
243
DD1
800
CFB
3BB
6E3
0D5
800
800
EEA
607
54B
F55
C04
800
D10
7FF
7FF
E29
8B8
867
0C2
425
6CE
12C
AA9
800
D6F
682
61C
092
972
800
F5B
76A
3EE
D24
A51
88B
DC9
66B
3A0
D65
800
966
014
7FF
6B6
09A
A58
B08
44A
621
77C
EBD
8C4
A55
2E0
7FF
746
ECB
BDE
88D
0D7
71F
54B
F5B
98B
CF8
5F4
7FF
2B7
D9B
8EE
DEC
767
7FF
4E7
95F
8D9
C6D
066
7FF
71E
E1B
8A0
C36
3FC
7FF
1B5
E4F
A0C
F47
509
7FF
21D
9AF
800
014
596
73D
1C3
800
800
D7C
7FF
7FF
2A5
97E
913
B18
730
7D5
44B
952
AE9
E62
754
7FF
265
9E3
8BB
CA3
66A
7FF
124
800
A08
2BC
39A
508
F60
800
9F2
318
6A0
6D9
D5C
800
9CA
6A0
466
726
DB8
987
B76
F99
6EE
72E
D52
A95
AA4
135
7F2
5E3
E08
800
B30
462
7FF
274
A44
905
B19
4D2
774
57D
E4F
8B5
D1E
592
70A
318
F0B
800
D6D
5F6
7FF
322
CE4
800
BC0
482
704
3BE
800
800
E88
615
7FF
4C2
E05
AFC
E82
62A
6CB
1F6
94E
857
F86
6D9
67B
073
AAE
800
0A0
36F
682
FE1
800
851
0EB
7FF
7FB
1EE
AB6
A6D
1D6
5D1
679
54B
980
805
FE2
721
5D2
EC2
944
BA7
F9B
6CA
7FF
D94
800
92E
E74
7E2
69A
E2F
8ED
B15
163
7FF
3F8
D1C
800
EB9
6B1
762
241
C77
981
C78
557
7FF
564
AD9
9ED
B98
503
7FF
1A0
C85
876
C87
363
7FF
2D1
D85
800
BE2
463
487
3AA
B7D
B09
E92
409
443
13B
AB9
923
D9F
71B
7FF
09A
AA8
800
D4D
66B
756
0E0
874
800
0FA
6DF
7A4
327
A07
97F
3E5
7FF
733
051
A02
D5E
38B
7FF
7FF
112
8AF
A36
1CE
7FF
7F2
212
91D
96D
D2B
6CC
363
0E4
928
8BB
FAD
64A
6BF
D49
8EB
BFE
03A
7FF
45B
DE7
800
D0B
56A
7FF
4FB
CA6
885
C67
24B
661
5A7
B9A
BFB
800
35D
7FF
3E4
BB0
888
B40
473
75A
647
B2B
93B
090
1BD
7FF
2F5
D1F
A43
003
47C
6F3
4AC
C91
800
9B9
7FF
7FF
23F
BE6
800
C1F
631
6B5
009
928
879
286
608
5DD
DE4
90F
C0D
ECF
7FF
74B
25F
A6B
B13
DDD
3EA
642
E64
807
BF1
D6D
7FF
5BC
103
800
800
0D1
710
681
ED3
800
8BA
128
777
7FF
D4D
963
9F8
071
736
26B
DAA
916
D6A
1C7
50E
5E7
D1E
800
E25
203
717
5E7
C29
9CB
DA9
02A
6CB
32C
B9F
800
DE8
42C
76C
2A1
E1A
879
C4C
5CB
7FF
525
971
800
DAE
4DB
615
292
82A
AA1
CFB
3F2
687
393
B3F
9AB
113
7FF
7FF
062
97B
800
C51
555
690
0DB
818
A2B
102
7FF
7FF
2B6
904
B68
0E4
7FF
77A
0ED
800
94D
534
684
5D6
E7C
928
800
D21
7FF
510
071
800
BDF
2C7
7FF
43D
B87
800
B84
16F
7FF
7EA
D5E
BC5
AC5
1E3
6BF
4BD
AF1
800
B3B
30F
666
176
818
8E3
D6C
359
7FF
222
CA0
800
F42
3C0
6FA
44F
B4C
800
F46
5EF
74A
015
B14
800
D00
4C2
7FF
23A
A3A
A76
CBA
715
4A8
215
9E7
9D4
D47
7FF
68E
08B
B4B
8DC
E2B
56F
518
10B
90B
86C
EB6
5E5
616
DB5
A33
80A
E32
7CD
7FF
EE8
BD5
800
F21
7FF
7F9
F52
921
800
31D
526
5C8
CF2
9AB
B3C
2EE
7FF
5E7
C4D
800
800
36B
7FF
2AD
F63
800
B2F
4FE
7FF
16C
CF0
800
B11
5F7
7FF
11A
A27
9FE
DC6
7FF
7FF
352
C3C
BFB
DA1
76F
7FF
0A8
C5D
9C3
E5F
480
6C2
DC7
940
8E3
E72
614
7E0
0BB
ACE
97A
D28
665
7FF
400
98D
886
079
68B
7FF
0BB
8E1
B72
502
639
3D7
D1F
800
B09
0B1
7FF
6CC
B9C
800
CED
109
7FF
68D
D4C
800
E46
37C
7FF
1FF
D43
92E
B3F
4B2
7FF
445
A9D
800
BDD
339
771
718
C2C
8B5
F04
6AB
6B8
546
92C
82E
E7A
7FF
4A4
75C
D47
A86
D52
7FF
779
3EC
B1E
982
D99
543
7FF
F53
CC8
800
FF6
41F
687
04C
933
C05
A97
784
65E
E3B
9B2
960
216
5B6
7FF
E83
800
95E
001
7FF
347
F26
C24
B29
011
684
7FF
DCE
800
A99
033
7FF
756
B59
BD1
B2A
0CC
7FF
65D
F50
800
99F
458
7FF
548
F54
8AB
A5F
FFB
698
428
A3B
800
DD1
27B
7FF
46E
BDE
8AF
D5E
0D5
7FF
4A9
94E
854
FBD
687
5FC
0E0
B17
800
E58
630
7FF
F2E
895
800
E1C
4F1
5AC
1A4
A51
909
EC4
787
606
DD7
981
BC4
FC4
55C
7FF
F4C
800
BBE
0DB
7B5
69A
04C
931
A64
F75
7FF
601
EF4
800
B9F
1F6
72C
6BB
BF8
B03
C3A
453
3A0
43B
BEC
9C4
BD6
518
7A7
3C1
D0C
800
88B
268
623
4D3
C04
88A
AE8
6E4
7FF
2CD
9EE
800
B7A
5FE
740
208
C3E
8D5
FC0
5C5
75B
031
A51
800
FC2
4AD
755
097
AE0
8FA
E9E
634
497
2AA
800
A21
19D
7C2
743
F53
C23
800
FCC
696
687
17C
800
C7F
200
5D3
7FF
F4C
811
9B1
F62
6EE
792
D5E
853
993
237
566
2D8
E7D
800
AED
2EB
7FF
5F0
AE8
800
A62
3C4
725
53A
CBA
800
9D6
375
7FF
3C5
B53
800
EAB
375
655
2DF
C38
800
03D
5BD
7FF
26D
A12
800
F03
6A3
7FF
FD6
835
9B5
EF6
7A6
4EB
EFE
800
997
E6C
4D7
54B
F47
AC4
DC7
E36
761
2DC
EFC
93B
855
362
7FF
5C5
FA1
800
DA4
0C1
70B
497
E72
960
92C
51B
7FF
5B1
A3B
800
B0C
320
732
581
B00
80E
C68
2D6
7FF
4B1
D1F
9B0
CD0
25F
3B7
476
800
800
AB5
243
633
21A
9AD
A8E
C22
7CC
6D7
366
C58
8A9
D0F
516
6E5
F7C
B11
800
E7D
140
794
F9E
B17
987
FCA
673
6F0
169
800
9C9
171
7FF
7FF
D93
8A1
800
F79
766
7FF
E89
802
987
506
6A5
6F3
26A
800
E5B
29E
576
5FA
E6A
8D7
AA7
169
7FC
38D
077
81A
CA6
14D
7FF
4BB
CD9
A7B
973
45C
7FF
298
9B2
800
CD5
698
7FF
23C
A70
800
D32
658
7FF
2B4
D4C
800
F75
536
7C6
25F
B0F
800
E8A
541
7FF
32E
920
985
E80
6D7
6FE
156
8D7
A1E
169
545
421
FE1
B22
A0A
EFD
7FF
5C0
D49
CEF
9C7
37D
7FF
501
F2D
800
CB9
1AE
744
0C7
DD3
B0A
BF2
167
7EC
560
9F5
8E2
8CE
602
6E8
507
C5A
8D3
E56
60A
7FF
34E
C31
979
C36
6A4
7FF
558
9AF
AFC
04B
626
7FF
41A
800
800
D53
545
7FF
13C
96A
800
F19
5E6
73B
02F
800
8B3
E48
485
5CD
D52
863
9E8
FB2
7C2
442
DED
800
90F
E63
60F
773
DB6
98F
944
54E
7FF
14A
E5D
800
AE9
310
7FF
3FC
BAF
800
857
429
7FF
3EF
C3A
800
AC6
078
7FF
34B
AAE
800
B6E
32E
773
533
D04
8CA
F35
485
7FF
2A2
A5A
897
F60
371
7FF
1E9
B4B
A05
EFD
636
7FF
E40
ABF
800
0B9
7FF
6A7
4CE
8F0
800
21C
6E0
637
12E
982
993
0A2
49E
7FF
FBB
842
A2D
20B
7FF
7FF
C35
9CC
CB2
321
7FF
385
F28
800
B87
49F
63D
74A
FD5
8F5
0BF
12E
753
54C
AE9
800
CB3
2A5
7FF
269
94B
800
DEF
576
7FF
248
972
A02
F24
3FF
582
275
AE5
800
EC3
608
7FF
18D
ACC
905
1B2
686
7FF
192
8C7
911
EA6
6CC
7FF
E2D
85E
BC5
189
7FF
66B
F5E
A8D
AC7
2AB
4AA
56C
FEA
800
C71
266
5FA
30C
B1A
800
AC3
499
7FF
420
A20
85F
E16
51D
7FF
525
9D0
800
C98
617
7B8
091
800
970
FD6
447
7FF
469
9FF
89F
F8E
692
61D
067
9AE
800
11E
555
7FF
08D
9AC
A20
C2B
7BE
722
F8E
C98
90E
DFC
643
7FF
12E
9E3
B95
271
7FF
66F
F46
82D
C06
1F8
7FF
399
F68
800
925
50B
4DD
7FF
C62
816
97C
3FC
721
37E
C45
9CA
B30
528
7FF
343
B9F
800
C76
723
6A7
32E
A3C
91A
E3A
490
744
304
825
911
D34
4E3
7FF
0C9
958
82C
0DE
559
681
EDC
AFE
A68
022
647
73E
365
83C
8C5
3DD
63B
7FF
128
800
A33
EF0
4E5
7D3
ED7
973
8FB
0FA
773
5A2
BF8
96C
BEB
397
74A
4FA
D8D
8E0
A53
5BC
7FF
4EB
B84
800
C7D
469
7FF
6A9
D0F
800
B08
610
559
5CD
A7E
800
D57
39E
7FF
250
9A9
B50
F88
7FF
65F
33D
90B
85C
177
6B6
7FF
6C4
854
800
1CE
774
6B7
1F3
9A8
B5B
F3E
7FF
7FF
E43
800
9BA
351
7FF
506
A75
AE7
96F
2D6
7FF
334
0B4
800
CB7
496
7FF
186
AFD
AE7
A76
27E
7FF
4A5
C7B
800
CAE
4F7
7FF
2A3
BE2
800
E3E
5B9
412
503
97C
AA5
E48
7BF
53A
277
9BF
A42
F00
7FF
634
08D
A2F
87A
EE8
7FF
66C
206
82A
B49
057
7FF
58B
00C
A13
9FC
1ED
68D
5BA
EEB
93C
800
706
7FF
3BA
D05
99E
9FC
345
7FF
550
AC6
88D
A12
190
6DD
4C5
9EB
800
A62
57E
635
4F1
D58
9DC
C67
4F7
7FF
557
CBA
800
E54
7FF
7FF
4A7
986
800
CD7
61F
7A5
1E5
994
8CD
F0B
643
7FF
304
935
895
0E6
7FF
644
34A
800
818
E78
70D
7FF
017
A5A
B21
FD5
5D5
53F
D1F
B17
800
2E2
705
1E0
BC6
800
CEA
343
764
5E0
800
B8C
BD7
1DD
7FF
5D1
C77
800
E4F
1C0
7FF
379
AF6
831
EC3
522
7E1
15B
953
800
B4C
41F
5A5
068
910
8BB
048
788
6F7
14F
B18
800
0E4
4FD
7FF
01E
A9F
997
EC8
634
63F
00C
800
800
30E
77E
568
D6B
ADE
994
269
7FF
295
D0A
9F1
83B
0E1
7FF
533
E37
800
B3F
29D
6E2
39F
AC1
95F
C99
170
7FF
24B
CB5
800
EDC
649
7B7
2D9
800
B8A
F9F
590
7FF
2DB
C75
800
D6B
558
705
13A
81A
8F2
08B
71E
7FF
007
979
86D
2BC
78E
5BD
E37
98F
A36
F84
7FF
375
A32
800
936
0FD
7FF
370
05E
800
ACE
508
6F5
49C
B04
800
A9D
489
7EF
447
996
A83
D04
3B7
7FF
442
ACF
9E6
CAC
426
7FF
407
D1A
A7A
DDE
6B3
606
EBE
9D7
800
EF2
7FF
7C0
1DE
B70
800
E17
7FF
667
E4D
944
800
16C
741
76F
E43
800
BA6
F87
6C3
4DA
3E9
8E3
9F3
0DB
5A0
3DF
DE4
800
800
402
6C8
4F6
F8A
8F4
BE6
22B
7FF
5B2
A35
822
B8C
4B9
6C1
451
B45
914
CCC
545
7FF
0AF
A82
8E6
05C
7FF
71D
FFF
A9D
862
E19
4C6
7FF
EE4
852
8E8
059
585
77F
060
800
9C8
E45
4F0
6B8
B29
9B5
902
29E
7FF
4EF
CA8
804
800
0B3
7FF
50E
EB2
800
B6E
500
7FF
528
97D
800
A0D
6D4
7FF
26A
BE9
966
B75
43C
7FF
202
A54
800
AAC
459
628
49E
8F2
94D
FBC
49A
7FF
15E
BAE
800
E58
668
6E7
08C
9A5
A60
F14
562
6D5
E53
9AF
84A
F7A
733
5E3
E68
942
800
E4A
7FF
6D7
E5D
800
A60
2AC
7FF
5CB
B43
A31
B1A
1FE
724
4FB
F4F
A67
C83
416
7C5
36C
CB8
891
DF6
727
7FD
3C5
B54
800
C5C
55A
603
1FD
D05
817
CC4
598
6E0
0C4
9EE
800
EEF
676
39D
E3F
800
C74
E27
6F5
50E
C9A
8CD
98F
0CE
7FF
686
F08
800
AE0
1F0
57D
554
E7B
800
936
3D2
6F4
3DF
BCE
800
C85
0C9
6F1
4EB
EE3
800
DB1
39D
7FF
605
BFB
800
D6F
3DA
79F
3D0
9C7
800
DBE
415
719
D6A
AA5
800
F06
751
707
298
800
800
E57
748
78A
0F6
971
975
38E
657
7FF
FD0
9D9
986
0E7
7FF
694
B3E
800
AD3
10B
7A6
677
172
BE3
B96
205
7FF
38C
E90
800
9C4
239
662
151
98F
929
E32
5D9
65E
4A2
99C
9C6
CC6
629
7FF
355
839
800
C8A
3FD
3F7
489
800
800
1A2
7FF
7B1
C39
A79
800
E36
7FF
72E
205
C27
9F7
206
7FF
664
F37
8F6
88C
387
7FF
3DA
AAA
800
AC1
4A9
6F1
726
9CC
800
A6B
5A6
7FF
131
AF6
800
9DD
49F
725
513
C38
800
00F
665
604
4D8
99D
8E5
D69
7FF
6BC
0C7
AB4
82C
018
63A
7AF
0A8
83B
8A1
E13
7FF
7FF
280
B45
A75
0DA
6A8
57D
D69
800
A5B
2BE
7FF
739
0AA
800
C1F
2B2
538
681
AF0
8B8
A71
4B0
7FF
320
D2C
91B
9AD
439
7FF
254
AAB
B7C
C08
66D
7FF
134
CE3
AC8
EE0
523
74B
FC2
823
A25
E50
5C2
7FA
E08
A95
800
207
7FF
67B
201
967
979
29F
7FF
7FF
2FD
800
800
2BD
7FF
628
BE3
AB2
C24
227
69E
56C
C12
800
A75
72C
7FF
7FF
AA6
AC7
BD0
595
2FF
3FC
B8A
870
E28
5B3
7FF
1B9
9E1
800
D9A
250
546
0C5
839
800
04D
7FF
5B8
160
B73
984
F43
75E
4DA
F9D
A87
BE9
519
6B9
7FF
E7A
800
800
031
7FF
55C
E2B
84A
B84
0FD
7FF
575
DF6
AE0
905
2BC
7FF
235
B31
800
F6C
58E
5D0
658
B42
8F4
D7E
292
7FF
22F
9D4
800
DCA
429
5EC
FC4
800
800
E18
720
443
F49
C5B
800
E65
7FF
591
E16
800
92A
1CA
7FF
743
E49
89C
A7F
FB4
61B
63E
CE6
800
D69
6B5
7D2
350
A5C
800
CB8
6D5
5AA
301
AC9
884
CD7
297
471
123
CFD
800
AE2
600
57D
3A7
9CE
93F
1A9
6A6
7FF
1C1
800
800
E76
7FF
7FF
DF3
8E3
800
D7F
7FF
5CA
F4B
AC4
853
161
7DD
419
C51
800
9D1
1DE
6D7
641
C12
930
ACE
292
754
2B9
CA6
945
995
234
66B
2EA
D67
A3C
D75
208
783
30D
B67
9FE
DC7
561
5D3
22C
858
800
D6B
31A
7FF
16F
89A
800
F9D
7FA
4B5
18D
800
AE1
EA3
7FF
6B4
E48
910
A40
F62
533
7FF
DE3
800
887
18D
619
402
EC4
A98
B13
D4B
7C4
45A
FBC
800
ADE
34B
746
47B
B1B
80F
D21
327
6B6
282
AA7
800
04E
614
729
260
C4E
825
F30
7FF
7FF
04D
800
800
0E2
394
59B
260
800
920
C62
7FF
5AB
F06
800
A81
E60
50B
6C8
FD5
800
B9F
495
7FF
4AA
AC7
835
DD3
613
7FF
466
D16
87C
C91
252
6A7
3BA
CFD
903
050
6EE
74A
1DA
A57
800
AED
7FF
654
0EC
959
924
06B
47F
777
FB9
800
94C
10E
7FF
7D4
DFE
915
80F
12A
7BC
5C9
D03
9EA
8F0
FBF
7FF
636
01F
800
9D1
36B
7FF
677
FB0
881
D96
4C2
7FF
408
D1E
844
D24
516
5FF
1FC
CC2
800
F6F
722
7FF
2BE
8D2
A03
275
751
7FF
047
8E8
803
015
6B2
7FF
D4C
9B2
800
0FB
7FF
5FA
D28
800
800
301
7FF
565
CF3
800
8F6
16B
5D3
309
C22
879
945
6A3
7FF
1C5
D65
800
A68
411
73A
195
AE2
8A0
B68
38F
7E6
29A
B1E
838
C5C
59A
7DD
F1B
A83
A79
E25
7FF
7FF
08F
AED
800
2A3
780
646
D12
800
998
16C
71B
42C
E2F
907
CC8
FAD
5EC
38C
EA2
800
941
F07
7FF
44E
AFD
800
DD0
3C8
7FF
402
98E
CBB
F4A
1B1
76A
150
A8C
800
E43
634
677
337
D5F
854
EE6
499
6D6
305
A04
880
D24
7FF
4A3
F02
B13
AD6
210
7FF
7FF
F92
800
B60
FD8
7FF
4B1
E29
928
C0D
3A3
7FF
5F9
D53
A1F
A0F
1CF
533
25F
B2D
C6F
F1B
58D
79E
694
A59
A0B
ECE
4DD
7FF
29F
8A4
9E1
1FC
7FF
7FF
1C4
800
9C8
13A
7FF
4D6
020
800
800
04E
62C
6F0
DD0
8DE
AF3
F67
7FF
7CD
F5C
993
800
081
7FF
3D0
CAB
A32
95B
3A8
7D6
419
B62
800
C77
4E1
657
4F2
8D5
800
EF0
402
7FF
4F7
BCB
D50
F1B
415
725
18A
94F
800
13D
617
7FF
2FC
89A
A3E
E86
3F5
75C
03B
A45
800
4EF
648
44D
D78
841
A44
34A
7FF
5E9
FD2
A5D
C2A
57F
72F
519
A6A
800
BAC
691
5C3
6A7
CCB
800
BDF
353
7FF
375
BF0
800
B36
7FF
7DC
FE6
AAF
8B1
38A
7A8
5F6
17B
A3C
800
CCA
5DB
726
DE4
875
A30
F6D
600
535
B92
800
ACC
242
75F
6B8
038
98B
97B
4CA
783
5F7
A50
800
0C2
2A7
7FF
14E
B73
A21
AFA
3BB
7FF
3FD
A04
800
CA8
4F5
7FF
1AF
B21
800
E94
7FF
7FF
FFD
800
800
D0A
6A1
7FF
D8B
AD8
BA1
2A7
7FF
79F
D40
94E
BFA
190
7FF
441
F31
8C5
9F6
133
7CD
4A8
DA5
8BC
F7D
4AA
7FF
5AB
B7A
A80
F32
365
4BF
297
CBC
8AF
D34
33A
7FF
012
994
876
C85
5AB
7FF
048
800
800
2C8
7FF
5C9
FCB
800
968
F4A
7FF
520
D4C
8A8
9DE
EF1
56A
69C
D40
800
800
6CF
7FF
345
A8F
800
F84
569
7FF
3EA
9BD
800
C11
5AF
7FF
441
BA6
84D
FC5
63F
738
106
85B
A08
F61
7FF
7F3
3C7
977
800
0C9
7FF
7FF
B55
91B
A3F
143
7FF
612
E87
888
800
186
7E3
7FF
D3B
847
93E
5A7
7FF
567
C6F
8F4
E39
4BB
787
3BA
B59
800
E9A
316
4A6
2CE
B49
B5A
225
628
789
DCE
A94
B17
1D2
60F
7FF
16B
925
AAD
D92
7FF
643
052
AF6
9E1
F4B
634
67E
C90
800
BB5
DD0
7FF
306
11A
88A
8CE
34D
7FF
2B4
C81
800
AD0
274
7FF
35C
87F
800
A9D
345
7FF
0D5
B2C
928
0E2
4FE
750
0E6
800
AAC
AB2
446
7FF
FBF
800
84B
37F
7FF
7FF
EEE
800
A4F
36F
7B2
44D
B84
800
871
3A9
7FF
4D0
D22
800
9F7
443
769
6E0
A25
800
9CF
488
6C6
270
9CB
800
CBE
4A6
6B7
10F
800
ACF
E1B
475
5EC
44F
846
800
D1E
6A3
334
023
AA3
9E8
FA4
5A1
7FF
FE5
800
B3D
099
7FF
4DF
F23
800
9BD
43E
609
47C
9BD
A4B
9A2
006
624
43F
DBE
88A
D41
73B
7FF
32E
C07
A3A
DB0
59D
731
0D6
B5D
800
F83
6AE
63A
F2F
800
800
E5D
6DC
68F
CBD
800
B4B
F92
7FF
483
ED8
960
800
F14
7FF
345
C30
800
ADA
4A5
7BB
2DA
D5D
800
BCE
5C9
5EA
536
D21
800
CA2
57C
5A8
354
C3F
AEB
C8A
7FF
584
1A5
A5D
818
C1F
7FF
5F3
E05
809
800
F5A
632
61A
203
805
800
4D5
7FD
6C6
CE1
800
C4B
064
5A8
321
D1F
800
BC4
56F
7FF
4D0
A4E
8AB
D60
590
7FF
29B
84A
93D
E22
785
7FF
544
881
88A
C83
575
7FF
03A
85A
B24
070
66E
7FF
EFD
9B1
905
190
7FF
588
D70
AEC
A3B
06D
7C7
3BB
C6C
800
D87
37F
7FF
67B
BE5
800
A89
669
7FF
34B
C39
800
B27
562
7FF
0C9
847
800
ADA
374
7DD
F17
857
800
A89
476
6A7
E91
800
990
269
7FF
5C9
02E
800
943
151
3ED
398
A4D
A03
C96
550
743
506
EC4
83F
F08
3F4
7FF
490
CE8
A3B
EEA
3FF
7FF
2FE
A75
800
F02
5DC
7FF
2E4
975
800
F61
68C
7FF
12E
A2E
800
E09
755
6DE
BD9
A05
800
0E7
4C6
60B
CF6
842
A66
018
7FF
53F
060
800
AAB
266
732
6A1
E1A
800
9B5
4E7
6B4
35B
B2C
A3E
EED
347
46F
215
845
925
F7B
4F6
7FF
0E0
C90
892
0F2
7FF
7FF
0C9
8AA
A3E
009
7FF
584
D2A
8FA
800
3A0
607
7AB
C6C
800
BAB
123
6E6
325
AF6
800
ADB
5EF
7FF
4FF
B98
C52
B91
6F9
7FF
269
CEB
800
CEB
119
7DF
20F
C4F
AB5
F1B
632
7FF
043
9D5
800
ECC
7FF
726
11B
800
845
107
428
682
C33
A96
B0F
0FD
7FF
38A
ACC
800
F46
46F
675
1EF
AD4
8CB
CA0
2FD
5F3
54B
878
800
D55
43E
6DB
46F
800
80A
B4C
6F7
7FF
2EB
875
819
E5B
68B
61B
E3C
83A
943
EB7
63C
2C6
21C
9BC
8D9
10D
7FF
15F
C52
800
C46
5D3
6A8
7FF
C8E
800
C99
3BB
7BB
550
BAC
80E
B30
543
7FF
47C
BB5
800
B57
5FA
7FF
EA5
D85
800
029
7FF
6E2
0DA
AEE
909
082
7FF
7BE
D5E
9A7
996
438
7FF
2B5
AE4
800
CD4
099
662
5D3
E80
A0C
B36
2C5
672
617
B80
8C7
DAA
74F
585
477
A17
8ED
C76
7FF
762
FCD
9BE
800
FBB
53F
6B3
EBE
A49
80D
E06
7B1
21A
151
800
995
177
7FF
70B
DF2
800
A1B
19C
64D
610
BAF
800
BAF
45C
7FF
46B
CB0
800
C20
440
616
004
AC8
800
C25
7FF
7FF
151
800
8AB
097
723
6FE
DA6
98C
921
F5C
7FF
548
09E
8DF
95A
1FA
696
355
B32
800
C9F
429
6FD
529
CB7
81A
B23
55C
61C
38D
B0E
800
EBA
7FF
7FF
2D4
9F8
8EB
F07
784
7FF
41B
C79
800
CC7
7FF
76D
E81
9ED
9DB
F82
695
5EB
DEE
800
954
EBE
341
2FA
044
93B
8F4
F6F
7FF
31F
DE4
866
DA2
2DC
65A
4CD
B51
800
B59
277
77D
170
CCA
800
991
7FF
696
487
A85
8C5
C8C
5AB
647
F2D
800
800
12D
7FF
5F3
DF3
8E1
800
317
75A
3D3
CF4
812
9E2
14D
6BE
654
AA7
800
B83
281
7FF
4AB
914
800
C4F
2D5
7FF
212
B5D
B34
FE5
726
52B
073
BB9
800
F2E
550
7FF
171
95C
89F
FA9
44D
7FF
EC0
82A
889
29F
7FF
6A3
BF7
9A9
BF2
159
625
6B1
A3A
B38
A25
237
7FF
3D7
C51
8B1
C90
452
7FF
09B
8CD
800
F3B
648
7FF
18A
C2E
800
2A6
569
7FF
E02
9CE
C4F
08F
7FF
37D
D24
AE5
949
209
79A
7FF
F2A
82C
BC7
370
605
429
D63
966
BFC
12E
7FF
5FC
CC1
800
B4D
46E
7FF
5D9
B20
972
DE0
705
71C
1FC
80B
99D
23A
7FF
7FF
2DD
800
A88
384
539
714
D36
800
87D
317
7FF
609
D07
958
DBB
1A0
6A1
345
EE8
800
D81
1EB
7FF
297
C96
9B8
C70
1D2
6B5
4A9
AD0
800
D9E
4B4
705
094
A34
800
BA5
7FF
7E1
020
85F
A72
F9A
7FF
7C4
EEB
810
800
200
69E
5B3
C00
800
D03
210
746
66D
E90
863
C26
036
7C1
7A7
CC2
B75
F70
4B3
4C0
34C
AF2
A49
DB9
5E6
7FF
FD5
BD2
A58
E7A
7FF
7FF
06D
A14
9F4
07F
7FF
771
E5E
A80
C70
0C0
5A3
425
C43
800
AC2
3A1
6F3
742
B67
800
D44
58D
7FF
3EB
CE2
800
099
700
566
26C
AC7
95E
35F
564
5EE
04F
843
865
F10
381
7FF
0A6
97D
800
12A
7FF
690
BB9
A97
A48
089
793
4D6
C52
8DC
B13
317
7FF
502
C75
800
B3F
275
6B5
687
ACB
800
EF9
7FF
4ED
57B
940
955
FF2
717
7FF
361
899
800
3FB
78E
620
E3C
B6E
A7D
F74
6E2
5CF
F86
800
906
49B
7FF
5C6
E99
A6A
B60
367
7FF
60F
AFB
8EE
D38
3D3
5E1
4B8
9C6
967
B55
77B
66E
29F
800
B5C
CC6
328
453
11B
947
800
2CC
594
672
DA6
909
800
38F
7FF
69C
066
800
B19
5CE
572
482
D45
85E
BEB
542
7FF
565
C17
850
E3B
39E
7FF
1EA
BFC
849
E69
581
7FF
1BD
A60
802
13C
7FF
36C
00B
823
A31
1CC
7FF
519
E1A
800
911
20C
66A
5F0
D4C
857
9C8
3EF
7FF
764
D6B
855
E12
6C4
65B
14C
9FB
87E
E80
4CF
76E
350
C6E
9DC
D50
7F2
7D5
039
D25
800
054
726
7B5
CDE
971
993
365
7FF
66E
E7D
800
C96
4EF
7FF
41C
FAD
800
CD3
3D7
62D
265
B65
800
F35
7CB
531
21D
911
8DC
C73
5BC
5F2
17D
800
800
FD0
58D
70B
11B
B22
800
1BC
3A2
64F
05D
8EA
90D
0EF
74E
446
C11
800
C12
2AD
762
570
E25
800
D47
236
75A
02E
BC7
8B4
EDF
60A
272
24F
B66
90E
F25
494
64A
221
999
B26
2E6
4BF
6A9
CFD
A0D
AB7
F33
7FF
56E
E96
CB9
A0F
216
7DF
7FF
D74
800
A71
345
67E
1BB
A9F
800
E4A
656
7FF
4C9
BE4
800
B08
719
7FF
31D
8B9
838
DF5
7FF
6A9
E09
995
9D6
42F
7FF
7D0
14C
800
B8B
F5D
764
6D5
B37
800
9EB
27C
7FF
FED
B96
A08
A5B
2E5
60E
34C
E71
800
D45
380
5CF
22C
800
898
E91
71C
47A
103
9BA
A59
19D
7FF
7FF
FC5
A85
800
08C
5A6
76F
E53
84C
A96
0B1
66F
2E5
D6C
845
AC8
163
6B8
5D4
953
800
B96
29A
7A8
407
99A
8EE
DBD
62E
572
107
955
800
F9D
67D
602
2A0
83A
BC4
F9D
7FF
7D3
007
894
BBF
088
68C
21A
D05
800
BF7
16A
7FF
7C1
B94
800
B55
573
7FF
52C
ACF
978
FCC
4A6
7FF
08B
9F3
A28
C9E
565
7FF
156
861
A4E
E9E
7FF
7FF
137
A83
800
1A9
467
34E
D9F
8EF
800
2B6
5FD
68C
F18
B48
B05
3EB
48D
497
933
800
AE3
4E2
7FF
222
C5E
B17
ACD
2E8
73A
062
C0A
800
2EB
7FF
7FF
FAA
800
800
DF7
7FF
77A
033
807
B98
1E8
6A1
486
D84
800
A69
20F
5E4
62F
D69
8B1
BBC
0E5
5A9
013
B5F
800
DDA
69F
7FF
303
C25
877
0B7
6BD
5DD
32D
B61
A51
077
2DD
741
095
846
C31
219
7FF
6FC
D12
AAA
951
3DB
7FF
5BE
DE6
800
A37
69F
4C1
2FD
896
800
E91
3A0
6DB
359
B6D
80B
F0B
5B9
412
0D7
BF4
82B
E5F
656
73F
D49
85F
A74
162
7FF
7E7
CC4
97B
ACD
107
7FF
356
DDE
873
F01
2A9
7FF
169
E1D
800
B6B
3F3
7FF
48F
C1B
821
0A3
52A
640
009
97D
800
E69
1A3
7C0
F9A
9DB
AEA
340
750
5E7
F5E
B2F
800
00F
599
63F
A7F
800
C80
37B
7FF
752
A5F
800
C75
7DE
6A9
101
800
897
C27
25A
7FF
1BF
92D
8C8
0A4
59A
7FF
C13
83F
B32
F2F
610
5AA
E14
AFE
800
507
743
70F
F33
800
B96
13E
7FF
2E1
C4E
800
891
37B
707
465
AD2
81A
01A
320
7FF
3DD
A89
B39
FB1
5FF
6FC
0CA
800
9B4
0F8
7FF
63D
EB8
9E7
A81
0D6
7FF
1E2
BEF
800
C75
271
7D9
32B
C55
800
C7A
5DC
7FF
34C
9C4
800
D30
4A0
7FF
243
A0E
801
FBF
68B
7FF
2E9
B7B
8DC
DBA
5CA
704
DCF
92E
ABD
3CC
742
6E8
F60
909
800
1B1
7FF
39D
D65
988
B46
307
459
6F9
C0D
800
C79
632
7FF
258
A9F
800
F5D
798
7FF
2B5
95A
CC2
1E5
66F
777
EBD
800
CA7
05B
7FF
478
D4E
800
CE6
2D9
65B
566
C38
800
BD9
3BE
684
500
BD0
893
A6D
624
7FF
11E
C68
800
F9C
5ED
7FF
F35
A38
8C1
BD4
30E
6B3
004
800
800
357
620
6EC
167
800
972
368
7FF
3FE
00E
800
DD8
4D5
705
329
968
95F
CB1
44E
7FF
27C
AED
800
EC7
620
7FF
17B
931
800
FAC
729
7FF
2BA
800
800
28F
7FF
7EB
FBA
ACF
9F1
10A
79D
608
FD0
8F5
B0F
3DD
63F
746
B75
A9F
C9A
51B
578
336
914
800
EE1
7DB
71A
FEF
822
800
E01
5E1
521
22C
B58
958
E00
74A
662
019
800
800
31D
7AB
6FA
C18
800
BD8
2F0
7FF
319
BBE
800
D55
76F
6E1
0A7
AB3
800
EFD
4C6
7FF
306
B5F
800
E47
1DD
5B9
FDD
BA5
800
0B0
692
52E
A7F
800
90C
49B
7F6
535
DEE
B0F
9DB
32B
7FF
463
E5C
9E0
DD0
53F
7FF
1E6
A8A
800
D55
7FF
7FF
332
995
8F6
FCC
4D2
673
164
9E7
AF7
0EC
620
718
D30
800
950
012
7FF
409
C1D
800
973
4AB
691
4D9
A73
800
C5E
26E
7DB
3C2
9E0
800
D8F
7FF
7FF
30C
8DD
932
F07
4BA
70A
075
800
800
E7F
707
7FF
D4C
800
B38
347
777
37D
EC8
866
B53
3DB
6DD
561
D84
800
B49
45A
710
07D
B4D
A57
05C
65D
7FF
095
BE5
A76
01A
78E
7FF
E3D
8A1
AA5
E18
5DD
5EF
F0E
8A7
D5D
1CF
77C
7FF
DB4
800
CB7
255
7FF
32B
888
82B
CB0
379
7FF
26D
A16
89B
D14
646
6D7
F4F
800
90D
F6D
7FF
7FF
FB2
9CD
B55
173
7FF
61D
FF9
800
A0E
3FD
7DD
6E7
A99
9D0
A70
25C
44F
297
D88
9F1
A30
4AA
7FF
1F2
D21
B46
D1D
625
7FF
32D
8F6
800
F51
7F6
47B
169
A2C
A91
13C
59D
675
BDF
800
CF0
376
72C
70F
DEB
800
BCE
115
63B
623
B1B
99D
D08
73D
7FF
2A4
96D
800
F48
6D7
7FF
132
A3A
80B
274
48D
758
058
800
8EB
058
7FF
7FF
AFC
800
84B
03A
7FF
4CF
E9E
800
BBF
60C
7FF
19F
94D
800
B3A
088
60D
368
C24
8FF
E43
69A
4B5
373
9AD
A88
0E3
716
548
E8E
80F
800
124
7FF
4B0
E99
800
D9E
1EF
7FF
4D4
D53
92A
DC8
5BC
642
16A
AD2
800
B4C
5B2
685
1E8
D2C
800
FE3
3A0
6BF
025
800
800
148
7FF
60B
F23
A26
B1A
15A
69C
36D
DBD
B95
96F
3F2
61C
190
F10
8DA
A53
5DE
683
0B1
98A
AAA
D8B
620
7FF
11D
919
800
167
7FF
7FF
C20
800
AF2
F6F
7FF
494
C2D
9EC
AC9
129
7FF
236
F26
800
D1E
1BF
7FF
48A
9CA
800
D45
3F2
7FF
144
B89
91D
C46
73F
7F3
155
8B9
93B
F26
75F
6DA
D0B
800
A7B
0FC
563
5AA
F31
800
B0C
1B9
780
430
D37
A5A
C98
1F4
671
10E
BC2
807
BDE
5EF
7FF
21E
A18
830
D42
3AB
5D3
0FE
800
88D
06A
6B9
52A
CC3
B04
B47
E6A
6F5
799
FA9
A9A
891
05E
7FC
533
D13
800
DBD
28A
7FF
486
800
C77
AEE
521
7FF
14B
A8E
916
F58
599
657
286
A8F
C64
EB8
6BD
46E
D26
800
984
192
7FF
69D
E09
800
99C
350
7FF
645
C3A
800
900
111
7FF
2A6
A0A
800
083
485
7FF
18F
B28
800
0CE
36F
665
14F
800
BEE
F77
6D9
60F
F99
AF9
89C
0DD
79F
524
E4B
800
A01
543
7AC
37E
92C
800
E71
7A3
786
4C4
C5D
800
E49
56F
7FF
235
ADA
89D
FBC
7FF
5DB
198
848
AE8
0BA
7FF
785
DA1
A06
B8E
2AC
7FF
7EC
B73
803
D3E
032
7FF
487
A6F
800
DD9
7FF
775
5A3
C7C
800
B1D
62C
571
065
800
D6C
D51
5C6
436
0FD
800
AE0
1B7
5FA
5A7
FA0
800
B62
2BC
6DD
178
9EC
800
B16
156
6E7
2F8
AC0
800
D19
3D3
7FF
2EB
BA5
A7A
F94
5DF
64F
028
800
A92
1BA
58C
568
E0E
98F
C1B
34C
686
1E5
D30
869
94E
5C8
7FF
3E5
D9C
800
BFA
4BD
665
445
BA8
800
EC5
479
7D4
2A4
CAC
860
E4D
7F2
5EA
038
A49
800
2B6
7FF
5B0
DFB
A97
855
1A8
77A
3AE
A06
871
D3D
465
7FF
27C
9E7
9D6
E8E
3F4
7FF
0FD
9A6
800
EDF
680
7FF
FB1
992
A5D
055
772
48B
D04
A6B
96C
2EB
6E2
486
1C1
974
A69
3FC
5C3
3CD
C8C
800
E6C
612
7FF
149
B4D
907
D0F
57B
7C4
268
887
800
050
7FF
719
07D
98C
BF8
438
7FF
7FF
D13
800
E0D
588
6A8
3AC
CCA
8FE
C83
485
6AB
3D4
A71
A34
C75
43B
5F9
19A
AD4
800
D38
7FF
783
E24
9FA
A60
E54
7FF
7FF
08F
800
A1D
062
783
5C4
D4C
831
90F
305
7A2
4A6
BF8
951
B0E
544
6AB
15E
89D
800
A89
502
7FF
1F6
A67
800
3B2
4E5
557
D23
800
800
007
6D2
3F2
F64
A40
A22
045
7FF
415
C72
88E
A58
6E9
125
ED9
FEF
FF5
F7F
13C
E26
FD9
F5E
FF8
ECA
13C
E8E
132
E98
DA4
08B
FC5
1CD
DAD
245
0B0
17B
D73
FFB
DCD
E7C
E8B
D1C
F6A
F71
162
0F5
1D9
F35
EBE
FC8
11E
F1F
F3E
F73
49E
EAE
0C8
FCE
073
292
10E
017
F7C
13D
351
EBB
C9E
319
04A
EB4
FE8
0AF
EF6
174
538
D0A
201
1A7
F8B
353
F72
3AF
F87
F0F
EB9
C10
DD2
F70
211
F20
1B7
126
11B
07C
FC5
FC0
2E1
E74
00E
DF2
DCA
004
B44
022
ECE
108
230
281
1AC
03D
DC2
C33
E65
DE6
E36
06C
259
182
228
ECF
22A
177
F59
0F9
E8D
FD4
150
04E
387
FCB
136
0B8
EBB
2DA
07B
E3F
F6A
FD7
E14
F76
18C
257
EB4
F3D
F93
E4C
097
2DF
12A
E82
D5E
FB3
3F0
0CD
F1A
FA9
F2C
1AA
E87
D38
D90
DA5
DC8
C39
E79
D8C
065
143
1A5
EE9
F3C
DB7
052
F1D
DBE
1B1
0FA
0D2
ED0
3B0
ECD
DDF
BC1
C4F
E24
125
3C8
E82
1D1
EC1
FE1
C39
E44
012
043
D7E
1C7
F3E
1EF
F90
108
E86
26A
E4D
EE8
FBA
183
E5F
073
07A
215
E04
DE0
112
EB4
FB4
DB1
FFE
E35
1FE
F94
E71
D7A
08E
E75
F8B
0C5
F4F
136
0E9
E3B
DE5
FDA
D4C
2BA
F72
200
138
0DD
14B
E41
E9F
F70
EA0
EF6
EB1
509
2EB
DD7
0F5
19F
32B
F6B
01B
201
002
DCA
F17
F34
E72
E78
EBC
118
271
FDA
0CA
F20
246
1A1
2BB
152
EAE
F2B
049
06A
02F
2C3
EB5
DEF
0C2
F9F
EDF
09B
D5B
14D
109
F52
B2A
015
09A
0F7
0AB
FF2
10E
FB7
02F
11E
17A
3F4
333
E91
E73
114
10D
03A
099
FE4
F91
167
E39
10B
08B
09E
097
18E
F65
0B5
CE2
D54
E18
FAF
D31
D00
395
0CD
CEE
0BD
3B0
4CF
1D8
FE7
245
03C
267
2C6
401
012
EB4
ECD
14C
2D7
D82
066
F78
02C
08B
DE2
06E
0AA
072
035
FB7
067
FDA
F63
EB7
B26
1DA
18B
D9D
239
293
259
116
3D9
FF5
E03
B20
052
FA9
E9E
FC3
241
053
1DB
0A1
CF7
DC9
0DB
F78
17C
4B0
F07
EB8
E02
196
0B8
C9D
E93
E02
0FD
264
B8F
06D
297
FB0
186
FAB
0D4
D9A
05D
110
E62
15A
0AE
166
C53
041
1D5
14B
1ED
F3C
038
FB7
0D2
289
C38
F01
14E
028
E6E
F8E
0A1
E5B
E98
329
EFA
F81
F6A
225
F5F
366
F32
27E
EE2
13C
F80
DFC
ED6
1DD
02E
D6F
E52
192
F98
238
F5B
E2F
095
173
FCA
DFA
08A
DE0
FFF
1FD
037
059
D6D
0C3
1CB
F8B
F18
1EC
201
040
274
017
0F8
EB0
EB4
DA7
C94
F67
E48
EEB
029
0D9
E4C
1A5
DE1
0EF
253
1DB
06C
1E2
D2B
E9D
EEC
1F1
007
F83
039
DA2
F07
DB5
E81
34C
F40
083
0FE
0BC
FEF
EE2
FF7
DE3
034
DC4
D91
16E
CE6
F9C
1B4
BD9
105
F72
D60
DFA
0BE
1B3
1C4
1DF
F98
26C
E88
113
FC9
BE1
F11
E40
F5D
E91
FDA
EA8
1C3
EE3
E88
25D
EFF
122
1E8
FEE
CCD
FEA
14E
E89
0A4
FA1
152
FAD
E91
07A
FB4
FEA
0F1
F99
C73
134
EBE
076
31B
24D
F8F
F5F
09E
ED3
0C4
0EC
177
E94
2E8
E86
126
EB9
027
22D
D89
310
F55
F38
002
02F
22F
1C1
F77
D33
016
069
1AD
F43
E9F
254
1E8
09C
E66
2AE
F79
229
EAD
FD8
1A5
571
F8B
F48
C81
011
0B5
188
2DF
F3A
F69
21A
096
14B
304
02C
02F
467
2F1
446
29C
21F
0B9
03B
032
FD3
D1F
178
019
FC8
E37
179
2E4
0DF
21D
209
F34
E4A
078
2A5
055
FD0
E71
17F
087
23D
E97
029
0AA
F41
F5E
132
057
06F
FC8
F84
2B9
19A
12C
F1B
1E2
F6F
1A6
CF5
F5A
16B
FB8
0D3
C88
FD1
E75
FA2
F31
F12
229
3FF
F29
F32
EB5
F3D
E84
0AF
066
EDF
EA2
FB9
E28
F98
FBD
C42
FDC
F3F
026
F7C
CFE
E3B
D3F
0E1
E0D
36D
E41
FB6
1D4
03A
0AF
1B1
0EE
EFB
EA3
E7A
F5E
B78
E19
0FC
F0D
F41
DFD
ED6
202
E99
057
DBA
0BA
1E3
F71
0D6
083
F8C
FAF
091
E7F
F42
BFE
E7E
F55
F4B
F5A
149
108
D4C
14D
D6E
E6F
B76
074
EDE
10F
25E
359
0AF
FEF
0BA
FDA
1A1
232
F1F
16D
068
105
F7B
D96
F37
28D
00C
1D9
0F6
074
058
E48
D9B
EBB
E39
189
B33
FFB
F07
FD1
FDE
CD4
FD0
F91
038
186
ED2
E11
E45
154
D6D
E9E
FF4
D15
2D5
CB5
E92
223
065
058
1D8
3B2
FD2
E75
376
2BA
035
0C8
29C
288
EEF
11C
2AA
0F9
F62
487
0DB
1E2
F43
1B8
F98
F14
0EB
0A5
125
0AD
C2A
DEC
09F
CF7
0A9
0B0
0A4
E9A
FF8
D9B
E7D
FAE
138
F0D
CB6
FD0
2F2
FC9
F9F
FC7
16A
DAB
1AA
F62
21F
3C9
FAA
F52
0E3
F98
14D
04B
215
130
E15
E1F
199
DC2
2CA
16F
050
F81
030
D15
3CD
F7D
DC5
E35
E4F
216
0E0
C2B
EF4
04E
0FD
EA9
EE2
124
180
17C
F62
E5D
EFC
020
24E
2C3
ECC
F58
C92
039
006
06F
103
2EA
D52
04B
F3C
11E
E66
321
CB8
190
F7C
DA9
2B2
D5F
D1B
E8C
FC9
EC5
064
D59
2B6
170
FF5
017
070
CDB
C8A
4A1
394
18F
F33
226
4A3
0DC
C22
263
100
F95
F57
E86
49A
F52
F82
087
E64
0C2
F92
FEB
FFD
E15
2AA
004
E6F
E8E
FB0
135
29F
EA7
0A4
F0D
094
3A8
079
3CA
108
C14
E90
1BB
EEA
06B
09E
D96
CA1
0EB
BFA
E5C
E0E
ED6
FFB
073
E98
EE9
F29
EE8
D47
063
F6A
FF5
EFD
FBF
027
22C
FA4
F9D
20F
05C
DD7
F28
545
1F5
385
038
1FE
EE6
059
172
30E
278
C79
306
15A
360
E19
FE2
DE8
FF4
FF2
E0D
10B
E8B
C9B
D98
E25
D49
09E
192
151
33C
18A
DF5
D8C
D9F
1D0
0D4
EDF
1D9
F50
0A3
1BF
16A
EBC
F43
05C
1C3
13C
EDB
141
079
0C7
E89
E12
EA9
04F
FDC
061
D9C
0D3
E65
F2C
E89
00A
143
EBF
06D
FD8
099
F2C
056
24C
02D
1B1
E81
F74
E88
00B
F53
FC1
0AB
D7C
FC8
EDB
E77
FEB
DE8
F9C
040
3A0
28E
35B
F4D
D05
310
FAC
231
225
12D
F1E
E8A
225
EA9
175
0D3
F57
E71
F77
DFF
19F
CEA
D7B
CC8
F0E
129
E19
016
0B7
F51
F70
CC6
F3E
1C9
FC0
E6A
F8A
187
F37
E22
215
EEF
132
022
0EA
E73
1AD
1C5
E63
EE9
E62
080
F2A
F6E
084
065
E62
EE5
13A
1B9
ECA
093
047
D46
DE0
DE9
063
E42
12D
14E
045
D3D
D36
D25
0B7
1E6
0BF
363
052
F43
E30
0C2
F3A
009
3FA
065
2F2
28C
299
F81
E6A
E8E
F06
DFA
225
F02
09E
17B
157
115
124
ED7
0E5
2B8
E07
EA6
199
EB4
EBC
2F0
E5F
EC5
08F
EC2
F16
07A
14B
FFD
237
2BB
FC7
D87
D45
294
FD3
14C
0A6
EAF
FED
FFE
07C
07D
1AF
FDF
0DA
D09
DD5
32C
0A7
0A2
18D
E94
17E
EF2
ED2
E6B
07E
E7D
029
147
F1A
FA2
281
FC4
2F3
F03
E20
0BA
0BC
2A9
F96
EDA
F3B
E5C
200
D1F
E35
EB8
183
051
FD6
ECE
088
093
CDA
EC2
29A
DE1
F90
EAF
317
260
EB7
049
0CC
044
F93
152
157
F9D
D76
153
37E
029
DE7
19F
075
01F
089
064
0D4
1AB
0DD
C10
EA7
0CF
15B
20C
FD7
FB1
F4E
0ED
1D0
F2A
F2A
0CD
FBF
37A
EBD
220
FD8
F46
369
2B0
DAD
FCC
054
0ED
DED
100
16A
F2D
10A
C59
F81
035
FF9
F92
10E
F30
116
D11
197
F3C
00A
11C
2CF
08C
0E2
243
DEC
05D
1EB
D2E
1B6
25F
EFA
33B
09A
263
18B
F60
EB5
AE1
FA3
14F
FBB
E61
20D
148
066
015
0B8
1DA
112
35E
FAF
EBD
FA3
3FF
0D7
04F
E70
FD4
E06
F1A
0B1
0C6
17A
FD9
004
EFB
E0B
F03
190
F9C
455
DBA
10D
031
0CF
0F1
26A
E78
1AC
BE1
0C6
013
F98
FF0
18D
2F1
E6F
12C
E70
025
517
06E
FF8
07F
0AC
403
FE2
1A3
E7B
0E2
EEF
138
171
20C
0D9
1DC
193
F9B
216
300
F5C
ED5
044
D47
001
DEC
0A1
2D3
021
F60
F70
ED7
E7A
F00
2FB
C95
0B4
FD0
30F
248
1A0
FB5
131
0FB
EB3
FFA
FB4
11C
A9D
1E5
E65
EE7
E90
FF1
04D
079
E85
E9D
074
107
E8C
014
DB1
F84
116
FFB
F24
142
022
E18
F53
012
049
D77
0D3
F8E
142
250
FD5
224
050
F92
FF2
E62
003
407
44E
0CC
FE5
EE8
05E
2B9
F40
F96
FC8
20F
C99
FE3
197
086
F3F
F1D
3EC
FF0
12A
12C
280
20B
FEA
04F
FE0
EAB
1B7
FEE
EBC
F07
F59
F4A
298
1F6
F0E
CFB
E6F
06F
F50
DD0
037
FCD
FEC
10F
1A9
0F6
0A2
2FC
FC9
FA0
FD6
D34
FD1
33D
ADD
10B
D47
28E
0CF
108
C7C
F32
2BC
F75
D19
07F
007
138
F50
089
290
003
03C
230
20B
00E
E82
024
F0F
FB1
E13
FA9
F7D
17C
158
E47
07C
0F5
D91
E2F
0FF
0A6
0B1
F2A
2A3
EA8
27C
F0C
2BB
DB0
FC4
DF4
048
298
0F7
FAD
09A
15F
20D
CE7
1C0
F0C
0C6
F63
09D
279
EA6
086
237
031
F68
DD4
151
E9C
CAB
09E
0D4
EBE
F10
FBA
0C7
159
1F5
EB1
337
2A0
026
E51
F70
F20
0FF
06B
D80
483
0A6
FAD
07A
DB1
225
0A3
020
1B9
0F4
096
04E
4F2
EF7
EF5
1F9
D2C
D1C
FB2
000
16D
248
13F
AEE
1F4
2F0
0ED
F69
13A
155
031
177
EBB
1B9
F81
1B8
FF5
EAA
F3C
01B
DCB
26F
F9C
2F6
FAB
026
CC4
BF0
039
47D
18C
034
144
013
12F
219
FE3
0BE
E47
06D
FB6
428
070
009
F8D
059
CE9
24B
06A
DF1
0E7
EC1
0FE
0B7
1F8
EDE
193
F3C
E78
0BF
18D
0F0
FFB
F8D
F8F
216
FFB
1CA
06A
130
003
EDE
B23
11A
FEA
EAD
FB7
2B9
FDC
F99
0CE
D2B
377
E80
1FC
ED9
FA8
F46
34C
107
C34
0E1
ED7
204
291
DCD
FDB
DD1
DED
08B
0BF
053
F96
F71
10A
05E
E97
098
00F
AD8
FB0
D0C
F8C
E20
FB1
E4A
065
1B4
C90
E4F
06F
0A1
DB1
39A
23D
E9C
EAE
2BC
E77
0A0
167
078
087
EED
EA4
044
FE1
E1D
EA0
0DA
ED7
DA4
314
E28
EBC
DC4
276
2B6
FF3
D80
F9F
2BD
FF4
22B
F77
147
04B
EB1
2E4
FF6
DB6
01C
02A
BB4
FF6
0CB
C1B
1DD
DD0
0AD
F36
09D
160
00A
02F
D81
16D
F89
CE7
F2F
F6F
096
08E
D8D
200
25F
EBF
150
149
F41
0B9
162
0C3
E87
297
01C
B01
04E
157
FD0
E7E
1B6
0AF
1F8
090
FAA
D27
204
D58
F93
F63
0A0
3A3
06E
13B
EF6
163
F5B
2D8
1CD
F36
0EB
2D4
208
065
15F
E0E
FC8
042
0D6
161
11E
172
02C
168
F41
CA3
08C
3EC
F8D
1A5
FFC
0AE
049
D6A
086
0E7
123
1B3
EC7
05F
FE9
E2B
E51
DB3
340
086
28B
FCF
0C0
118
162
E50
070
DC7
EBA
172
25F
03A
0D7
133
F08
07A
070
FEA
F18
0C1
168
15D
0A8
1A9
0B0
076
D23
220
E58
0AD
2F2
DD8
057
10B
032
257
F06
261
019
D3B
0D3
0C5
D62
110
063
EDB
C54
FDE
0B9
201
037
027
1B4
F7F
F4A
D6B
305
341
D35
4E0
0F8
1E6
F61
2BF
EFF
147
D0C
0EB
00A
04F
0C6
EE9
BA5
FBB
C52
F73
EC7
FED
1BD
25A
CF3
FE6
FC2
281
FBD
FCF
035
F4C
19F
341
E50
1AD
0F0
102
2A9
187
1A2
0C7
000
026
1FF
132
D39
3D8
15F
2D7
0B1
F2D
01C
182
E09
466
FBB
ED4
034
EAF
0A3
25B
ECE
07B
1E1
F9E
B73
25A
1A3
04C
166
E08
FD5
089
0DD
09F
0ED
13D
095
2A2
243
082
F1D
243
0FF
03B
010
04A
323
D37
00D
C8C
024
0E1
028
E3E
F7F
C1C
238
0EC
070
FD6
246
122
00E
021
E24
DBD
0FF
E30
F58
CA2
27D
058
EAC
127
FFC
EE1
ECA
E6C
EC3
0B5
39C
1E5
303
150
258
22E
FD1
06F
079
242
02F
E0F
F52
F83
1B2
C47
2CC
0E6
041
07B
27E
FDB
124
F6E
232
0CD
04A
166
47A
261
FE0
071
F3D
1AE
F0D
E79
FC9
2DB
E29
0FF
07B
0FB
FB8
0D5
F11
E7F
07B
FA8
FB6
059
10B
1A2
F93
F9F
D42
EAB
016
15F
EA8
F17
F7D
D7B
097
046
0AD
F35
1A3
139
F40
10C
FFB
F4F
D26
F0C
F2D
D68
47F
094
20B
0EE
D51
2B1
F45
07C
2CC
CD2
F74
154
EDD
541
E8C
EE7
1CC
1D2
EDC
021
EF3
0F4
090
177
F95
FCD
105
D82
FCB
14F
EB3
F30
28F
1B2
069
0C9
2B3
F6F
FA2
F58
028
185
C09
3C6
F6E
2B7
E2A
003
10C
098
FF7
0F3
FB5
E12
F01
EFC
E14
E6D
20D
F71
DE9
1AC
08C
F9C
CC4
FED
007
F80
304
2B7
F4B
F72
FAB
170
E5D
EE6
DE8
FC9
138
FE2
032
2FE
E91
EE9
168
FCA
0EF
FD4
037
E7E
163
EAE
1D5
242
017
368
BDC
074
FB2
FA1
021
EC9
0DC
C94
F77
06A
FBC
CF0
039
215
04A
083
D96
183
D23
EA3
E8C
02A
0F0
11F
276
137
D7B
F2B
391
F7E
06B
33D
F1E
DB9
F3C
D9B
26D
0B1
0D6
61C
0A5
E3F
2C8
0A8
F3E
010
040
110
D31
04E
D2A
058
30B
FB5
208
125
181
080
0A7
D16
E8E
036
CB1
20A
EDC
B9E
FAA
DB3
F87
E15
F78
15A
E6C
E5D
0FC
0BB
079
E36
080
E93
EC6
13C
DA7
0B4
F9E
11B
D63
F31
F5C
09F
422
F6A
0D1
FD7
119
104
DBF
161
F9C
EE3
5E2
0F9
DE3
E37
EF1
D98
20E
F45
D15
084
E8C
065
F54
0F3
FDB
110
307
DEF
003
001
060
064
E76
C31
D87
0C4
E3D
D1D
1C7
037
F9F
F53
216
111
396
196
204
CB4
085
086
F5D
284
F3A
18E
E8D
084
F52
0CE
FBB
E20
32C
FE8
2BE
F4B
FEF
08C
DCA
239
F58
1B4
19D
092
2E6
F87
034
0DA
D71
0FB
252
F56
01C
39E
174
16B
0D8
033
404
08F
184
015
3BC
E6F
F50
CA7
06B
16A
334
FB3
0B8
050
D7F
36A
055
FB0
20F
0A3
03E
1C5
4E7
FE2
EC0
F2B
028
04E
FC9
0C9
083
25A
F5E
034
E2C
EB3
08E
E53
F16
F22
D86
072
181
DFB
06A
076
CC9
063
ED0
1B9
193
F67
147
F0F
266
9CD
FF2
F43
1C9
D7C
E05
E2B
EE0
0E8
131
1F0
18B
EE0
BC7
F01
039
318
0B6
FD1
190
F98
EDD
243
163
F1A
A90
130
F53
FC4
FCF
FB6
0BD
F71
F9E
0A6
0EB
C87
045
0AC
001
D8E
E6C
F6B
CA8
F19
DF2
FD6
F92
F1C
16D
F90
F72
A8E
179
F4C
F0B
E50
F46
CC9
2C5
372
242
013
FA4
FB2
F23
F78
0A9
01C
C3C
232
035
3F5
E0C
F1F
E44
023
30E
0CA
E99
E41
084
FC9
D31
F33
03A
131
07D
E20
F01
EA4
014
F2B
DBE
0E7
204
112
113
F42
0AA
E88
296
153
E91
DEF
E44
ECB
011
F89
E3C
07A
2F9
00C
074
016
107
F11
F32
057
05B
D81
068
330
151
03B
190
26C
E16
CFD
189
F52
E7F
10A
065
D53
F4F
034
FEF
FEB
05B
F28
0F2
EDB
F41
077
FE9
F00
0A8
DCB
12C
FD7
E1B
066
0F2
06A
FCB
FC9
F06
0CF
250
FE1
301
EF7
000
E9D
D49
DFF
1CC
F0F
021
D5C
01D
2D8
21F
F4E
187
027
20A
04A
0D4
EF2
F18
FFD
EFC
16F
023
229
333
E31
277
0DD
DB3
FD4
1E0
0CE
25B
FC3
01C
30A
F85
EE2
214
16E
2E5
D0B
0EF
07D
176
F5C
F59
F97
E5B
F5C
0C8
0E3
1A5
E23
39A
E2C
FC7
F91
FAE
04D
0F2
259
EF0
CCD
174
04A
0D9
E96
239
0D5
175
2F9
FA3
E00
09F
E47
E52
DAD
EEB
DE1
3F4
E90
0AE
DF7
EAA
CB4
036
010
056
E18
F0E
023
242
F31
E6D
039
E82
10A
035
0A6
D62
041
F63
06E
209
D3B
CD1
14D
0E2
079
ECB
CC7
073
C1E
FAB
159
255
01C
114
ED4
323
209
DD9
F9F
0B5
E49
F83
0DA
F05
2DB
E3B
3E9
1CA
092
237
351
176
305
CF2
0DC
F3F
02B
E35
03A
320
05D
2B2
04A
0E7
286
DF9
E57
159
E70
03E
DE9
E51
2B9
08D
E17
084
008
099
162
100
E91
E7C
D9B
130
F70
2F4
D74
1CC
1B3
EE5
E02
DF2
12A
19F
D3F
053
08E
E41
03D
DA0
1C2
013
E89
EA8
EE9
128
F24
FD8
DCB
DA4
D77
F19
DAB
302
EB5
DA5
FD3
04E
FA5
08E
F2E
F17
FB5
E0E
1FB
014
BDB
E22
21A
0F4
00A
210
1CD
043
F22
09A
FFC
D23
0CD
206
025
F18
FEE
E6E
024
150
F6A
22D
2ED
2D2
1E2
D97
E98
FAB
1D5
0FF
E1C
E9B
296
02F
FD3
